ISO-10303-21;
HEADER;
FILE_DESCRIPTION((''),'2;1');
FILE_NAME('259','2021-05-18T22:35:44',('Administrator'),(''),
'CREO PARAMETRIC BY PTC INC, 2016510','CREO PARAMETRIC BY PTC INC, 2016510','');
FILE_SCHEMA(('CONFIG_CONTROL_DESIGN','GEOMETRIC_VALIDATION_PROPERTIES_MIM'));
ENDSEC;
DATA;
#29=DIRECTION('',(0.E0,0.E0,-1.E0));
#30=VECTOR('',#29,2.E-2);
#31=CARTESIAN_POINT('',(-1.3116E0,-8.78E-2,-3.1E0));
#32=LINE('',#31,#30);
#33=DIRECTION('',(0.E0,1.E0,0.E0));
#34=VECTOR('',#33,3.23E0);
#35=CARTESIAN_POINT('',(-2.8E0,-1.615E0,-3.1E0));
#36=LINE('',#35,#34);
#37=DIRECTION('',(1.E0,0.E0,0.E0));
#38=VECTOR('',#37,5.6E0);
#39=CARTESIAN_POINT('',(-2.8E0,-1.615E0,-3.1E0));
#40=LINE('',#39,#38);
#41=DIRECTION('',(0.E0,-1.E0,0.E0));
#42=VECTOR('',#41,3.23E0);
#43=CARTESIAN_POINT('',(2.8E0,1.615E0,-3.1E0));
#44=LINE('',#43,#42);
#45=DIRECTION('',(-1.E0,0.E0,0.E0));
#46=VECTOR('',#45,5.6E0);
#47=CARTESIAN_POINT('',(2.8E0,1.615E0,-3.1E0));
#48=LINE('',#47,#46);
#49=DIRECTION('',(-1.E0,0.E0,0.E0));
#50=VECTOR('',#49,7.E-1);
#51=CARTESIAN_POINT('',(-1.9E0,5.15E-1,-3.1E0));
#52=LINE('',#51,#50);
#53=DIRECTION('',(0.E0,-1.E0,0.E0));
#54=VECTOR('',#53,3.E-1);
#55=CARTESIAN_POINT('',(-2.6E0,8.15E-1,-3.1E0));
#56=LINE('',#55,#54);
#57=DIRECTION('',(-1.E0,0.E0,0.E0));
#58=VECTOR('',#57,7.E-1);
#59=CARTESIAN_POINT('',(-1.9E0,8.15E-1,-3.1E0));
#60=LINE('',#59,#58);
#61=DIRECTION('',(0.E0,-1.E0,0.E0));
#62=VECTOR('',#61,3.E-1);
#63=CARTESIAN_POINT('',(-1.9E0,8.15E-1,-3.1E0));
#64=LINE('',#63,#62);
#65=DIRECTION('',(-1.E0,0.E0,0.E0));
#66=VECTOR('',#65,7.E-1);
#67=CARTESIAN_POINT('',(2.6E0,5.15E-1,-3.1E0));
#68=LINE('',#67,#66);
#69=DIRECTION('',(0.E0,-1.E0,0.E0));
#70=VECTOR('',#69,3.E-1);
#71=CARTESIAN_POINT('',(1.9E0,8.15E-1,-3.1E0));
#72=LINE('',#71,#70);
#73=DIRECTION('',(-1.E0,0.E0,0.E0));
#74=VECTOR('',#73,7.E-1);
#75=CARTESIAN_POINT('',(2.6E0,8.15E-1,-3.1E0));
#76=LINE('',#75,#74);
#77=DIRECTION('',(0.E0,-1.E0,0.E0));
#78=VECTOR('',#77,3.E-1);
#79=CARTESIAN_POINT('',(2.6E0,8.15E-1,-3.1E0));
#80=LINE('',#79,#78);
#81=DIRECTION('',(0.E0,1.E0,0.E0));
#82=VECTOR('',#81,6.002E-1);
#83=CARTESIAN_POINT('',(-1.3116E0,-6.88E-1,-3.1E0));
#84=LINE('',#83,#82);
#85=DIRECTION('',(1.E0,0.E0,0.E0));
#86=VECTOR('',#85,4.5015E-1);
#87=CARTESIAN_POINT('',(-1.3116E0,-8.78E-2,-3.1E0));
#88=LINE('',#87,#86);
#89=DIRECTION('',(0.E0,-1.E0,0.E0));
#90=VECTOR('',#89,7.662127640545E-2);
#91=CARTESIAN_POINT('',(-8.6145E-1,-8.78E-2,-3.1E0));
#92=LINE('',#91,#90);
#93=DIRECTION('',(-1.E0,0.E0,0.E0));
#94=VECTOR('',#93,3.75125E-1);
#95=CARTESIAN_POINT('',(-8.6145E-1,-1.644212764055E-1,-3.1E0));
#96=LINE('',#95,#94);
#97=DIRECTION('',(0.E0,-1.E0,0.E0));
#98=VECTOR('',#97,5.235787235945E-1);
#99=CARTESIAN_POINT('',(-1.236575E0,-1.644212764055E-1,-3.1E0));
#100=LINE('',#99,#98);
#101=DIRECTION('',(-1.E0,0.E0,0.E0));
#102=VECTOR('',#101,7.5025E-2);
#103=CARTESIAN_POINT('',(-1.236575E0,-6.88E-1,-3.1E0));
#104=LINE('',#103,#102);
#105=DIRECTION('',(-1.E0,0.E0,0.E0));
#106=VECTOR('',#105,7.5025E-2);
#107=CARTESIAN_POINT('',(-2.737541905165E-1,-2.410425528109E-1,-3.1E0));
#108=LINE('',#107,#106);
#109=DIRECTION('',(-3.102789952956E-1,9.506455412394E-1,0.E0));
#110=VECTOR('',#109,4.029959860848E-2);
#111=CARTESIAN_POINT('',(-3.487791905165E-1,-2.410425528109E-1,-3.1E0));
#112=LINE('',#111,#110);
#113=DIRECTION('',(-8.265991871191E-1,5.627910658976E-1,0.E0));
#114=VECTOR('',#113,4.538172863530E-2);
#115=CARTESIAN_POINT('',(-3.612833094835E-1,-2.027319190800E-1,-3.1E0));
#116=LINE('',#115,#114);
#117=DIRECTION('',(-9.689177459678E-1,2.473831068378E-1,0.E0));
#118=VECTOR('',#117,5.162119356841E-2);
#119=CARTESIAN_POINT('',(-3.987958094835E-1,-1.771914876491E-1,-3.1E0));
#120=LINE('',#119,#118);
#121=DIRECTION('',(-1.E0,0.E0,0.E0));
#122=VECTOR('',#121,1.125375E-1);
#123=CARTESIAN_POINT('',(-4.488125E-1,-1.644212764055E-1,-3.1E0));
#124=LINE('',#123,#122);
#125=DIRECTION('',(-9.689177459678E-1,-2.473831068378E-1,0.E0));
#126=VECTOR('',#125,5.162119356841E-2);
#127=CARTESIAN_POINT('',(-5.6135E-1,-1.644212764055E-1,-3.1E0));
#128=LINE('',#127,#126);
#129=DIRECTION('',(-8.265991871191E-1,-5.627910658975E-1,0.E0));
#130=VECTOR('',#129,4.538172863530E-2);
#131=CARTESIAN_POINT('',(-6.113666905165E-1,-1.771914876491E-1,-3.1E0));
#132=LINE('',#131,#130);
#133=DIRECTION('',(-5.466221810895E-1,-8.373793591563E-1,0.E0));
#134=VECTOR('',#133,4.575063059769E-2);
#135=CARTESIAN_POINT('',(-6.488791905165E-1,-2.027319190800E-1,-3.1E0));
#136=LINE('',#135,#134);
#137=DIRECTION('',(-2.377717803411E-1,-9.713210491251E-1,0.E0));
#138=VECTOR('',#137,5.258904357167E-2);
#139=CARTESIAN_POINT('',(-6.738875E-1,-2.410425528109E-1,-3.1E0));
#140=LINE('',#139,#138);
#141=DIRECTION('',(0.E0,-1.E0,0.E0));
#142=VECTOR('',#141,1.915531865418E-1);
#143=CARTESIAN_POINT('',(-6.863916905165E-1,-2.921233977854E-1,-3.1E0));
#144=LINE('',#143,#142);
#145=DIRECTION('',(2.377717803411E-1,-9.713210491251E-1,0.E0));
#146=VECTOR('',#145,5.258904357167E-2);
#147=CARTESIAN_POINT('',(-6.863916905165E-1,-4.836765843272E-1,-3.1E0));
#148=LINE('',#147,#146);
#149=DIRECTION('',(5.466218231676E-1,-8.373795927994E-1,0.E0));
#150=VECTOR('',#149,4.575066055470E-2);
#151=CARTESIAN_POINT('',(-6.738875E-1,-5.347574293017E-1,-3.1E0));
#152=LINE('',#151,#150);
#153=DIRECTION('',(8.265992787996E-1,-5.627909312417E-1,0.E0));
#154=VECTOR('',#153,4.538172360188E-2);
#155=CARTESIAN_POINT('',(-6.488791905165E-1,-5.730680988073E-1,-3.1E0));
#156=LINE('',#155,#154);
#157=DIRECTION('',(9.689177459678E-1,-2.473831068378E-1,0.E0));
#158=VECTOR('',#157,5.162119356841E-2);
#159=CARTESIAN_POINT('',(-6.113666905165E-1,-5.986085212946E-1,-3.1E0));
#160=LINE('',#159,#158);
#161=DIRECTION('',(1.E0,0.E0,0.E0));
#162=VECTOR('',#161,1.125375E-1);
#163=CARTESIAN_POINT('',(-5.6135E-1,-6.113787325382E-1,-3.1E0));
#164=LINE('',#163,#162);
#165=DIRECTION('',(9.689177459678E-1,2.473831068378E-1,0.E0));
#166=VECTOR('',#165,5.162119356841E-2);
#167=CARTESIAN_POINT('',(-4.488125E-1,-6.113787325382E-1,-3.1E0));
#168=LINE('',#167,#166);
#169=DIRECTION('',(8.265992787996E-1,5.627909312417E-1,0.E0));
#170=VECTOR('',#169,4.538172360188E-2);
#171=CARTESIAN_POINT('',(-3.987958094835E-1,-5.986085212946E-1,-3.1E0));
#172=LINE('',#171,#170);
#173=DIRECTION('',(3.102787334496E-1,9.506456267027E-1,0.E0));
#174=VECTOR('',#173,4.029963261755E-2);
#175=CARTESIAN_POINT('',(-3.612833094835E-1,-5.730680988073E-1,-3.1E0));
#176=LINE('',#175,#174);
#177=DIRECTION('',(1.E0,0.E0,0.E0));
#178=VECTOR('',#177,7.5025E-2);
#179=CARTESIAN_POINT('',(-3.487791905165E-1,-5.347574293017E-1,-3.1E0));
#180=LINE('',#179,#178);
#181=DIRECTION('',(-1.921820436730E-1,-9.813592930674E-1,0.E0));
#182=VECTOR('',#181,6.506392963711E-2);
#183=CARTESIAN_POINT('',(-2.737541905165E-1,-5.347574293017E-1,-3.1E0));
#184=LINE('',#183,#182);
#185=DIRECTION('',(-6.996250055017E-1,-7.145102180353E-1,0.E0));
#186=VECTOR('',#185,7.149071305793E-2);
#187=CARTESIAN_POINT('',(-2.862583094835E-1,-5.986085212946E-1,-3.1E0));
#188=LINE('',#187,#186);
#189=DIRECTION('',(-8.906053746977E-1,-4.547769415434E-1,0.E0));
#190=VECTOR('',#189,5.616032862304E-2);
#191=CARTESIAN_POINT('',(-3.36275E-1,-6.496893662691E-1,-3.1E0));
#192=LINE('',#191,#190);
#193=DIRECTION('',(-9.797706943097E-1,-2.001234283435E-1,0.E0));
#194=VECTOR('',#193,6.381167537122E-2);
#195=CARTESIAN_POINT('',(-3.862916905165E-1,-6.752297887564E-1,-3.1E0));
#196=LINE('',#195,#194);
#197=DIRECTION('',(-1.E0,0.E0,0.E0));
#198=VECTOR('',#197,1.125375E-1);
#199=CARTESIAN_POINT('',(-4.488125E-1,-6.88E-1,-3.1E0));
#200=LINE('',#199,#198);
#201=DIRECTION('',(-9.797706943097E-1,2.001234283435E-1,0.E0));
#202=VECTOR('',#201,6.381167537122E-2);
#203=CARTESIAN_POINT('',(-5.6135E-1,-6.88E-1,-3.1E0));
#204=LINE('',#203,#202);
#205=DIRECTION('',(-8.906053746977E-1,4.547769415434E-1,0.E0));
#206=VECTOR('',#205,5.616032862304E-2);
#207=CARTESIAN_POINT('',(-6.238708094835E-1,-6.752297887564E-1,-3.1E0));
#208=LINE('',#207,#206);
#209=DIRECTION('',(-6.996247500295E-1,7.145104681851E-1,0.E0));
#210=VECTOR('',#209,7.149068802905E-2);
#211=CARTESIAN_POINT('',(-6.738875E-1,-6.496893662691E-1,-3.1E0));
#212=LINE('',#211,#210);
#213=DIRECTION('',(-4.397136649566E-1,8.981380143666E-1,0.E0));
#214=VECTOR('',#213,5.687415982558E-2);
#215=CARTESIAN_POINT('',(-7.239041547418E-1,-5.986085212946E-1,-3.1E0));
#216=LINE('',#215,#214);
#217=DIRECTION('',(-1.921825732045E-1,9.813591893677E-1,0.E0));
#218=VECTOR('',#217,6.506393651237E-2);
#219=CARTESIAN_POINT('',(-7.489125E-1,-5.475276763201E-1,-3.1E0));
#220=LINE('',#219,#218);
#221=DIRECTION('',(0.E0,1.E0,0.E0));
#222=VECTOR('',#221,1.915531865418E-1);
#223=CARTESIAN_POINT('',(-7.614166547418E-1,-4.836765843272E-1,-3.1E0));
#224=LINE('',#223,#222);
#225=DIRECTION('',(1.921826769043E-1,9.813591690599E-1,0.E0));
#226=VECTOR('',#225,6.506390140453E-2);
#227=CARTESIAN_POINT('',(-7.614166547418E-1,-2.921233977854E-1,-3.1E0));
#228=LINE('',#227,#226);
#229=DIRECTION('',(4.397136028534E-1,8.981380447713E-1,0.E0));
#230=VECTOR('',#229,5.687416785824E-2);
#231=CARTESIAN_POINT('',(-7.489125E-1,-2.282723415673E-1,-3.1E0));
#232=LINE('',#231,#230);
#233=DIRECTION('',(6.996247187608E-1,7.145104988025E-1,0.E0));
#234=VECTOR('',#233,7.149069122423E-2);
#235=CARTESIAN_POINT('',(-7.239041547418E-1,-1.771914876491E-1,-3.1E0));
#236=LINE('',#235,#234);
#237=DIRECTION('',(8.906053505096E-1,4.547769889117E-1,0.E0));
#238=VECTOR('',#237,5.616033014831E-2);
#239=CARTESIAN_POINT('',(-6.738875E-1,-1.261106382027E-1,-3.1E0));
#240=LINE('',#239,#238);
#241=DIRECTION('',(9.797706908745E-1,2.001234451615E-1,0.E0));
#242=VECTOR('',#241,6.381167559495E-2);
#243=CARTESIAN_POINT('',(-6.238708094835E-1,-1.005702123616E-1,-3.1E0));
#244=LINE('',#243,#242);
#245=DIRECTION('',(1.E0,0.E0,0.E0));
#246=VECTOR('',#245,1.125375E-1);
#247=CARTESIAN_POINT('',(-5.6135E-1,-8.78E-2,-3.1E0));
#248=LINE('',#247,#246);
#249=DIRECTION('',(9.797706908745E-1,-2.001234451615E-1,0.E0));
#250=VECTOR('',#249,6.381167559495E-2);
#251=CARTESIAN_POINT('',(-4.488125E-1,-8.78E-2,-3.1E0));
#252=LINE('',#251,#250);
#253=DIRECTION('',(8.906053505096E-1,-4.547769889117E-1,0.E0));
#254=VECTOR('',#253,5.616033014831E-2);
#255=CARTESIAN_POINT('',(-3.862916905165E-1,-1.005702123616E-1,-3.1E0));
#256=LINE('',#255,#254);
#257=DIRECTION('',(6.996249742329E-1,-7.145102486526E-1,0.E0));
#258=VECTOR('',#257,7.149071625310E-2);
#259=CARTESIAN_POINT('',(-3.36275E-1,-1.261106382027E-1,-3.1E0));
#260=LINE('',#259,#258);
#261=DIRECTION('',(1.921821214477E-1,-9.813592778365E-1,0.E0));
#262=VECTOR('',#261,6.506390330623E-2);
#263=CARTESIAN_POINT('',(-2.862583094835E-1,-1.771914876491E-1,-3.1E0));
#264=LINE('',#263,#262);
#265=DIRECTION('',(-1.E0,0.E0,0.E0));
#266=VECTOR('',#265,3.75125E-1);
#267=CARTESIAN_POINT('',(2.764291189671E-1,-1.644212764055E-1,-3.1E0));
#268=LINE('',#267,#266);
#269=DIRECTION('',(0.E0,-1.E0,0.E0));
#270=VECTOR('',#269,2.043234067291E-1);
#271=CARTESIAN_POINT('',(-9.869588103294E-2,-1.644212764055E-1,-3.1E0));
#272=LINE('',#271,#270);
#273=DIRECTION('',(1.E0,0.E0,0.E0));
#274=VECTOR('',#273,3.251083810329E-1);
#275=CARTESIAN_POINT('',(-9.869588103294E-2,-3.687446831346E-1,-3.1E0));
#276=LINE('',#275,#274);
#277=DIRECTION('',(0.E0,-1.E0,0.E0));
#278=VECTOR('',#277,7.662126746178E-2);
#279=CARTESIAN_POINT('',(2.264125E-1,-3.687446831346E-1,-3.1E0));
#280=LINE('',#279,#278);
#281=DIRECTION('',(-1.E0,0.E0,0.E0));
#282=VECTOR('',#281,3.251083810329E-1);
#283=CARTESIAN_POINT('',(2.264125E-1,-4.453659505963E-1,-3.1E0));
#284=LINE('',#283,#282);
#285=DIRECTION('',(0.E0,-1.E0,0.E0));
#286=VECTOR('',#285,1.660127819419E-1);
#287=CARTESIAN_POINT('',(-9.869588103294E-2,-4.453659505963E-1,-3.1E0));
#288=LINE('',#287,#286);
#289=DIRECTION('',(1.E0,0.E0,0.E0));
#290=VECTOR('',#289,3.75125E-1);
#291=CARTESIAN_POINT('',(-9.869588103294E-2,-6.113787325382E-1,-3.1E0));
#292=LINE('',#291,#290);
#293=DIRECTION('',(0.E0,-1.E0,0.E0));
#294=VECTOR('',#293,7.662126746178E-2);
#295=CARTESIAN_POINT('',(2.764291189671E-1,-6.113787325382E-1,-3.1E0));
#296=LINE('',#295,#294);
#297=DIRECTION('',(-1.E0,0.E0,0.E0));
#298=VECTOR('',#297,4.501499284506E-1);
#299=CARTESIAN_POINT('',(2.764291189671E-1,-6.88E-1,-3.1E0));
#300=LINE('',#299,#298);
#301=DIRECTION('',(0.E0,1.E0,0.E0));
#302=VECTOR('',#301,6.002E-1);
#303=CARTESIAN_POINT('',(-1.737208094835E-1,-6.88E-1,-3.1E0));
#304=LINE('',#303,#302);
#305=DIRECTION('',(1.E0,0.E0,0.E0));
#306=VECTOR('',#305,4.501499284506E-1);
#307=CARTESIAN_POINT('',(-1.737208094835E-1,-8.78E-2,-3.1E0));
#308=LINE('',#307,#306);
#309=DIRECTION('',(0.E0,-1.E0,0.E0));
#310=VECTOR('',#309,7.662127640545E-2);
#311=CARTESIAN_POINT('',(2.764291189671E-1,-8.78E-2,-3.1E0));
#312=LINE('',#311,#310);
#313=DIRECTION('',(-1.E0,0.E0,0.E0));
#314=VECTOR('',#313,3.001E-1);
#315=CARTESIAN_POINT('',(6.765625E-1,-6.88E-1,-3.1E0));
#316=LINE('',#315,#314);
#317=DIRECTION('',(0.E0,1.E0,0.E0));
#318=VECTOR('',#317,6.002E-1);
#319=CARTESIAN_POINT('',(3.764625E-1,-6.88E-1,-3.1E0));
#320=LINE('',#319,#318);
#321=DIRECTION('',(1.E0,0.E0,0.E0));
#322=VECTOR('',#321,3.001E-1);
#323=CARTESIAN_POINT('',(3.764625E-1,-8.78E-2,-3.1E0));
#324=LINE('',#323,#322);
#325=DIRECTION('',(9.797707357802E-1,-2.001232253108E-1,0.E0));
#326=VECTOR('',#325,6.381174569698E-2);
#327=CARTESIAN_POINT('',(6.765625E-1,-8.78E-2,-3.1E0));
#328=LINE('',#327,#326);
#329=DIRECTION('',(8.906050870136E-1,-4.547775049247E-1,0.E0));
#330=VECTOR('',#329,5.616026642603E-2);
#331=CARTESIAN_POINT('',(7.390833810329E-1,-1.005702123616E-1,-3.1E0));
#332=LINE('',#331,#330);
#333=DIRECTION('',(6.996244632883E-1,-7.145107489524E-1,0.E0));
#334=VECTOR('',#333,7.149066619536E-2);
#335=CARTESIAN_POINT('',(7.891E-1,-1.261106382027E-1,-3.1E0));
#336=LINE('',#335,#334);
#337=DIRECTION('',(4.397141102494E-1,-8.981377963584E-1,0.E0));
#338=VECTOR('',#337,5.687418358887E-2);
#339=CARTESIAN_POINT('',(8.391166189671E-1,-1.771914876491E-1,-3.1E0));
#340=LINE('',#339,#338);
#341=DIRECTION('',(1.921821473726E-1,-9.813592727596E-1,0.E0));
#342=VECTOR('',#341,6.506389452926E-2);
#343=CARTESIAN_POINT('',(8.64125E-1,-2.282723415673E-1,-3.1E0));
#344=LINE('',#343,#342);
#345=DIRECTION('',(0.E0,-1.E0,0.E0));
#346=VECTOR('',#345,1.915531865418E-1);
#347=CARTESIAN_POINT('',(8.766291189671E-1,-2.921233977854E-1,-3.1E0));
#348=LINE('',#347,#346);
#349=DIRECTION('',(-1.921820436730E-1,-9.813592930674E-1,0.E0));
#350=VECTOR('',#349,6.506392963711E-2);
#351=CARTESIAN_POINT('',(8.766291189671E-1,-4.836765843272E-1,-3.1E0));
#352=LINE('',#351,#350);
#353=DIRECTION('',(-4.397141723527E-1,-8.981377659536E-1,0.E0));
#354=VECTOR('',#353,5.687417555622E-2);
#355=CARTESIAN_POINT('',(8.64125E-1,-5.475276763201E-1,-3.1E0));
#356=LINE('',#355,#354);
#357=DIRECTION('',(-6.996244945571E-1,-7.145107183351E-1,0.E0));
#358=VECTOR('',#357,7.149066300019E-2);
#359=CARTESIAN_POINT('',(8.391166189671E-1,-5.986085212946E-1,-3.1E0));
#360=LINE('',#359,#358);
#361=DIRECTION('',(-8.906051112017E-1,-4.547774575564E-1,0.E0));
#362=VECTOR('',#361,5.616026490076E-2);
#363=CARTESIAN_POINT('',(7.891E-1,-6.496893662691E-1,-3.1E0));
#364=LINE('',#363,#362);
#365=DIRECTION('',(-9.797707392153E-1,-2.001232084928E-1,0.E0));
#366=VECTOR('',#365,6.381174547325E-2);
#367=CARTESIAN_POINT('',(7.390833810329E-1,-6.752297887564E-1,-3.1E0));
#368=LINE('',#367,#366);
#369=DIRECTION('',(1.E0,0.E0,0.E0));
#370=VECTOR('',#369,2.25075E-1);
#371=CARTESIAN_POINT('',(4.514875E-1,-6.113787325382E-1,-3.1E0));
#372=LINE('',#371,#370);
#373=DIRECTION('',(9.689176611437E-1,2.473834390653E-1,0.E0));
#374=VECTOR('',#373,5.162112424292E-2);
#375=CARTESIAN_POINT('',(6.765625E-1,-6.113787325382E-1,-3.1E0));
#376=LINE('',#375,#374);
#377=DIRECTION('',(8.265992787996E-1,5.627909312417E-1,0.E0));
#378=VECTOR('',#377,4.538172360188E-2);
#379=CARTESIAN_POINT('',(7.265791189671E-1,-5.986085212946E-1,-3.1E0));
#380=LINE('',#379,#378);
#381=DIRECTION('',(5.466229197794E-1,8.373788769559E-1,0.E0));
#382=VECTOR('',#381,4.575069966521E-2);
#383=CARTESIAN_POINT('',(7.640916189671E-1,-5.730680988073E-1,-3.1E0));
#384=LINE('',#383,#382);
#385=DIRECTION('',(2.377704967206E-1,9.713213633444E-1,0.E0));
#386=VECTOR('',#385,5.258902655928E-2);
#387=CARTESIAN_POINT('',(7.891E-1,-5.347574293017E-1,-3.1E0));
#388=LINE('',#387,#386);
#389=DIRECTION('',(0.E0,1.E0,0.E0));
#390=VECTOR('',#389,1.915531865418E-1);
#391=CARTESIAN_POINT('',(8.016041189671E-1,-4.836765843272E-1,-3.1E0));
#392=LINE('',#391,#390);
#393=DIRECTION('',(-2.377704967206E-1,9.713213633444E-1,0.E0));
#394=VECTOR('',#393,5.258902655928E-2);
#395=CARTESIAN_POINT('',(8.016041189671E-1,-2.921233977854E-1,-3.1E0));
#396=LINE('',#395,#394);
#397=DIRECTION('',(-5.466232777014E-1,8.373786433120E-1,0.E0));
#398=VECTOR('',#397,4.575066970823E-2);
#399=CARTESIAN_POINT('',(7.891E-1,-2.410425528109E-1,-3.1E0));
#400=LINE('',#399,#398);
#401=DIRECTION('',(-8.265991871191E-1,5.627910658975E-1,0.E0));
#402=VECTOR('',#401,4.538172863530E-2);
#403=CARTESIAN_POINT('',(7.640916189671E-1,-2.027319190800E-1,-3.1E0));
#404=LINE('',#403,#402);
#405=DIRECTION('',(-9.689176611437E-1,2.473834390653E-1,0.E0));
#406=VECTOR('',#405,5.162112424292E-2);
#407=CARTESIAN_POINT('',(7.265791189671E-1,-1.771914876491E-1,-3.1E0));
#408=LINE('',#407,#406);
#409=DIRECTION('',(-1.E0,0.E0,0.E0));
#410=VECTOR('',#409,2.25075E-1);
#411=CARTESIAN_POINT('',(6.765625E-1,-1.644212764055E-1,-3.1E0));
#412=LINE('',#411,#410);
#413=DIRECTION('',(0.E0,-1.E0,0.E0));
#414=VECTOR('',#413,4.469574561328E-1);
#415=CARTESIAN_POINT('',(4.514875E-1,-1.644212764055E-1,-3.1E0));
#416=LINE('',#415,#414);
#417=DIRECTION('',(-1.E0,0.E0,0.E0));
#418=VECTOR('',#417,1.000332379341E-1);
#419=CARTESIAN_POINT('',(1.2767625E0,-6.88E-1,-3.1E0));
#420=LINE('',#419,#418);
#421=DIRECTION('',(-3.162279017271E-1,9.486832528138E-1,0.E0));
#422=VECTOR('',#421,6.326663807122E-1);
#423=CARTESIAN_POINT('',(1.176729262066E0,-6.88E-1,-3.1E0));
#424=LINE('',#423,#422);
#425=DIRECTION('',(1.E0,0.E0,0.E0));
#426=VECTOR('',#425,7.5025E-2);
#427=CARTESIAN_POINT('',(9.766625E-1,-8.78E-2,-3.1E0));
#428=LINE('',#427,#426);
#429=DIRECTION('',(3.102805670740E-1,-9.506450282288E-1,0.E0));
#430=VECTOR('',#429,1.611985002398E-1);
#431=CARTESIAN_POINT('',(1.0516875E0,-8.78E-2,-3.1E0));
#432=LINE('',#431,#430);
#433=DIRECTION('',(1.E0,0.E0,0.E0));
#434=VECTOR('',#433,2.500832379341E-1);
#435=CARTESIAN_POINT('',(1.101704262066E0,-2.410425528109E-1,-3.1E0));
#436=LINE('',#435,#434);
#437=DIRECTION('',(3.102805670740E-1,9.506450282288E-1,0.E0));
#438=VECTOR('',#437,1.611985002398E-1);
#439=CARTESIAN_POINT('',(1.3517875E0,-2.410425528109E-1,-3.1E0));
#440=LINE('',#439,#438);
#441=DIRECTION('',(1.E0,0.E0,0.E0));
#442=VECTOR('',#441,7.5025E-2);
#443=CARTESIAN_POINT('',(1.401804262066E0,-8.78E-2,-3.1E0));
#444=LINE('',#443,#442);
#445=DIRECTION('',(-3.162279017271E-1,-9.486832528138E-1,0.E0));
#446=VECTOR('',#445,6.326663807122E-1);
#447=CARTESIAN_POINT('',(1.476829262066E0,-8.78E-2,-3.1E0));
#448=LINE('',#447,#446);
#449=DIRECTION('',(3.102800213276E-1,9.506452063546E-1,0.E0));
#450=VECTOR('',#449,3.626965716918E-1);
#451=CARTESIAN_POINT('',(1.226745737934E0,-6.369191550255E-1,-3.1E0));
#452=LINE('',#451,#450);
#453=DIRECTION('',(-1.E0,0.E0,0.E0));
#454=VECTOR('',#453,2.25075E-1);
#455=CARTESIAN_POINT('',(1.339283237934E0,-2.921233977854E-1,-3.1E0));
#456=LINE('',#455,#454);
#457=DIRECTION('',(3.102800213276E-1,-9.506452063546E-1,0.E0));
#458=VECTOR('',#457,3.626965716918E-1);
#459=CARTESIAN_POINT('',(1.114208237934E0,-2.921233977854E-1,-3.1E0));
#460=LINE('',#459,#458);
#461=CARTESIAN_POINT('',(-2.8E0,1.615E0,2.8E0));
#462=DIRECTION('',(0.E0,1.E0,0.E0));
#463=DIRECTION('',(-1.E0,0.E0,0.E0));
#464=AXIS2_PLACEMENT_3D('',#461,#462,#463);
#466=CARTESIAN_POINT('',(-2.8E0,1.615E0,-2.8E0));
#467=DIRECTION('',(0.E0,1.E0,0.E0));
#468=DIRECTION('',(0.E0,0.E0,-1.E0));
#469=AXIS2_PLACEMENT_3D('',#466,#467,#468);
#471=CARTESIAN_POINT('',(2.8E0,1.615E0,-2.8E0));
#472=DIRECTION('',(0.E0,1.E0,0.E0));
#473=DIRECTION('',(1.E0,0.E0,0.E0));
#474=AXIS2_PLACEMENT_3D('',#471,#472,#473);
#476=DIRECTION('',(0.E0,0.E0,1.E0));
#477=VECTOR('',#476,5.6E0);
#478=CARTESIAN_POINT('',(3.1E0,1.615E0,-2.8E0));
#479=LINE('',#478,#477);
#480=CARTESIAN_POINT('',(2.8E0,1.615E0,2.8E0));
#481=DIRECTION('',(0.E0,1.E0,0.E0));
#482=DIRECTION('',(0.E0,0.E0,1.E0));
#483=AXIS2_PLACEMENT_3D('',#480,#481,#482);
#485=DIRECTION('',(-1.E0,0.E0,0.E0));
#486=VECTOR('',#485,1.8E0);
#487=CARTESIAN_POINT('',(9.E-1,1.615E0,1.3E0));
#488=LINE('',#487,#486);
#489=DIRECTION('',(0.E0,0.E0,1.E0));
#490=VECTOR('',#489,2.8E0);
#491=CARTESIAN_POINT('',(-9.E-1,1.615E0,-1.5E0));
#492=LINE('',#491,#490);
#493=DIRECTION('',(1.E0,0.E0,0.E0));
#494=VECTOR('',#493,1.8E0);
#495=CARTESIAN_POINT('',(-9.E-1,1.615E0,-1.5E0));
#496=LINE('',#495,#494);
#497=DIRECTION('',(0.E0,0.E0,1.E0));
#498=VECTOR('',#497,2.8E0);
#499=CARTESIAN_POINT('',(9.E-1,1.615E0,-1.5E0));
#500=LINE('',#499,#498);
#501=DIRECTION('',(1.E0,0.E0,0.E0));
#502=VECTOR('',#501,1.8E0);
#503=CARTESIAN_POINT('',(-9.E-1,1.615E0,2.1E0));
#504=LINE('',#503,#502);
#505=DIRECTION('',(0.E0,0.E0,1.E0));
#506=VECTOR('',#505,5.E-1);
#507=CARTESIAN_POINT('',(9.E-1,1.615E0,2.1E0));
#508=LINE('',#507,#506);
#509=DIRECTION('',(1.E0,0.E0,0.E0));
#510=VECTOR('',#509,2.E-1);
#511=CARTESIAN_POINT('',(1.1E0,1.615E0,2.8E0));
#512=LINE('',#511,#510);
#513=DIRECTION('',(0.E0,0.E0,-1.E0));
#514=VECTOR('',#513,3.E-1);
#515=CARTESIAN_POINT('',(1.5E0,1.615E0,2.6E0));
#516=LINE('',#515,#514);
#517=CARTESIAN_POINT('',(1.7E0,1.615E0,2.3E0));
#518=DIRECTION('',(0.E0,1.E0,0.E0));
#519=DIRECTION('',(0.E0,0.E0,-1.E0));
#520=AXIS2_PLACEMENT_3D('',#517,#518,#519);
#522=DIRECTION('',(1.E0,0.E0,0.E0));
#523=VECTOR('',#522,1.05E0);
#524=CARTESIAN_POINT('',(1.7E0,1.615E0,2.1E0));
#525=LINE('',#524,#523);
#526=DIRECTION('',(0.E0,0.E0,-1.E0));
#527=VECTOR('',#526,4.E-1);
#528=CARTESIAN_POINT('',(2.95E0,1.615E0,1.9E0));
#529=LINE('',#528,#527);
#530=DIRECTION('',(-1.E0,0.E0,0.E0));
#531=VECTOR('',#530,1.05E0);
#532=CARTESIAN_POINT('',(2.75E0,1.615E0,1.3E0));
#533=LINE('',#532,#531);
#534=CARTESIAN_POINT('',(1.7E0,1.615E0,1.1E0));
#535=DIRECTION('',(0.E0,1.E0,0.E0));
#536=DIRECTION('',(-1.E0,0.E0,0.E0));
#537=AXIS2_PLACEMENT_3D('',#534,#535,#536);
#539=DIRECTION('',(0.E0,0.E0,-1.E0));
#540=VECTOR('',#539,2.4E0);
#541=CARTESIAN_POINT('',(1.5E0,1.615E0,1.1E0));
#542=LINE('',#541,#540);
#543=CARTESIAN_POINT('',(1.7E0,1.615E0,-1.3E0));
#544=DIRECTION('',(0.E0,1.E0,0.E0));
#545=DIRECTION('',(0.E0,0.E0,-1.E0));
#546=AXIS2_PLACEMENT_3D('',#543,#544,#545);
#548=DIRECTION('',(1.E0,0.E0,0.E0));
#549=VECTOR('',#548,1.05E0);
#550=CARTESIAN_POINT('',(1.7E0,1.615E0,-1.5E0));
#551=LINE('',#550,#549);
#552=DIRECTION('',(0.E0,0.E0,-1.E0));
#553=VECTOR('',#552,4.E-1);
#554=CARTESIAN_POINT('',(2.95E0,1.615E0,-1.7E0));
#555=LINE('',#554,#553);
#556=DIRECTION('',(-1.E0,0.E0,0.E0));
#557=VECTOR('',#556,1.05E0);
#558=CARTESIAN_POINT('',(2.75E0,1.615E0,-2.3E0));
#559=LINE('',#558,#557);
#560=CARTESIAN_POINT('',(1.7E0,1.615E0,-2.5E0));
#561=DIRECTION('',(0.E0,1.E0,0.E0));
#562=DIRECTION('',(-1.E0,0.E0,0.E0));
#563=AXIS2_PLACEMENT_3D('',#560,#561,#562);
#565=DIRECTION('',(0.E0,0.E0,-1.E0));
#566=VECTOR('',#565,3.E-1);
#567=CARTESIAN_POINT('',(1.5E0,1.615E0,-2.5E0));
#568=LINE('',#567,#566);
#569=DIRECTION('',(-1.E0,0.E0,0.E0));
#570=VECTOR('',#569,2.E-1);
#571=CARTESIAN_POINT('',(1.3E0,1.615E0,-3.E0));
#572=LINE('',#571,#570);
#573=DIRECTION('',(0.E0,0.E0,1.E0));
#574=VECTOR('',#573,5.E-1);
#575=CARTESIAN_POINT('',(9.E-1,1.615E0,-2.8E0));
#576=LINE('',#575,#574);
#577=DIRECTION('',(-1.E0,0.E0,0.E0));
#578=VECTOR('',#577,1.8E0);
#579=CARTESIAN_POINT('',(9.E-1,1.615E0,-2.3E0));
#580=LINE('',#579,#578);
#581=DIRECTION('',(0.E0,0.E0,1.E0));
#582=VECTOR('',#581,5.E-1);
#583=CARTESIAN_POINT('',(-9.E-1,1.615E0,-2.8E0));
#584=LINE('',#583,#582);
#585=DIRECTION('',(1.E0,0.E0,0.E0));
#586=VECTOR('',#585,2.E-1);
#587=CARTESIAN_POINT('',(-1.3E0,1.615E0,-3.E0));
#588=LINE('',#587,#586);
#589=DIRECTION('',(0.E0,0.E0,-1.E0));
#590=VECTOR('',#589,3.E-1);
#591=CARTESIAN_POINT('',(-1.5E0,1.615E0,-2.5E0));
#592=LINE('',#591,#590);
#593=CARTESIAN_POINT('',(-1.7E0,1.615E0,-2.5E0));
#594=DIRECTION('',(0.E0,1.E0,0.E0));
#595=DIRECTION('',(0.E0,0.E0,1.E0));
#596=AXIS2_PLACEMENT_3D('',#593,#594,#595);
#598=DIRECTION('',(1.E0,0.E0,0.E0));
#599=VECTOR('',#598,1.05E0);
#600=CARTESIAN_POINT('',(-2.75E0,1.615E0,-2.3E0));
#601=LINE('',#600,#599);
#602=DIRECTION('',(0.E0,0.E0,-1.E0));
#603=VECTOR('',#602,4.E-1);
#604=CARTESIAN_POINT('',(-2.95E0,1.615E0,-1.7E0));
#605=LINE('',#604,#603);
#606=DIRECTION('',(-1.E0,0.E0,0.E0));
#607=VECTOR('',#606,1.05E0);
#608=CARTESIAN_POINT('',(-1.7E0,1.615E0,-1.5E0));
#609=LINE('',#608,#607);
#610=CARTESIAN_POINT('',(-1.7E0,1.615E0,-1.3E0));
#611=DIRECTION('',(0.E0,1.E0,0.E0));
#612=DIRECTION('',(1.E0,0.E0,0.E0));
#613=AXIS2_PLACEMENT_3D('',#610,#611,#612);
#615=DIRECTION('',(0.E0,0.E0,-1.E0));
#616=VECTOR('',#615,2.4E0);
#617=CARTESIAN_POINT('',(-1.5E0,1.615E0,1.1E0));
#618=LINE('',#617,#616);
#619=CARTESIAN_POINT('',(-1.7E0,1.615E0,1.1E0));
#620=DIRECTION('',(0.E0,1.E0,0.E0));
#621=DIRECTION('',(0.E0,0.E0,1.E0));
#622=AXIS2_PLACEMENT_3D('',#619,#620,#621);
#624=DIRECTION('',(1.E0,0.E0,0.E0));
#625=VECTOR('',#624,1.05E0);
#626=CARTESIAN_POINT('',(-2.75E0,1.615E0,1.3E0));
#627=LINE('',#626,#625);
#628=DIRECTION('',(0.E0,0.E0,-1.E0));
#629=VECTOR('',#628,4.E-1);
#630=CARTESIAN_POINT('',(-2.95E0,1.615E0,1.9E0));
#631=LINE('',#630,#629);
#632=DIRECTION('',(-1.E0,0.E0,0.E0));
#633=VECTOR('',#632,1.05E0);
#634=CARTESIAN_POINT('',(-1.7E0,1.615E0,2.1E0));
#635=LINE('',#634,#633);
#636=CARTESIAN_POINT('',(-1.7E0,1.615E0,2.3E0));
#637=DIRECTION('',(0.E0,1.E0,0.E0));
#638=DIRECTION('',(1.E0,0.E0,0.E0));
#639=AXIS2_PLACEMENT_3D('',#636,#637,#638);
#641=DIRECTION('',(0.E0,0.E0,-1.E0));
#642=VECTOR('',#641,3.E-1);
#643=CARTESIAN_POINT('',(-1.5E0,1.615E0,2.6E0));
#644=LINE('',#643,#642);
#645=DIRECTION('',(-1.E0,0.E0,0.E0));
#646=VECTOR('',#645,2.E-1);
#647=CARTESIAN_POINT('',(-1.1E0,1.615E0,2.8E0));
#648=LINE('',#647,#646);
#649=DIRECTION('',(0.E0,0.E0,1.E0));
#650=VECTOR('',#649,5.E-1);
#651=CARTESIAN_POINT('',(-9.E-1,1.615E0,2.1E0));
#652=LINE('',#651,#650);
#653=DIRECTION('',(-6.080767864179E-1,0.E0,-7.938782159876E-1));
#654=VECTOR('',#653,8.729299641381E-2);
#655=CARTESIAN_POINT('',(2.259434037280E0,1.615E0,4.045250041306E-1));
#656=LINE('',#655,#654);
#657=DIRECTION('',(-2.473832314230E-1,0.E0,-9.689177141588E-1));
#658=VECTOR('',#657,7.152309722148E-2);
#659=CARTESIAN_POINT('',(2.206353192544E0,1.615E0,3.352249958694E-1));
#660=LINE('',#659,#658);
#661=DIRECTION('',(0.E0,0.E0,-1.E0));
#662=VECTOR('',#661,1.0395E-1);
#663=CARTESIAN_POINT('',(2.188659577632E0,1.615E0,2.65925E-1));
#664=LINE('',#663,#662);
#665=DIRECTION('',(2.473832729514E-1,0.E0,-9.689177035558E-1));
#666=VECTOR('',#665,7.152308521484E-2);
#667=CARTESIAN_POINT('',(2.188659577632E0,1.615E0,1.61975E-1));
#668=LINE('',#667,#666);
#669=DIRECTION('',(5.627909312417E-1,0.E0,-8.265992787996E-1));
#670=VECTOR('',#669,6.287810954236E-2);
#671=CARTESIAN_POINT('',(2.206353192544E0,1.615E0,9.267501652241E-2));
#672=LINE('',#671,#670);
#673=DIRECTION('',(8.373790012341E-1,0.E0,-5.466227293958E-1));
#674=VECTOR('',#673,6.338927135487E-2);
#675=CARTESIAN_POINT('',(2.241740422368E0,1.615E0,4.070001652241E-2));
#676=LINE('',#675,#674);
#677=DIRECTION('',(9.506453221247E-1,0.E0,-3.102796666273E-1));
#678=VECTOR('',#677,5.583667040098E-2);
#679=CARTESIAN_POINT('',(2.294821267104E0,1.615E0,6.05E-3));
#680=LINE('',#679,#678);
#681=DIRECTION('',(1.E0,0.E0,0.E0));
#682=VECTOR('',#681,3.538722982407E-2);
#683=CARTESIAN_POINT('',(2.347902136624E0,1.615E0,-1.127498347759E-2));
#684=LINE('',#683,#682);
#685=DIRECTION('',(9.506452793929E-1,0.E0,3.102797975506E-1));
#686=VECTOR('',#685,5.583664684055E-2);
#687=CARTESIAN_POINT('',(2.383289366448E0,1.615E0,-1.127498347759E-2));
#688=LINE('',#687,#686);
#689=DIRECTION('',(8.373790596451E-1,0.E0,5.466226399153E-1));
#690=VECTOR('',#689,6.338928173151E-2);
#691=CARTESIAN_POINT('',(2.436370211184E0,1.615E0,6.05E-3));
#692=LINE('',#691,#690);
#693=DIRECTION('',(5.627909312417E-1,0.E0,8.265992787996E-1));
#694=VECTOR('',#693,6.287810954236E-2);
#695=CARTESIAN_POINT('',(2.489451068312E0,1.615E0,4.070001652241E-2));
#696=LINE('',#695,#694);
#697=DIRECTION('',(2.473832729514E-1,0.E0,9.689177035558E-1));
#698=VECTOR('',#697,7.152308521484E-2);
#699=CARTESIAN_POINT('',(2.524838298136E0,1.615E0,9.267501652241E-2));
#700=LINE('',#699,#698);
#701=DIRECTION('',(0.E0,0.E0,1.E0));
#702=VECTOR('',#701,1.0395E-1);
#703=CARTESIAN_POINT('',(2.542531913048E0,1.615E0,1.61975E-1));
#704=LINE('',#703,#702);
#705=DIRECTION('',(-2.473832314230E-1,0.E0,9.689177141588E-1));
#706=VECTOR('',#705,7.152309722148E-2);
#707=CARTESIAN_POINT('',(2.542531913048E0,1.615E0,2.65925E-1));
#708=LINE('',#707,#706);
#709=DIRECTION('',(-5.627909312417E-1,0.E0,8.265992787996E-1));
#710=VECTOR('',#709,6.287810954236E-2);
#711=CARTESIAN_POINT('',(2.524838298136E0,1.615E0,3.352249958694E-1));
#712=LINE('',#711,#710);
#713=DIRECTION('',(-8.981381068745E-1,0.E0,4.397134760043E-1));
#714=VECTOR('',#713,7.880132409283E-2);
#715=CARTESIAN_POINT('',(2.489451068312E0,1.615E0,3.871999958694E-1));
#716=LINE('',#715,#714);
#717=DIRECTION('',(0.E0,0.E0,1.E0));
#718=VECTOR('',#717,1.0395E-1);
#719=CARTESIAN_POINT('',(2.418676596272E0,1.615E0,4.2185E-1));
#720=LINE('',#719,#718);
#721=DIRECTION('',(8.981381224003E-1,0.E0,-4.397134442921E-1));
#722=VECTOR('',#721,7.880132273062E-2);
#723=CARTESIAN_POINT('',(2.418676596272E0,1.615E0,5.258E-1));
#724=LINE('',#723,#722);
#725=DIRECTION('',(8.060044373844E-1,0.E0,-5.919094921664E-1));
#726=VECTOR('',#725,8.780902754544E-2);
#727=CARTESIAN_POINT('',(2.489451068312E0,1.615E0,4.911499989673E-1));
#728=LINE('',#727,#726);
#729=DIRECTION('',(5.224769709020E-1,0.E0,-8.526533966842E-1));
#730=VECTOR('',#729,1.015946201253E-1);
#731=CARTESIAN_POINT('',(2.560225534156E0,1.615E0,4.391750020653E-1));
#732=LINE('',#731,#730);
#733=DIRECTION('',(2.001233627174E-1,0.E0,-9.797707077141E-1));
#734=VECTOR('',#733,8.841354762759E-2);
#735=CARTESIAN_POINT('',(2.613306383539E0,1.615E0,3.525500041306E-1));
#736=LINE('',#735,#734);
#737=DIRECTION('',(0.E0,0.E0,-1.E0));
#738=VECTOR('',#737,1.0395E-1);
#739=CARTESIAN_POINT('',(2.631E0,1.615E0,2.65925E-1));
#740=LINE('',#739,#738);
#741=DIRECTION('',(-2.001233352361E-1,0.E0,-9.797707133274E-1));
#742=VECTOR('',#741,8.841355976872E-2);
#743=CARTESIAN_POINT('',(2.631E0,1.615E0,1.61975E-1));
#744=LINE('',#743,#742);
#745=DIRECTION('',(-5.224771067470E-1,0.E0,-8.526533134429E-1));
#746=VECTOR('',#745,1.015945937105E-1);
#747=CARTESIAN_POINT('',(2.613306383539E0,1.615E0,7.534998347759E-2));
#748=LINE('',#747,#746);
#749=DIRECTION('',(-8.060044205527E-1,0.E0,-5.919095150862E-1));
#750=VECTOR('',#749,8.780902937915E-2);
#751=CARTESIAN_POINT('',(2.560225534156E0,1.615E0,-1.127498347759E-2));
#752=LINE('',#751,#750);
#753=DIRECTION('',(-9.311281942981E-1,0.E0,-3.646920423907E-1));
#754=VECTOR('',#753,9.501171535103E-2);
#755=CARTESIAN_POINT('',(2.489451068312E0,1.615E0,-6.324998347759E-2));
#756=LINE('',#755,#754);
#757=DIRECTION('',(-1.E0,0.E0,0.E0));
#758=VECTOR('',#757,7.077445964813E-2);
#759=CARTESIAN_POINT('',(2.400982981360E0,1.615E0,-9.79E-2));
#760=LINE('',#759,#758);
#761=DIRECTION('',(-9.311282116446E-1,0.E0,3.646919981020E-1));
#762=VECTOR('',#761,9.501172688939E-2);
#763=CARTESIAN_POINT('',(2.330208521712E0,1.615E0,-9.79E-2));
#764=LINE('',#763,#762);
#765=DIRECTION('',(-8.060043958311E-1,0.E0,5.919095487496E-1));
#766=VECTOR('',#765,8.780902438523E-2);
#767=CARTESIAN_POINT('',(2.241740422368E0,1.615E0,-6.324998347759E-2));
#768=LINE('',#767,#766);
#769=DIRECTION('',(-5.224770734933E-1,0.E0,8.526533338197E-1));
#770=VECTOR('',#769,1.015945912826E-1);
#771=CARTESIAN_POINT('',(2.170965962720E0,1.615E0,-1.127498347759E-2));
#772=LINE('',#771,#770);
#773=DIRECTION('',(-2.001233184181E-1,0.E0,9.797707167625E-1));
#774=VECTOR('',#773,8.841355945873E-2);
#775=CARTESIAN_POINT('',(2.117885117984E0,1.615E0,7.534998347759E-2));
#776=LINE('',#775,#774);
#777=DIRECTION('',(0.E0,0.E0,1.E0));
#778=VECTOR('',#777,1.0395E-1);
#779=CARTESIAN_POINT('',(2.100191503072E0,1.615E0,1.61975E-1));
#780=LINE('',#779,#778);
#781=DIRECTION('',(2.001233458994E-1,0.E0,9.797707111493E-1));
#782=VECTOR('',#781,8.841354731760E-2);
#783=CARTESIAN_POINT('',(2.100191503072E0,1.615E0,2.65925E-1));
#784=LINE('',#783,#782);
#785=DIRECTION('',(5.224769376483E-1,0.E0,8.526534170609E-1));
#786=VECTOR('',#785,1.015946176974E-1);
#787=CARTESIAN_POINT('',(2.117885117984E0,1.615E0,3.525500041306E-1));
#788=LINE('',#787,#786);
#789=DIRECTION('',(-1.E0,0.E0,0.E0));
#790=VECTOR('',#789,2.830978881598E-1);
#791=CARTESIAN_POINT('',(2.170965962720E0,1.615E0,4.391750020653E-1));
#792=LINE('',#791,#790);
#793=DIRECTION('',(0.E0,0.E0,-1.E0));
#794=VECTOR('',#793,5.024249855429E-1);
#795=CARTESIAN_POINT('',(1.887868074560E0,1.615E0,4.391750020653E-1));
#796=LINE('',#795,#794);
#797=DIRECTION('',(-1.E0,0.E0,0.E0));
#798=VECTOR('',#797,8.846807456017E-2);
#799=CARTESIAN_POINT('',(1.887868074560E0,1.615E0,-6.324998347759E-2));
#800=LINE('',#799,#798);
#801=DIRECTION('',(0.E0,0.E0,1.E0));
#802=VECTOR('',#801,5.890499834776E-1);
#803=CARTESIAN_POINT('',(1.7994E0,1.615E0,-6.324998347759E-2));
#804=LINE('',#803,#802);
#805=DIRECTION('',(1.E0,0.E0,0.E0));
#806=VECTOR('',#805,4.600340372801E-1);
#807=CARTESIAN_POINT('',(1.7994E0,1.615E0,5.258E-1));
#808=LINE('',#807,#806);
#809=DIRECTION('',(0.E0,0.E0,-1.E0));
#810=VECTOR('',#809,1.212749958694E-1);
#811=CARTESIAN_POINT('',(2.259434037280E0,1.615E0,5.258E-1));
#812=LINE('',#811,#810);
#813=DIRECTION('',(7.543047531648E-1,0.E0,6.565244392656E-1));
#814=VECTOR('',#813,6.333350680713E-1);
#815=CARTESIAN_POINT('',(1.7994E0,1.615E0,-6.522999669552E-1));
#816=LINE('',#815,#814);
#817=DIRECTION('',(1.E0,0.E0,0.E0));
#818=VECTOR('',#817,1.061617142558E-1);
#819=CARTESIAN_POINT('',(2.277127652192E0,1.615E0,-2.365000165224E-1));
#820=LINE('',#819,#818);
#821=DIRECTION('',(0.E0,0.E0,-1.E0));
#822=VECTOR('',#821,4.157999504328E-1);
#823=CARTESIAN_POINT('',(2.383289366448E0,1.615E0,-2.365000165224E-1));
#824=LINE('',#823,#822);
#825=DIRECTION('',(1.E0,0.E0,0.E0));
#826=VECTOR('',#825,2.477106335521E-1);
#827=CARTESIAN_POINT('',(2.383289366448E0,1.615E0,-6.522999669552E-1));
#828=LINE('',#827,#826);
#829=DIRECTION('',(0.E0,0.E0,-1.E0));
#830=VECTOR('',#829,1.0395E-1);
#831=CARTESIAN_POINT('',(2.631E0,1.615E0,-6.522999669552E-1));
#832=LINE('',#831,#830);
#833=DIRECTION('',(-1.E0,0.E0,0.E0));
#834=VECTOR('',#833,2.477106335521E-1);
#835=CARTESIAN_POINT('',(2.631E0,1.615E0,-7.562499669552E-1));
#836=LINE('',#835,#834);
#837=DIRECTION('',(0.E0,0.E0,-1.E0));
#838=VECTOR('',#837,1.732500330448E-1);
#839=CARTESIAN_POINT('',(2.383289366448E0,1.615E0,-7.562499669552E-1));
#840=LINE('',#839,#838);
#841=DIRECTION('',(-1.E0,0.E0,0.E0));
#842=VECTOR('',#841,1.061617142558E-1);
#843=CARTESIAN_POINT('',(2.383289366448E0,1.615E0,-9.295E-1));
#844=LINE('',#843,#842);
#845=DIRECTION('',(0.E0,0.E0,1.E0));
#846=VECTOR('',#845,1.732500330448E-1);
#847=CARTESIAN_POINT('',(2.277127652192E0,1.615E0,-9.295E-1));
#848=LINE('',#847,#846);
#849=DIRECTION('',(-1.E0,0.E0,0.E0));
#850=VECTOR('',#849,4.777276521921E-1);
#851=CARTESIAN_POINT('',(2.277127652192E0,1.615E0,-7.562499669552E-1));
#852=LINE('',#851,#850);
#853=DIRECTION('',(0.E0,0.E0,1.E0));
#854=VECTOR('',#853,1.0395E-1);
#855=CARTESIAN_POINT('',(1.7994E0,1.615E0,-7.562499669552E-1));
#856=LINE('',#855,#854);
#857=DIRECTION('',(-7.521678722145E-1,0.E0,-6.589715411217E-1));
#858=VECTOR('',#857,4.469464135793E-1);
#859=CARTESIAN_POINT('',(2.277127652192E0,1.615E0,-3.57775E-1));
#860=LINE('',#859,#858);
#861=DIRECTION('',(1.E0,0.E0,0.E0));
#862=VECTOR('',#861,3.361787328959E-1);
#863=CARTESIAN_POINT('',(1.940948919296E0,1.615E0,-6.522999669552E-1));
#864=LINE('',#863,#862);
#865=DIRECTION('',(0.E0,0.E0,1.E0));
#866=VECTOR('',#865,2.945249669552E-1);
#867=CARTESIAN_POINT('',(2.277127652192E0,1.615E0,-6.522999669552E-1));
#868=LINE('',#867,#866);
#869=CARTESIAN_POINT('',(-2.8E0,-1.615E0,2.8E0));
#870=DIRECTION('',(0.E0,-1.E0,0.E0));
#871=DIRECTION('',(0.E0,0.E0,1.E0));
#872=AXIS2_PLACEMENT_3D('',#869,#870,#871);
#874=CARTESIAN_POINT('',(2.8E0,-1.615E0,2.8E0));
#875=DIRECTION('',(0.E0,-1.E0,0.E0));
#876=DIRECTION('',(1.E0,0.E0,0.E0));
#877=AXIS2_PLACEMENT_3D('',#874,#875,#876);
#879=CARTESIAN_POINT('',(2.8E0,-1.615E0,-2.8E0));
#880=DIRECTION('',(0.E0,-1.E0,0.E0));
#881=DIRECTION('',(0.E0,0.E0,-1.E0));
#882=AXIS2_PLACEMENT_3D('',#879,#880,#881);
#884=CARTESIAN_POINT('',(-2.8E0,-1.615E0,-2.8E0));
#885=DIRECTION('',(0.E0,-1.E0,0.E0));
#886=DIRECTION('',(-1.E0,0.E0,0.E0));
#887=AXIS2_PLACEMENT_3D('',#884,#885,#886);
#889=DIRECTION('',(0.E0,0.E0,1.E0));
#890=VECTOR('',#889,5.6E0);
#891=CARTESIAN_POINT('',(-3.1E0,-1.615E0,-2.8E0));
#892=LINE('',#891,#890);
#893=CARTESIAN_POINT('',(0.E0,-1.615E0,0.E0));
#894=DIRECTION('',(0.E0,1.E0,0.E0));
#895=DIRECTION('',(-1.E0,0.E0,0.E0));
#896=AXIS2_PLACEMENT_3D('',#893,#894,#895);
#898=CARTESIAN_POINT('',(0.E0,-1.615E0,0.E0));
#899=DIRECTION('',(0.E0,1.E0,0.E0));
#900=DIRECTION('',(1.E0,0.E0,0.E0));
#901=AXIS2_PLACEMENT_3D('',#898,#899,#900);
#903=DIRECTION('',(0.E0,-1.E0,0.E0));
#904=VECTOR('',#903,3.23E0);
#905=CARTESIAN_POINT('',(-2.8E0,1.615E0,3.1E0));
#906=LINE('',#905,#904);
#907=DIRECTION('',(-1.E0,0.E0,0.E0));
#908=VECTOR('',#907,5.6E0);
#909=CARTESIAN_POINT('',(2.8E0,1.615E0,3.1E0));
#910=LINE('',#909,#908);
#911=DIRECTION('',(0.E0,1.E0,0.E0));
#912=VECTOR('',#911,3.23E0);
#913=CARTESIAN_POINT('',(2.8E0,-1.615E0,3.1E0));
#914=LINE('',#913,#912);
#915=DIRECTION('',(1.E0,0.E0,0.E0));
#916=VECTOR('',#915,5.6E0);
#917=CARTESIAN_POINT('',(-2.8E0,-1.615E0,3.1E0));
#918=LINE('',#917,#916);
#919=DIRECTION('',(0.E0,-1.E0,0.E0));
#920=VECTOR('',#919,2.E-1);
#921=CARTESIAN_POINT('',(-2.65E0,7.652E-1,3.1E0));
#922=LINE('',#921,#920);
#923=DIRECTION('',(1.E0,0.E0,0.E0));
#924=VECTOR('',#923,8.E-1);
#925=CARTESIAN_POINT('',(-2.65E0,5.652E-1,3.1E0));
#926=LINE('',#925,#924);
#927=DIRECTION('',(0.E0,-1.E0,0.E0));
#928=VECTOR('',#927,2.E-1);
#929=CARTESIAN_POINT('',(-1.85E0,7.652E-1,3.1E0));
#930=LINE('',#929,#928);
#931=DIRECTION('',(1.E0,0.E0,0.E0));
#932=VECTOR('',#931,8.E-1);
#933=CARTESIAN_POINT('',(-2.65E0,7.652E-1,3.1E0));
#934=LINE('',#933,#932);
#935=DIRECTION('',(0.E0,-1.E0,0.E0));
#936=VECTOR('',#935,2.E-1);
#937=CARTESIAN_POINT('',(2.65E0,7.652E-1,3.1E0));
#938=LINE('',#937,#936);
#939=DIRECTION('',(-1.E0,0.E0,0.E0));
#940=VECTOR('',#939,8.E-1);
#941=CARTESIAN_POINT('',(2.65E0,7.652E-1,3.1E0));
#942=LINE('',#941,#940);
#943=DIRECTION('',(0.E0,-1.E0,0.E0));
#944=VECTOR('',#943,2.E-1);
#945=CARTESIAN_POINT('',(1.85E0,7.652E-1,3.1E0));
#946=LINE('',#945,#944);
#947=DIRECTION('',(-1.E0,0.E0,0.E0));
#948=VECTOR('',#947,8.E-1);
#949=CARTESIAN_POINT('',(2.65E0,5.652E-1,3.1E0));
#950=LINE('',#949,#948);
#951=DIRECTION('',(0.E0,-1.E0,0.E0));
#952=VECTOR('',#951,3.23E0);
#953=CARTESIAN_POINT('',(3.1E0,1.615E0,-2.8E0));
#954=LINE('',#953,#952);
#955=DIRECTION('',(0.E0,0.E0,1.E0));
#956=VECTOR('',#955,5.6E0);
#957=CARTESIAN_POINT('',(3.1E0,-1.615E0,-2.8E0));
#958=LINE('',#957,#956);
#959=DIRECTION('',(0.E0,1.E0,0.E0));
#960=VECTOR('',#959,3.23E0);
#961=CARTESIAN_POINT('',(3.1E0,-1.615E0,2.8E0));
#962=LINE('',#961,#960);
#963=DIRECTION('',(0.E0,0.E0,1.E0));
#964=VECTOR('',#963,2.64E-2);
#965=CARTESIAN_POINT('',(-2.65E0,7.652E-1,3.1E0));
#966=LINE('',#965,#964);
#967=CARTESIAN_POINT('',(-2.65E0,8.388E-1,3.1264E0));
#968=DIRECTION('',(-1.E0,0.E0,0.E0));
#969=DIRECTION('',(0.E0,-1.E0,0.E0));
#970=AXIS2_PLACEMENT_3D('',#967,#968,#969);
#972=DIRECTION('',(0.E0,1.E0,0.E0));
#973=VECTOR('',#972,7.923E-1);
#974=CARTESIAN_POINT('',(-2.65E0,8.388E-1,3.2E0));
#975=LINE('',#974,#973);
#976=DIRECTION('',(0.E0,0.E0,1.E0));
#977=VECTOR('',#976,2.E-1);
#978=CARTESIAN_POINT('',(-2.65E0,1.6311E0,3.2E0));
#979=LINE('',#978,#977);
#980=DIRECTION('',(0.E0,-1.E0,0.E0));
#981=VECTOR('',#980,7.923E-1);
#982=CARTESIAN_POINT('',(-2.65E0,1.6311E0,3.4E0));
#983=LINE('',#982,#981);
#984=CARTESIAN_POINT('',(-2.65E0,8.388E-1,3.1264E0));
#985=DIRECTION('',(1.E0,0.E0,0.E0));
#986=DIRECTION('',(0.E0,0.E0,1.E0));
#987=AXIS2_PLACEMENT_3D('',#984,#985,#986);
#989=DIRECTION('',(0.E0,0.E0,-1.E0));
#990=VECTOR('',#989,2.64E-2);
#991=CARTESIAN_POINT('',(-2.65E0,5.652E-1,3.1264E0));
#992=LINE('',#991,#990);
#993=DIRECTION('',(0.E0,0.E0,-1.E0));
#994=VECTOR('',#993,2.64E-2);
#995=CARTESIAN_POINT('',(-1.85E0,5.652E-1,3.1264E0));
#996=LINE('',#995,#994);
#997=CARTESIAN_POINT('',(-1.85E0,8.388E-1,3.1264E0));
#998=DIRECTION('',(1.E0,0.E0,0.E0));
#999=DIRECTION('',(0.E0,0.E0,1.E0));
#1000=AXIS2_PLACEMENT_3D('',#997,#998,#999);
#1002=DIRECTION('',(0.E0,-1.E0,0.E0));
#1003=VECTOR('',#1002,7.923E-1);
#1004=CARTESIAN_POINT('',(-1.85E0,1.6311E0,3.4E0));
#1005=LINE('',#1004,#1003);
#1006=DIRECTION('',(0.E0,0.E0,1.E0));
#1007=VECTOR('',#1006,2.E-1);
#1008=CARTESIAN_POINT('',(-1.85E0,1.6311E0,3.2E0));
#1009=LINE('',#1008,#1007);
#1010=DIRECTION('',(0.E0,1.E0,0.E0));
#1011=VECTOR('',#1010,7.923E-1);
#1012=CARTESIAN_POINT('',(-1.85E0,8.388E-1,3.2E0));
#1013=LINE('',#1012,#1011);
#1014=CARTESIAN_POINT('',(-1.85E0,8.388E-1,3.1264E0));
#1015=DIRECTION('',(-1.E0,0.E0,0.E0));
#1016=DIRECTION('',(0.E0,-1.E0,0.E0));
#1017=AXIS2_PLACEMENT_3D('',#1014,#1015,#1016);
#1019=DIRECTION('',(0.E0,0.E0,1.E0));
#1020=VECTOR('',#1019,2.64E-2);
#1021=CARTESIAN_POINT('',(-1.85E0,7.652E-1,3.1E0));
#1022=LINE('',#1021,#1020);
#1023=DIRECTION('',(1.E0,0.E0,0.E0));
#1024=VECTOR('',#1023,8.E-1);
#1025=CARTESIAN_POINT('',(-2.65E0,5.652E-1,3.1264E0));
#1026=LINE('',#1025,#1024);
#1027=DIRECTION('',(1.E0,0.E0,0.E0));
#1028=VECTOR('',#1027,8.E-1);
#1029=CARTESIAN_POINT('',(-2.65E0,8.388E-1,3.4E0));
#1030=LINE('',#1029,#1028);
#1031=DIRECTION('',(1.E0,0.E0,0.E0));
#1032=VECTOR('',#1031,8.E-1);
#1033=CARTESIAN_POINT('',(-2.65E0,1.6311E0,3.4E0));
#1034=LINE('',#1033,#1032);
#1035=DIRECTION('',(1.E0,0.E0,0.E0));
#1036=VECTOR('',#1035,8.E-1);
#1037=CARTESIAN_POINT('',(-2.65E0,1.6311E0,3.2E0));
#1038=LINE('',#1037,#1036);
#1039=DIRECTION('',(1.E0,0.E0,0.E0));
#1040=VECTOR('',#1039,8.E-1);
#1041=CARTESIAN_POINT('',(-2.65E0,8.388E-1,3.2E0));
#1042=LINE('',#1041,#1040);
#1043=DIRECTION('',(1.E0,0.E0,0.E0));
#1044=VECTOR('',#1043,8.E-1);
#1045=CARTESIAN_POINT('',(-2.65E0,7.652E-1,3.1264E0));
#1046=LINE('',#1045,#1044);
#1047=DIRECTION('',(0.E0,0.E0,1.E0));
#1048=VECTOR('',#1047,2.64E-2);
#1049=CARTESIAN_POINT('',(2.65E0,7.652E-1,3.1E0));
#1050=LINE('',#1049,#1048);
#1051=DIRECTION('',(0.E0,0.E0,-1.E0));
#1052=VECTOR('',#1051,2.64E-2);
#1053=CARTESIAN_POINT('',(2.65E0,5.652E-1,3.1264E0));
#1054=LINE('',#1053,#1052);
#1055=CARTESIAN_POINT('',(2.65E0,8.388E-1,3.1264E0));
#1056=DIRECTION('',(1.E0,0.E0,0.E0));
#1057=DIRECTION('',(0.E0,0.E0,1.E0));
#1058=AXIS2_PLACEMENT_3D('',#1055,#1056,#1057);
#1060=DIRECTION('',(0.E0,-1.E0,0.E0));
#1061=VECTOR('',#1060,7.923E-1);
#1062=CARTESIAN_POINT('',(2.65E0,1.6311E0,3.4E0));
#1063=LINE('',#1062,#1061);
#1064=DIRECTION('',(0.E0,0.E0,1.E0));
#1065=VECTOR('',#1064,2.E-1);
#1066=CARTESIAN_POINT('',(2.65E0,1.6311E0,3.2E0));
#1067=LINE('',#1066,#1065);
#1068=DIRECTION('',(0.E0,1.E0,0.E0));
#1069=VECTOR('',#1068,7.923E-1);
#1070=CARTESIAN_POINT('',(2.65E0,8.388E-1,3.2E0));
#1071=LINE('',#1070,#1069);
#1072=CARTESIAN_POINT('',(2.65E0,8.388E-1,3.1264E0));
#1073=DIRECTION('',(-1.E0,0.E0,0.E0));
#1074=DIRECTION('',(0.E0,-1.E0,0.E0));
#1075=AXIS2_PLACEMENT_3D('',#1072,#1073,#1074);
#1077=DIRECTION('',(-1.E0,0.E0,0.E0));
#1078=VECTOR('',#1077,8.E-1);
#1079=CARTESIAN_POINT('',(2.65E0,7.652E-1,3.1264E0));
#1080=LINE('',#1079,#1078);
#1081=DIRECTION('',(-1.E0,0.E0,0.E0));
#1082=VECTOR('',#1081,8.E-1);
#1083=CARTESIAN_POINT('',(2.65E0,8.388E-1,3.2E0));
#1084=LINE('',#1083,#1082);
#1085=DIRECTION('',(-1.E0,0.E0,0.E0));
#1086=VECTOR('',#1085,8.E-1);
#1087=CARTESIAN_POINT('',(2.65E0,1.6311E0,3.2E0));
#1088=LINE('',#1087,#1086);
#1089=DIRECTION('',(-1.E0,0.E0,0.E0));
#1090=VECTOR('',#1089,8.E-1);
#1091=CARTESIAN_POINT('',(2.65E0,1.6311E0,3.4E0));
#1092=LINE('',#1091,#1090);
#1093=DIRECTION('',(-1.E0,0.E0,0.E0));
#1094=VECTOR('',#1093,8.E-1);
#1095=CARTESIAN_POINT('',(2.65E0,8.388E-1,3.4E0));
#1096=LINE('',#1095,#1094);
#1097=DIRECTION('',(-1.E0,0.E0,0.E0));
#1098=VECTOR('',#1097,8.E-1);
#1099=CARTESIAN_POINT('',(2.65E0,5.652E-1,3.1264E0));
#1100=LINE('',#1099,#1098);
#1101=DIRECTION('',(0.E0,0.E0,1.E0));
#1102=VECTOR('',#1101,2.64E-2);
#1103=CARTESIAN_POINT('',(1.85E0,7.652E-1,3.1E0));
#1104=LINE('',#1103,#1102);
#1105=CARTESIAN_POINT('',(1.85E0,8.388E-1,3.1264E0));
#1106=DIRECTION('',(-1.E0,0.E0,0.E0));
#1107=DIRECTION('',(0.E0,-1.E0,0.E0));
#1108=AXIS2_PLACEMENT_3D('',#1105,#1106,#1107);
#1110=DIRECTION('',(0.E0,1.E0,0.E0));
#1111=VECTOR('',#1110,7.923E-1);
#1112=CARTESIAN_POINT('',(1.85E0,8.388E-1,3.2E0));
#1113=LINE('',#1112,#1111);
#1114=DIRECTION('',(0.E0,0.E0,1.E0));
#1115=VECTOR('',#1114,2.E-1);
#1116=CARTESIAN_POINT('',(1.85E0,1.6311E0,3.2E0));
#1117=LINE('',#1116,#1115);
#1118=DIRECTION('',(0.E0,-1.E0,0.E0));
#1119=VECTOR('',#1118,7.923E-1);
#1120=CARTESIAN_POINT('',(1.85E0,1.6311E0,3.4E0));
#1121=LINE('',#1120,#1119);
#1122=CARTESIAN_POINT('',(1.85E0,8.388E-1,3.1264E0));
#1123=DIRECTION('',(1.E0,0.E0,0.E0));
#1124=DIRECTION('',(0.E0,0.E0,1.E0));
#1125=AXIS2_PLACEMENT_3D('',#1122,#1123,#1124);
#1127=DIRECTION('',(0.E0,0.E0,-1.E0));
#1128=VECTOR('',#1127,2.64E-2);
#1129=CARTESIAN_POINT('',(1.85E0,5.652E-1,3.1264E0));
#1130=LINE('',#1129,#1128);
#1131=DIRECTION('',(0.E0,-1.E0,0.E0));
#1132=VECTOR('',#1131,3.23E0);
#1133=CARTESIAN_POINT('',(-3.1E0,1.615E0,2.8E0));
#1134=LINE('',#1133,#1132);
#1135=DIRECTION('',(0.E0,1.E0,0.E0));
#1136=VECTOR('',#1135,3.23E0);
#1137=CARTESIAN_POINT('',(-3.1E0,-1.615E0,-2.8E0));
#1138=LINE('',#1137,#1136);
#1139=DIRECTION('',(0.E0,0.E0,1.E0));
#1140=VECTOR('',#1139,5.6E0);
#1141=CARTESIAN_POINT('',(-3.1E0,1.615E0,-2.8E0));
#1142=LINE('',#1141,#1140);
#1143=CARTESIAN_POINT('',(0.E0,-1.503665796798E1,0.E0));
#1144=DIRECTION('',(0.E0,-1.E0,0.E0));
#1145=DIRECTION('',(1.E0,0.E0,0.E0));
#1146=AXIS2_PLACEMENT_3D('',#1143,#1144,#1145);
#1148=DIRECTION('',(-1.105311988656E-2,-9.999389124045E-1,-7.928431044615E-12));
#1149=VECTOR('',#1148,1.342247791488E1);
#1150=CARTESIAN_POINT('',(1.5E0,-1.615E0,0.E0));
#1151=LINE('',#1150,#1149);
#1152=CARTESIAN_POINT('',(1.201648905571E0,-1.5035E1,0.E0));
#1153=DIRECTION('',(0.E0,0.E0,1.E0));
#1154=DIRECTION('',(-2.812564995717E-14,-1.E0,0.E0));
#1155=AXIS2_PLACEMENT_3D('',#1152,#1153,#1154);
#1157=CARTESIAN_POINT('',(0.E0,-1.5185E1,0.E0));
#1158=DIRECTION('',(0.E0,-1.E0,0.E0));
#1159=DIRECTION('',(-1.E0,0.E0,0.E0));
#1160=AXIS2_PLACEMENT_3D('',#1157,#1158,#1159);
#1162=CARTESIAN_POINT('',(0.E0,-1.5185E1,0.E0));
#1163=DIRECTION('',(0.E0,-1.E0,0.E0));
#1164=DIRECTION('',(1.E0,0.E0,0.E0));
#1165=AXIS2_PLACEMENT_3D('',#1162,#1163,#1164);
#1167=CARTESIAN_POINT('',(-1.201648905571E0,-1.5035E1,0.E0));
#1168=DIRECTION('',(0.E0,0.E0,-1.E0));
#1169=DIRECTION('',(2.664535259100E-14,-1.E0,0.E0));
#1170=AXIS2_PLACEMENT_3D('',#1167,#1168,#1169);
#1172=CARTESIAN_POINT('',(0.E0,-1.503665796798E1,0.E0));
#1173=DIRECTION('',(0.E0,-1.E0,0.E0));
#1174=DIRECTION('',(-1.E0,0.E0,0.E0));
#1175=AXIS2_PLACEMENT_3D('',#1172,#1173,#1174);
#1177=DIRECTION('',(1.105311988656E-2,-9.999389124045E-1,7.928391362582E-12));
#1178=VECTOR('',#1177,1.342247791488E1);
#1179=CARTESIAN_POINT('',(-1.5E0,-1.615E0,0.E0));
#1180=LINE('',#1179,#1178);
#1181=DIRECTION('',(0.E0,-1.E0,0.E0));
#1182=VECTOR('',#1181,3.E-1);
#1183=CARTESIAN_POINT('',(9.E-1,1.615E0,1.3E0));
#1184=LINE('',#1183,#1182);
#1185=DIRECTION('',(0.E0,-1.E0,0.E0));
#1186=VECTOR('',#1185,3.E-1);
#1187=CARTESIAN_POINT('',(9.E-1,1.615E0,-1.5E0));
#1188=LINE('',#1187,#1186);
#1189=DIRECTION('',(0.E0,-1.E0,-1.561852869258E-9));
#1190=VECTOR('',#1189,4.E-1);
#1191=CARTESIAN_POINT('',(9.E-1,2.015E0,-2.799999999375E0));
#1192=LINE('',#1191,#1190);
#1193=DIRECTION('',(0.E0,0.E0,1.E0));
#1194=VECTOR('',#1193,5.399999999472E0);
#1195=CARTESIAN_POINT('',(9.E-1,2.015E0,-2.799999999375E0));
#1196=LINE('',#1195,#1194);
#1197=DIRECTION('',(0.E0,-1.E0,-2.425148970531E-10));
#1198=VECTOR('',#1197,4.E-1);
#1199=CARTESIAN_POINT('',(9.E-1,2.015E0,2.600000000097E0));
#1200=LINE('',#1199,#1198);
#1201=DIRECTION('',(0.E0,-1.E0,0.E0));
#1202=VECTOR('',#1201,3.E-1);
#1203=CARTESIAN_POINT('',(9.E-1,1.615E0,2.1E0));
#1204=LINE('',#1203,#1202);
#1205=DIRECTION('',(0.E0,-1.E0,0.E0));
#1206=VECTOR('',#1205,3.E-1);
#1207=CARTESIAN_POINT('',(-9.E-1,1.615E0,-1.5E0));
#1208=LINE('',#1207,#1206);
#1209=DIRECTION('',(0.E0,-1.E0,0.E0));
#1210=VECTOR('',#1209,3.E-1);
#1211=CARTESIAN_POINT('',(-9.E-1,1.615E0,-2.3E0));
#1212=LINE('',#1211,#1210);
#1213=DIRECTION('',(0.E0,-1.E0,0.E0));
#1214=VECTOR('',#1213,3.E-1);
#1215=CARTESIAN_POINT('',(-9.E-1,1.615E0,1.3E0));
#1216=LINE('',#1215,#1214);
#1217=DIRECTION('',(0.E0,1.E0,2.425148970531E-10));
#1218=VECTOR('',#1217,4.E-1);
#1219=CARTESIAN_POINT('',(-9.E-1,1.615E0,2.6E0));
#1220=LINE('',#1219,#1218);
#1221=DIRECTION('',(0.E0,0.E0,-1.E0));
#1222=VECTOR('',#1221,5.399999999472E0);
#1223=CARTESIAN_POINT('',(-9.E-1,2.015E0,2.600000000097E0));
#1224=LINE('',#1223,#1222);
#1225=DIRECTION('',(0.E0,1.E0,1.561856199928E-9));
#1226=VECTOR('',#1225,4.E-1);
#1227=CARTESIAN_POINT('',(-9.E-1,1.615E0,-2.8E0));
#1228=LINE('',#1227,#1226);
#1229=DIRECTION('',(0.E0,-1.E0,0.E0));
#1230=VECTOR('',#1229,3.E-1);
#1231=CARTESIAN_POINT('',(9.E-1,1.615E0,-2.3E0));
#1232=LINE('',#1231,#1230);
#1233=DIRECTION('',(0.E0,0.E0,-1.E0));
#1234=VECTOR('',#1233,8.E-1);
#1235=CARTESIAN_POINT('',(9.E-1,1.315E0,2.1E0));
#1236=LINE('',#1235,#1234);
#1237=DIRECTION('',(1.E0,0.E0,0.E0));
#1238=VECTOR('',#1237,1.8E0);
#1239=CARTESIAN_POINT('',(-9.E-1,1.315E0,2.1E0));
#1240=LINE('',#1239,#1238);
#1241=DIRECTION('',(0.E0,0.E0,1.E0));
#1242=VECTOR('',#1241,8.E-1);
#1243=CARTESIAN_POINT('',(-9.E-1,1.315E0,1.3E0));
#1244=LINE('',#1243,#1242);
#1245=DIRECTION('',(-1.E0,0.E0,0.E0));
#1246=VECTOR('',#1245,1.8E0);
#1247=CARTESIAN_POINT('',(9.E-1,1.315E0,1.3E0));
#1248=LINE('',#1247,#1246);
#1249=DIRECTION('',(-1.E0,0.E0,0.E0));
#1250=VECTOR('',#1249,1.8E0);
#1251=CARTESIAN_POINT('',(9.E-1,1.315E0,-2.3E0));
#1252=LINE('',#1251,#1250);
#1253=DIRECTION('',(0.E0,0.E0,-1.E0));
#1254=VECTOR('',#1253,8.E-1);
#1255=CARTESIAN_POINT('',(9.E-1,1.315E0,-1.5E0));
#1256=LINE('',#1255,#1254);
#1257=DIRECTION('',(1.E0,0.E0,0.E0));
#1258=VECTOR('',#1257,1.8E0);
#1259=CARTESIAN_POINT('',(-9.E-1,1.315E0,-1.5E0));
#1260=LINE('',#1259,#1258);
#1261=DIRECTION('',(0.E0,0.E0,1.E0));
#1262=VECTOR('',#1261,8.E-1);
#1263=CARTESIAN_POINT('',(-9.E-1,1.315E0,-2.3E0));
#1264=LINE('',#1263,#1262);
#1265=DIRECTION('',(0.E0,-1.E0,0.E0));
#1266=VECTOR('',#1265,3.E-1);
#1267=CARTESIAN_POINT('',(-9.E-1,1.615E0,2.1E0));
#1268=LINE('',#1267,#1266);
#1269=CARTESIAN_POINT('',(-1.1E0,2.015E0,2.6E0));
#1270=DIRECTION('',(0.E0,1.E0,0.E0));
#1271=DIRECTION('',(0.E0,0.E0,1.E0));
#1272=AXIS2_PLACEMENT_3D('',#1269,#1270,#1271);
#1274=CARTESIAN_POINT('',(-1.1E0,1.615E0,2.6E0));
#1275=DIRECTION('',(0.E0,-1.E0,0.E0));
#1276=DIRECTION('',(1.E0,0.E0,0.E0));
#1277=AXIS2_PLACEMENT_3D('',#1274,#1275,#1276);
#1279=CARTESIAN_POINT('',(-1.1E0,2.015E0,2.7E0));
#1280=DIRECTION('',(1.E0,0.E0,0.E0));
#1281=DIRECTION('',(0.E0,1.E0,0.E0));
#1282=AXIS2_PLACEMENT_3D('',#1279,#1280,#1281);
#1284=CARTESIAN_POINT('',(-2.75E0,2.115E0,-2.1E0));
#1285=DIRECTION('',(0.E0,1.E0,0.E0));
#1286=DIRECTION('',(0.E0,0.E0,-1.E0));
#1287=AXIS2_PLACEMENT_3D('',#1284,#1285,#1286);
#1289=DIRECTION('',(-1.E0,0.E0,1.151540238659E-10));
#1290=VECTOR('',#1289,1.050000000151E0);
#1291=CARTESIAN_POINT('',(-1.699999999849E0,2.115E0,-2.200000000121E0));
#1292=LINE('',#1291,#1290);
#1293=CARTESIAN_POINT('',(-1.7E0,2.115E0,-2.5E0));
#1294=DIRECTION('',(0.E0,-1.E0,0.E0));
#1295=DIRECTION('',(1.E0,0.E0,0.E0));
#1296=AXIS2_PLACEMENT_3D('',#1293,#1294,#1295);
#1298=DIRECTION('',(-4.560500127359E-10,0.E0,1.E0));
#1299=VECTOR('',#1298,2.999999998900E-1);
#1300=CARTESIAN_POINT('',(-1.4E0,2.115E0,-2.8E0));
#1301=LINE('',#1300,#1299);
#1302=CARTESIAN_POINT('',(-1.3E0,2.115E0,-2.8E0));
#1303=DIRECTION('',(0.E0,1.E0,0.E0));
#1304=DIRECTION('',(-1.332267629550E-14,0.E0,-1.E0));
#1305=AXIS2_PLACEMENT_3D('',#1302,#1303,#1304);
#1307=DIRECTION('',(-1.E0,0.E0,0.E0));
#1308=VECTOR('',#1307,2.E-1);
#1309=CARTESIAN_POINT('',(-1.1E0,2.115E0,-2.9E0));
#1310=LINE('',#1309,#1308);
#1311=CARTESIAN_POINT('',(-1.1E0,2.115E0,-2.8E0));
#1312=DIRECTION('',(0.E0,1.E0,0.E0));
#1313=DIRECTION('',(1.E0,0.E0,0.E0));
#1314=AXIS2_PLACEMENT_3D('',#1311,#1312,#1313);
#1316=DIRECTION('',(0.E0,0.E0,-1.E0));
#1317=VECTOR('',#1316,5.4E0);
#1318=CARTESIAN_POINT('',(-1.E0,2.115E0,2.6E0));
#1319=LINE('',#1318,#1317);
#1320=CARTESIAN_POINT('',(-1.1E0,2.115E0,2.6E0));
#1321=DIRECTION('',(0.E0,1.E0,0.E0));
#1322=DIRECTION('',(0.E0,0.E0,1.E0));
#1323=AXIS2_PLACEMENT_3D('',#1320,#1321,#1322);
#1325=DIRECTION('',(1.E0,0.E0,0.E0));
#1326=VECTOR('',#1325,2.E-1);
#1327=CARTESIAN_POINT('',(-1.3E0,2.115E0,2.7E0));
#1328=LINE('',#1327,#1326);
#1329=CARTESIAN_POINT('',(-1.3E0,2.115E0,2.6E0));
#1330=DIRECTION('',(0.E0,1.E0,0.E0));
#1331=DIRECTION('',(-1.E0,0.E0,0.E0));
#1332=AXIS2_PLACEMENT_3D('',#1329,#1330,#1331);
#1334=DIRECTION('',(4.030346424935E-10,0.E0,1.E0));
#1335=VECTOR('',#1334,3.000000001513E-1);
#1336=CARTESIAN_POINT('',(-1.400000000121E0,2.115E0,2.299999999849E0));
#1337=LINE('',#1336,#1335);
#1338=CARTESIAN_POINT('',(-1.7E0,2.115E0,2.3E0));
#1339=DIRECTION('',(0.E0,-1.E0,0.E0));
#1340=DIRECTION('',(0.E0,0.E0,-1.E0));
#1341=AXIS2_PLACEMENT_3D('',#1338,#1339,#1340);
#1343=DIRECTION('',(1.E0,0.E0,1.302997921336E-10));
#1344=VECTOR('',#1343,1.049999999890E0);
#1345=CARTESIAN_POINT('',(-2.75E0,2.115E0,2.E0));
#1346=LINE('',#1345,#1344);
#1347=CARTESIAN_POINT('',(-2.75E0,2.115E0,1.9E0));
#1348=DIRECTION('',(0.E0,1.E0,0.E0));
#1349=DIRECTION('',(-1.E0,0.E0,0.E0));
#1350=AXIS2_PLACEMENT_3D('',#1347,#1348,#1349);
#1352=DIRECTION('',(0.E0,0.E0,1.E0));
#1353=VECTOR('',#1352,4.E-1);
#1354=CARTESIAN_POINT('',(-2.85E0,2.115E0,1.5E0));
#1355=LINE('',#1354,#1353);
#1356=CARTESIAN_POINT('',(-2.75E0,2.115E0,1.5E0));
#1357=DIRECTION('',(0.E0,1.E0,0.E0));
#1358=DIRECTION('',(0.E0,0.E0,-1.E0));
#1359=AXIS2_PLACEMENT_3D('',#1356,#1357,#1358);
#1361=DIRECTION('',(-1.E0,0.E0,1.151527550396E-10));
#1362=VECTOR('',#1361,1.050000000151E0);
#1363=CARTESIAN_POINT('',(-1.699999999849E0,2.115E0,1.399999999879E0));
#1364=LINE('',#1363,#1362);
#1365=CARTESIAN_POINT('',(-1.7E0,2.115E0,1.1E0));
#1366=DIRECTION('',(0.E0,-1.E0,0.E0));
#1367=DIRECTION('',(1.E0,0.E0,0.E0));
#1368=AXIS2_PLACEMENT_3D('',#1365,#1366,#1367);
#1370=DIRECTION('',(-6.626458640946E-12,0.E0,1.E0));
#1371=VECTOR('',#1370,2.400000000041E0);
#1372=CARTESIAN_POINT('',(-1.400000000121E0,2.115E0,-1.300000000151E0));
#1373=LINE('',#1372,#1371);
#1374=CARTESIAN_POINT('',(-1.7E0,2.115E0,-1.3E0));
#1375=DIRECTION('',(0.E0,-1.E0,0.E0));
#1376=DIRECTION('',(0.E0,0.E0,-1.E0));
#1377=AXIS2_PLACEMENT_3D('',#1374,#1375,#1376);
#1379=DIRECTION('',(1.E0,0.E0,1.303000036047E-10));
#1380=VECTOR('',#1379,1.049999999890E0);
#1381=CARTESIAN_POINT('',(-2.75E0,2.115E0,-1.6E0));
#1382=LINE('',#1381,#1380);
#1383=CARTESIAN_POINT('',(-2.75E0,2.115E0,-1.7E0));
#1384=DIRECTION('',(0.E0,1.E0,0.E0));
#1385=DIRECTION('',(-1.E0,0.E0,0.E0));
#1386=AXIS2_PLACEMENT_3D('',#1383,#1384,#1385);
#1388=DIRECTION('',(0.E0,0.E0,1.E0));
#1389=VECTOR('',#1388,4.E-1);
#1390=CARTESIAN_POINT('',(-2.85E0,2.115E0,-2.1E0));
#1391=LINE('',#1390,#1389);
#1392=CARTESIAN_POINT('',(-2.75E0,2.015E0,-2.2E0));
#1393=DIRECTION('',(-1.E0,0.E0,0.E0));
#1394=DIRECTION('',(0.E0,1.E0,0.E0));
#1395=AXIS2_PLACEMENT_3D('',#1392,#1393,#1394);
#1397=CARTESIAN_POINT('',(-2.85E0,2.015E0,-2.1E0));
#1398=DIRECTION('',(0.E0,0.E0,1.E0));
#1399=DIRECTION('',(0.E0,1.E0,0.E0));
#1400=AXIS2_PLACEMENT_3D('',#1397,#1398,#1399);
#1402=CARTESIAN_POINT('',(-2.85E0,2.015E0,-1.7E0));
#1403=DIRECTION('',(0.E0,0.E0,1.E0));
#1404=DIRECTION('',(0.E0,1.E0,0.E0));
#1405=AXIS2_PLACEMENT_3D('',#1402,#1403,#1404);
#1407=CARTESIAN_POINT('',(-2.75E0,2.015E0,-1.6E0));
#1408=DIRECTION('',(1.E0,0.E0,0.E0));
#1409=DIRECTION('',(0.E0,1.E0,0.E0));
#1410=AXIS2_PLACEMENT_3D('',#1407,#1408,#1409);
#1412=CARTESIAN_POINT('',(-1.7E0,2.015E0,-1.6E0));
#1413=DIRECTION('',(1.E0,0.E0,0.E0));
#1414=DIRECTION('',(0.E0,1.E0,0.E0));
#1415=AXIS2_PLACEMENT_3D('',#1412,#1413,#1414);
#1417=CARTESIAN_POINT('',(-1.4E0,2.015E0,-1.3E0));
#1418=DIRECTION('',(0.E0,0.E0,1.E0));
#1419=DIRECTION('',(0.E0,1.E0,0.E0));
#1420=AXIS2_PLACEMENT_3D('',#1417,#1418,#1419);
#1422=CARTESIAN_POINT('',(-1.4E0,2.015E0,1.1E0));
#1423=DIRECTION('',(0.E0,0.E0,1.E0));
#1424=DIRECTION('',(0.E0,1.E0,0.E0));
#1425=AXIS2_PLACEMENT_3D('',#1422,#1423,#1424);
#1427=CARTESIAN_POINT('',(-1.7E0,2.015E0,1.4E0));
#1428=DIRECTION('',(-1.E0,0.E0,0.E0));
#1429=DIRECTION('',(0.E0,1.E0,0.E0));
#1430=AXIS2_PLACEMENT_3D('',#1427,#1428,#1429);
#1432=CARTESIAN_POINT('',(-2.75E0,2.015E0,1.4E0));
#1433=DIRECTION('',(-1.E0,0.E0,0.E0));
#1434=DIRECTION('',(0.E0,1.E0,0.E0));
#1435=AXIS2_PLACEMENT_3D('',#1432,#1433,#1434);
#1437=CARTESIAN_POINT('',(-2.85E0,2.015E0,1.5E0));
#1438=DIRECTION('',(0.E0,0.E0,1.E0));
#1439=DIRECTION('',(0.E0,1.E0,0.E0));
#1440=AXIS2_PLACEMENT_3D('',#1437,#1438,#1439);
#1442=CARTESIAN_POINT('',(-2.85E0,2.015E0,1.9E0));
#1443=DIRECTION('',(0.E0,0.E0,1.E0));
#1444=DIRECTION('',(0.E0,1.E0,0.E0));
#1445=AXIS2_PLACEMENT_3D('',#1442,#1443,#1444);
#1447=CARTESIAN_POINT('',(-2.75E0,2.015E0,2.E0));
#1448=DIRECTION('',(1.E0,0.E0,0.E0));
#1449=DIRECTION('',(0.E0,1.E0,0.E0));
#1450=AXIS2_PLACEMENT_3D('',#1447,#1448,#1449);
#1452=CARTESIAN_POINT('',(-1.7E0,2.015E0,2.E0));
#1453=DIRECTION('',(1.E0,0.E0,0.E0));
#1454=DIRECTION('',(0.E0,1.E0,0.E0));
#1455=AXIS2_PLACEMENT_3D('',#1452,#1453,#1454);
#1457=CARTESIAN_POINT('',(-1.4E0,2.015E0,2.3E0));
#1458=DIRECTION('',(0.E0,0.E0,1.E0));
#1459=DIRECTION('',(0.E0,1.E0,0.E0));
#1460=AXIS2_PLACEMENT_3D('',#1457,#1458,#1459);
#1462=CARTESIAN_POINT('',(-1.4E0,2.015E0,2.6E0));
#1463=DIRECTION('',(0.E0,0.E0,1.E0));
#1464=DIRECTION('',(0.E0,1.E0,0.E0));
#1465=AXIS2_PLACEMENT_3D('',#1462,#1463,#1464);
#1467=CARTESIAN_POINT('',(-1.3E0,2.015E0,2.7E0));
#1468=DIRECTION('',(1.E0,0.E0,0.E0));
#1469=DIRECTION('',(0.E0,1.E0,0.E0));
#1470=AXIS2_PLACEMENT_3D('',#1467,#1468,#1469);
#1472=DIRECTION('',(1.E0,0.E0,0.E0));
#1473=VECTOR('',#1472,1.999999994723E-1);
#1474=CARTESIAN_POINT('',(-1.300000000097E0,2.015E0,2.8E0));
#1475=LINE('',#1474,#1473);
#1476=DIRECTION('',(-1.561856199928E-9,1.E0,0.E0));
#1477=VECTOR('',#1476,4.E-1);
#1478=CARTESIAN_POINT('',(-1.1E0,1.615E0,2.8E0));
#1479=LINE('',#1478,#1477);
#1480=DIRECTION('',(-2.425160072761E-10,1.E0,0.E0));
#1481=VECTOR('',#1480,4.E-1);
#1482=CARTESIAN_POINT('',(-1.3E0,1.615E0,2.8E0));
#1483=LINE('',#1482,#1481);
#1484=CARTESIAN_POINT('',(-1.3E0,2.015E0,2.6E0));
#1485=DIRECTION('',(0.E0,1.E0,0.E0));
#1486=DIRECTION('',(-1.E0,0.E0,0.E0));
#1487=AXIS2_PLACEMENT_3D('',#1484,#1485,#1486);
#1489=CARTESIAN_POINT('',(-1.3E0,1.615E0,2.6E0));
#1490=DIRECTION('',(0.E0,-1.E0,0.E0));
#1491=DIRECTION('',(0.E0,0.E0,1.E0));
#1492=AXIS2_PLACEMENT_3D('',#1489,#1490,#1491);
#1494=DIRECTION('',(0.E0,0.E0,1.E0));
#1495=VECTOR('',#1494,2.999999995965E-1);
#1496=CARTESIAN_POINT('',(-1.5E0,2.015E0,2.299999999779E0));
#1497=LINE('',#1496,#1495);
#1498=DIRECTION('',(0.E0,1.E0,-1.561857310151E-9));
#1499=VECTOR('',#1498,4.E-1);
#1500=CARTESIAN_POINT('',(-1.5E0,1.615E0,2.6E0));
#1501=LINE('',#1500,#1499);
#1502=DIRECTION('',(0.E0,-1.E0,5.529943170046E-10));
#1503=VECTOR('',#1502,4.E-1);
#1504=CARTESIAN_POINT('',(-1.5E0,2.015E0,2.299999999779E0));
#1505=LINE('',#1504,#1503);
#1506=CARTESIAN_POINT('',(-1.7E0,2.015E0,2.3E0));
#1507=DIRECTION('',(0.E0,-1.E0,0.E0));
#1508=DIRECTION('',(0.E0,0.E0,-1.E0));
#1509=AXIS2_PLACEMENT_3D('',#1506,#1507,#1508);
#1511=DIRECTION('',(1.E0,0.E0,0.E0));
#1512=VECTOR('',#1511,1.049999999968E0);
#1513=CARTESIAN_POINT('',(-2.750000000097E0,2.015E0,2.1E0));
#1514=LINE('',#1513,#1512);
#1515=DIRECTION('',(3.235822720882E-10,-1.E0,0.E0));
#1516=VECTOR('',#1515,4.E-1);
#1517=CARTESIAN_POINT('',(-1.700000000129E0,2.015E0,2.1E0));
#1518=LINE('',#1517,#1516);
#1519=DIRECTION('',(-2.425160072761E-10,1.E0,0.E0));
#1520=VECTOR('',#1519,4.E-1);
#1521=CARTESIAN_POINT('',(-2.75E0,1.615E0,2.1E0));
#1522=LINE('',#1521,#1520);
#1523=CARTESIAN_POINT('',(-2.75E0,2.015E0,1.9E0));
#1524=DIRECTION('',(0.E0,1.E0,0.E0));
#1525=DIRECTION('',(-1.E0,0.E0,0.E0));
#1526=AXIS2_PLACEMENT_3D('',#1523,#1524,#1525);
#1528=CARTESIAN_POINT('',(-2.75E0,1.615E0,1.9E0));
#1529=DIRECTION('',(0.E0,-1.E0,0.E0));
#1530=DIRECTION('',(0.E0,0.E0,1.E0));
#1531=AXIS2_PLACEMENT_3D('',#1528,#1529,#1530);
#1533=DIRECTION('',(0.E0,0.E0,1.E0));
#1534=VECTOR('',#1533,3.999999994723E-1);
#1535=CARTESIAN_POINT('',(-2.95E0,2.015E0,1.499999999903E0));
#1536=LINE('',#1535,#1534);
#1537=DIRECTION('',(0.E0,1.E0,-1.561855089705E-9));
#1538=VECTOR('',#1537,4.E-1);
#1539=CARTESIAN_POINT('',(-2.95E0,1.615E0,1.9E0));
#1540=LINE('',#1539,#1538);
#1541=DIRECTION('',(0.E0,1.E0,-2.425154521646E-10));
#1542=VECTOR('',#1541,4.E-1);
#1543=CARTESIAN_POINT('',(-2.95E0,1.615E0,1.5E0));
#1544=LINE('',#1543,#1542);
#1545=CARTESIAN_POINT('',(-2.75E0,2.015E0,1.5E0));
#1546=DIRECTION('',(0.E0,1.E0,0.E0));
#1547=DIRECTION('',(0.E0,0.E0,-1.E0));
#1548=AXIS2_PLACEMENT_3D('',#1545,#1546,#1547);
#1550=CARTESIAN_POINT('',(-2.75E0,1.615E0,1.5E0));
#1551=DIRECTION('',(0.E0,-1.E0,0.E0));
#1552=DIRECTION('',(-1.E0,0.E0,0.E0));
#1553=AXIS2_PLACEMENT_3D('',#1550,#1551,#1552);
#1555=DIRECTION('',(-1.E0,0.E0,0.E0));
#1556=VECTOR('',#1555,1.049999999596E0);
#1557=CARTESIAN_POINT('',(-1.699999999779E0,2.015E0,1.3E0));
#1558=LINE('',#1557,#1556);
#1559=DIRECTION('',(1.561857310151E-9,1.E0,0.E0));
#1560=VECTOR('',#1559,4.E-1);
#1561=CARTESIAN_POINT('',(-2.75E0,1.615E0,1.3E0));
#1562=LINE('',#1561,#1560);
#1563=DIRECTION('',(-5.529954272276E-10,-1.E0,0.E0));
#1564=VECTOR('',#1563,4.E-1);
#1565=CARTESIAN_POINT('',(-1.699999999779E0,2.015E0,1.3E0));
#1566=LINE('',#1565,#1564);
#1567=CARTESIAN_POINT('',(-1.7E0,2.015E0,1.1E0));
#1568=DIRECTION('',(0.E0,-1.E0,0.E0));
#1569=DIRECTION('',(1.E0,0.E0,0.E0));
#1570=AXIS2_PLACEMENT_3D('',#1567,#1568,#1569);
#1572=DIRECTION('',(0.E0,0.E0,1.E0));
#1573=VECTOR('',#1572,2.400000000092E0);
#1574=CARTESIAN_POINT('',(-1.5E0,2.015E0,-1.300000000221E0));
#1575=LINE('',#1574,#1573);
#1576=DIRECTION('',(0.E0,-1.E0,3.235811618652E-10));
#1577=VECTOR('',#1576,4.E-1);
#1578=CARTESIAN_POINT('',(-1.5E0,2.015E0,1.099999999871E0));
#1579=LINE('',#1578,#1577);
#1580=DIRECTION('',(0.E0,-1.E0,5.529954272276E-10));
#1581=VECTOR('',#1580,4.E-1);
#1582=CARTESIAN_POINT('',(-1.5E0,2.015E0,-1.300000000221E0));
#1583=LINE('',#1582,#1581);
#1584=CARTESIAN_POINT('',(-1.7E0,2.015E0,-1.3E0));
#1585=DIRECTION('',(0.E0,-1.E0,0.E0));
#1586=DIRECTION('',(0.E0,0.E0,-1.E0));
#1587=AXIS2_PLACEMENT_3D('',#1584,#1585,#1586);
#1589=DIRECTION('',(1.E0,0.E0,0.E0));
#1590=VECTOR('',#1589,1.049999999968E0);
#1591=CARTESIAN_POINT('',(-2.750000000097E0,2.015E0,-1.5E0));
#1592=LINE('',#1591,#1590);
#1593=DIRECTION('',(3.235822720882E-10,-1.E0,0.E0));
#1594=VECTOR('',#1593,4.E-1);
#1595=CARTESIAN_POINT('',(-1.700000000129E0,2.015E0,-1.5E0));
#1596=LINE('',#1595,#1594);
#1597=DIRECTION('',(-2.425137868300E-10,1.E0,0.E0));
#1598=VECTOR('',#1597,4.E-1);
#1599=CARTESIAN_POINT('',(-2.75E0,1.615E0,-1.5E0));
#1600=LINE('',#1599,#1598);
#1601=CARTESIAN_POINT('',(-2.75E0,2.015E0,-1.7E0));
#1602=DIRECTION('',(0.E0,1.E0,0.E0));
#1603=DIRECTION('',(-1.E0,0.E0,0.E0));
#1604=AXIS2_PLACEMENT_3D('',#1601,#1602,#1603);
#1606=CARTESIAN_POINT('',(-2.75E0,1.615E0,-1.7E0));
#1607=DIRECTION('',(0.E0,-1.E0,0.E0));
#1608=DIRECTION('',(0.E0,0.E0,1.E0));
#1609=AXIS2_PLACEMENT_3D('',#1606,#1607,#1608);
#1611=DIRECTION('',(0.E0,0.E0,1.E0));
#1612=VECTOR('',#1611,3.999999994723E-1);
#1613=CARTESIAN_POINT('',(-2.95E0,2.015E0,-2.100000000097E0));
#1614=LINE('',#1613,#1612);
#1615=DIRECTION('',(0.E0,1.E0,-1.561856199928E-9));
#1616=VECTOR('',#1615,4.E-1);
#1617=CARTESIAN_POINT('',(-2.95E0,1.615E0,-1.7E0));
#1618=LINE('',#1617,#1616);
#1619=DIRECTION('',(0.E0,1.E0,-2.425148970531E-10));
#1620=VECTOR('',#1619,4.E-1);
#1621=CARTESIAN_POINT('',(-2.95E0,1.615E0,-2.1E0));
#1622=LINE('',#1621,#1620);
#1623=CARTESIAN_POINT('',(-2.75E0,2.015E0,-2.1E0));
#1624=DIRECTION('',(0.E0,1.E0,0.E0));
#1625=DIRECTION('',(0.E0,0.E0,-1.E0));
#1626=AXIS2_PLACEMENT_3D('',#1623,#1624,#1625);
#1628=CARTESIAN_POINT('',(-2.75E0,1.615E0,-2.1E0));
#1629=DIRECTION('',(0.E0,-1.E0,0.E0));
#1630=DIRECTION('',(-1.E0,0.E0,0.E0));
#1631=AXIS2_PLACEMENT_3D('',#1628,#1629,#1630);
#1633=DIRECTION('',(-1.E0,0.E0,0.E0));
#1634=VECTOR('',#1633,1.049999999596E0);
#1635=CARTESIAN_POINT('',(-1.699999999779E0,2.015E0,-2.3E0));
#1636=LINE('',#1635,#1634);
#1637=DIRECTION('',(1.561855089705E-9,1.E0,0.E0));
#1638=VECTOR('',#1637,4.E-1);
#1639=CARTESIAN_POINT('',(-2.75E0,1.615E0,-2.3E0));
#1640=LINE('',#1639,#1638);
#1641=DIRECTION('',(-5.529948721161E-10,-1.E0,0.E0));
#1642=VECTOR('',#1641,4.E-1);
#1643=CARTESIAN_POINT('',(-1.699999999779E0,2.015E0,-2.3E0));
#1644=LINE('',#1643,#1642);
#1645=CARTESIAN_POINT('',(-1.7E0,2.015E0,-2.2E0));
#1646=DIRECTION('',(-1.E0,0.E0,0.E0));
#1647=DIRECTION('',(0.E0,1.E0,0.E0));
#1648=AXIS2_PLACEMENT_3D('',#1645,#1646,#1647);
#1650=CARTESIAN_POINT('',(-1.4E0,2.015E0,-2.5E0));
#1651=DIRECTION('',(0.E0,0.E0,1.E0));
#1652=DIRECTION('',(0.E0,1.E0,0.E0));
#1653=AXIS2_PLACEMENT_3D('',#1650,#1651,#1652);
#1655=CARTESIAN_POINT('',(-1.7E0,2.015E0,-2.5E0));
#1656=DIRECTION('',(0.E0,-1.E0,0.E0));
#1657=DIRECTION('',(1.E0,0.E0,0.E0));
#1658=AXIS2_PLACEMENT_3D('',#1655,#1656,#1657);
#1660=DIRECTION('',(0.E0,0.E0,1.E0));
#1661=VECTOR('',#1660,2.999999999676E-1);
#1662=CARTESIAN_POINT('',(-1.5E0,2.015E0,-2.800000000097E0));
#1663=LINE('',#1662,#1661);
#1664=DIRECTION('',(0.E0,-1.E0,3.235833823112E-10));
#1665=VECTOR('',#1664,4.E-1);
#1666=CARTESIAN_POINT('',(-1.5E0,2.015E0,-2.500000000129E0));
#1667=LINE('',#1666,#1665);
#1668=DIRECTION('',(0.E0,1.E0,-2.425148970531E-10));
#1669=VECTOR('',#1668,4.E-1);
#1670=CARTESIAN_POINT('',(-1.5E0,1.615E0,-2.8E0));
#1671=LINE('',#1670,#1669);
#1672=CARTESIAN_POINT('',(-1.4E0,2.015E0,-2.8E0));
#1673=DIRECTION('',(0.E0,0.E0,1.E0));
#1674=DIRECTION('',(0.E0,1.E0,0.E0));
#1675=AXIS2_PLACEMENT_3D('',#1672,#1673,#1674);
#1677=CARTESIAN_POINT('',(-1.3E0,2.015E0,-2.9E0));
#1678=DIRECTION('',(-1.E0,0.E0,0.E0));
#1679=DIRECTION('',(0.E0,1.E0,0.E0));
#1680=AXIS2_PLACEMENT_3D('',#1677,#1678,#1679);
#1682=CARTESIAN_POINT('',(-1.3E0,2.015E0,-2.8E0));
#1683=DIRECTION('',(0.E0,1.E0,0.E0));
#1684=DIRECTION('',(0.E0,0.E0,-1.E0));
#1685=AXIS2_PLACEMENT_3D('',#1682,#1683,#1684);
#1687=CARTESIAN_POINT('',(-1.3E0,1.615E0,-2.8E0));
#1688=DIRECTION('',(0.E0,-1.E0,0.E0));
#1689=DIRECTION('',(-1.E0,0.E0,0.E0));
#1690=AXIS2_PLACEMENT_3D('',#1687,#1688,#1689);
#1692=DIRECTION('',(-1.E0,0.E0,0.E0));
#1693=VECTOR('',#1692,1.999999994723E-1);
#1694=CARTESIAN_POINT('',(-1.099999999903E0,2.015E0,-3.E0));
#1695=LINE('',#1694,#1693);
#1696=DIRECTION('',(1.561855089705E-9,1.E0,0.E0));
#1697=VECTOR('',#1696,4.E-1);
#1698=CARTESIAN_POINT('',(-1.3E0,1.615E0,-3.E0));
#1699=LINE('',#1698,#1697);
#1700=DIRECTION('',(2.425143419416E-10,1.E0,0.E0));
#1701=VECTOR('',#1700,4.E-1);
#1702=CARTESIAN_POINT('',(-1.1E0,1.615E0,-3.E0));
#1703=LINE('',#1702,#1701);
#1704=CARTESIAN_POINT('',(-1.1E0,2.015E0,-2.9E0));
#1705=DIRECTION('',(-1.E0,0.E0,0.E0));
#1706=DIRECTION('',(0.E0,1.E0,0.E0));
#1707=AXIS2_PLACEMENT_3D('',#1704,#1705,#1706);
#1709=CARTESIAN_POINT('',(-1.E0,2.015E0,-2.8E0));
#1710=DIRECTION('',(0.E0,0.E0,-1.E0));
#1711=DIRECTION('',(0.E0,1.E0,0.E0));
#1712=AXIS2_PLACEMENT_3D('',#1709,#1710,#1711);
#1714=CARTESIAN_POINT('',(-1.1E0,2.015E0,-2.8E0));
#1715=DIRECTION('',(0.E0,1.E0,0.E0));
#1716=DIRECTION('',(1.E0,0.E0,0.E0));
#1717=AXIS2_PLACEMENT_3D('',#1714,#1715,#1716);
#1719=CARTESIAN_POINT('',(-1.1E0,1.615E0,-2.8E0));
#1720=DIRECTION('',(0.E0,-1.E0,0.E0));
#1721=DIRECTION('',(0.E0,0.E0,-1.E0));
#1722=AXIS2_PLACEMENT_3D('',#1719,#1720,#1721);
#1724=CARTESIAN_POINT('',(-1.E0,2.015E0,2.6E0));
#1725=DIRECTION('',(0.E0,0.E0,-1.E0));
#1726=DIRECTION('',(0.E0,1.E0,0.E0));
#1727=AXIS2_PLACEMENT_3D('',#1724,#1725,#1726);
#1729=CARTESIAN_POINT('',(1.1E0,2.015E0,-2.8E0));
#1730=DIRECTION('',(0.E0,1.E0,0.E0));
#1731=DIRECTION('',(0.E0,0.E0,-1.E0));
#1732=AXIS2_PLACEMENT_3D('',#1729,#1730,#1731);
#1734=CARTESIAN_POINT('',(1.1E0,1.615E0,-2.8E0));
#1735=DIRECTION('',(0.E0,-1.E0,0.E0));
#1736=DIRECTION('',(-1.E0,0.E0,0.E0));
#1737=AXIS2_PLACEMENT_3D('',#1734,#1735,#1736);
#1739=CARTESIAN_POINT('',(1.1E0,2.015E0,-2.9E0));
#1740=DIRECTION('',(-1.E0,0.E0,0.E0));
#1741=DIRECTION('',(0.E0,1.E0,0.E0));
#1742=AXIS2_PLACEMENT_3D('',#1739,#1740,#1741);
#1744=CARTESIAN_POINT('',(1.7E0,2.115E0,-2.5E0));
#1745=DIRECTION('',(0.E0,-1.E0,0.E0));
#1746=DIRECTION('',(0.E0,0.E0,1.E0));
#1747=AXIS2_PLACEMENT_3D('',#1744,#1745,#1746);
#1749=DIRECTION('',(-1.E0,0.E0,-1.151231490923E-10));
#1750=VECTOR('',#1749,1.050000000151E0);
#1751=CARTESIAN_POINT('',(2.75E0,2.115E0,-2.2E0));
#1752=LINE('',#1751,#1750);
#1753=CARTESIAN_POINT('',(2.75E0,2.115E0,-2.1E0));
#1754=DIRECTION('',(0.E0,1.E0,0.E0));
#1755=DIRECTION('',(1.E0,0.E0,0.E0));
#1756=AXIS2_PLACEMENT_3D('',#1753,#1754,#1755);
#1758=DIRECTION('',(0.E0,0.E0,-1.E0));
#1759=VECTOR('',#1758,4.E-1);
#1760=CARTESIAN_POINT('',(2.85E0,2.115E0,-1.7E0));
#1761=LINE('',#1760,#1759);
#1762=CARTESIAN_POINT('',(2.75E0,2.115E0,-1.7E0));
#1763=DIRECTION('',(0.E0,1.E0,0.E0));
#1764=DIRECTION('',(0.E0,0.E0,1.E0));
#1765=AXIS2_PLACEMENT_3D('',#1762,#1763,#1764);
#1767=DIRECTION('',(1.E0,0.E0,-1.305254317464E-10));
#1768=VECTOR('',#1767,1.049999999890E0);
#1769=CARTESIAN_POINT('',(1.700000000110E0,2.115E0,-1.599999999863E0));
#1770=LINE('',#1769,#1768);
#1771=CARTESIAN_POINT('',(1.7E0,2.115E0,-1.3E0));
#1772=DIRECTION('',(0.E0,-1.E0,0.E0));
#1773=DIRECTION('',(-1.E0,0.E0,0.E0));
#1774=AXIS2_PLACEMENT_3D('',#1771,#1772,#1773);
#1776=DIRECTION('',(-6.739146277943E-12,0.E0,-1.E0));
#1777=VECTOR('',#1776,2.400000000042E0);
#1778=CARTESIAN_POINT('',(1.400000000137E0,2.115E0,1.099999999890E0));
#1779=LINE('',#1778,#1777);
#1780=CARTESIAN_POINT('',(1.7E0,2.115E0,1.1E0));
#1781=DIRECTION('',(0.E0,-1.E0,0.E0));
#1782=DIRECTION('',(0.E0,0.E0,1.E0));
#1783=AXIS2_PLACEMENT_3D('',#1780,#1781,#1782);
#1785=DIRECTION('',(-1.E0,0.E0,-1.151216687950E-10));
#1786=VECTOR('',#1785,1.050000000151E0);
#1787=CARTESIAN_POINT('',(2.75E0,2.115E0,1.4E0));
#1788=LINE('',#1787,#1786);
#1789=CARTESIAN_POINT('',(2.75E0,2.115E0,1.5E0));
#1790=DIRECTION('',(0.E0,1.E0,0.E0));
#1791=DIRECTION('',(1.E0,0.E0,0.E0));
#1792=AXIS2_PLACEMENT_3D('',#1789,#1790,#1791);
#1794=DIRECTION('',(0.E0,0.E0,-1.E0));
#1795=VECTOR('',#1794,4.E-1);
#1796=CARTESIAN_POINT('',(2.85E0,2.115E0,1.9E0));
#1797=LINE('',#1796,#1795);
#1798=CARTESIAN_POINT('',(2.75E0,2.115E0,1.9E0));
#1799=DIRECTION('',(0.E0,1.E0,0.E0));
#1800=DIRECTION('',(0.E0,0.E0,1.E0));
#1801=AXIS2_PLACEMENT_3D('',#1798,#1799,#1800);
#1803=DIRECTION('',(1.E0,0.E0,-1.305254317464E-10));
#1804=VECTOR('',#1803,1.049999999890E0);
#1805=CARTESIAN_POINT('',(1.700000000110E0,2.115E0,2.000000000137E0));
#1806=LINE('',#1805,#1804);
#1807=CARTESIAN_POINT('',(1.7E0,2.115E0,2.3E0));
#1808=DIRECTION('',(0.E0,-1.E0,0.E0));
#1809=DIRECTION('',(-1.E0,0.E0,0.E0));
#1810=AXIS2_PLACEMENT_3D('',#1807,#1808,#1809);
#1812=DIRECTION('',(4.029258406373E-10,0.E0,-1.E0));
#1813=VECTOR('',#1812,3.000000001512E-1);
#1814=CARTESIAN_POINT('',(1.4E0,2.115E0,2.6E0));
#1815=LINE('',#1814,#1813);
#1816=CARTESIAN_POINT('',(1.3E0,2.115E0,2.6E0));
#1817=DIRECTION('',(0.E0,1.E0,0.E0));
#1818=DIRECTION('',(0.E0,0.E0,1.E0));
#1819=AXIS2_PLACEMENT_3D('',#1816,#1817,#1818);
#1821=DIRECTION('',(1.E0,0.E0,0.E0));
#1822=VECTOR('',#1821,2.E-1);
#1823=CARTESIAN_POINT('',(1.1E0,2.115E0,2.7E0));
#1824=LINE('',#1823,#1822);
#1825=CARTESIAN_POINT('',(1.1E0,2.115E0,2.6E0));
#1826=DIRECTION('',(0.E0,1.E0,0.E0));
#1827=DIRECTION('',(-1.E0,0.E0,0.E0));
#1828=AXIS2_PLACEMENT_3D('',#1825,#1826,#1827);
#1830=DIRECTION('',(0.E0,0.E0,1.E0));
#1831=VECTOR('',#1830,5.4E0);
#1832=CARTESIAN_POINT('',(1.E0,2.115E0,-2.8E0));
#1833=LINE('',#1832,#1831);
#1834=CARTESIAN_POINT('',(1.1E0,2.115E0,-2.8E0));
#1835=DIRECTION('',(0.E0,1.E0,0.E0));
#1836=DIRECTION('',(0.E0,0.E0,-1.E0));
#1837=AXIS2_PLACEMENT_3D('',#1834,#1835,#1836);
#1839=DIRECTION('',(-1.E0,0.E0,0.E0));
#1840=VECTOR('',#1839,2.E-1);
#1841=CARTESIAN_POINT('',(1.3E0,2.115E0,-2.9E0));
#1842=LINE('',#1841,#1840);
#1843=CARTESIAN_POINT('',(1.3E0,2.115E0,-2.8E0));
#1844=DIRECTION('',(0.E0,1.E0,0.E0));
#1845=DIRECTION('',(1.E0,0.E0,0.E0));
#1846=AXIS2_PLACEMENT_3D('',#1843,#1844,#1845);
#1848=DIRECTION('',(-4.568404915291E-10,0.E0,-1.E0));
#1849=VECTOR('',#1848,2.999999998904E-1);
#1850=CARTESIAN_POINT('',(1.400000000137E0,2.115E0,-2.500000000110E0));
#1851=LINE('',#1850,#1849);
#1852=CARTESIAN_POINT('',(1.7E0,2.015E0,-2.2E0));
#1853=DIRECTION('',(-1.E0,0.E0,0.E0));
#1854=DIRECTION('',(0.E0,1.E0,0.E0));
#1855=AXIS2_PLACEMENT_3D('',#1852,#1853,#1854);
#1857=CARTESIAN_POINT('',(1.4E0,2.015E0,-2.5E0));
#1858=DIRECTION('',(0.E0,0.E0,-1.E0));
#1859=DIRECTION('',(0.E0,1.E0,0.E0));
#1860=AXIS2_PLACEMENT_3D('',#1857,#1858,#1859);
#1862=CARTESIAN_POINT('',(1.4E0,2.015E0,-2.8E0));
#1863=DIRECTION('',(0.E0,0.E0,-1.E0));
#1864=DIRECTION('',(0.E0,1.E0,0.E0));
#1865=AXIS2_PLACEMENT_3D('',#1862,#1863,#1864);
#1867=CARTESIAN_POINT('',(1.3E0,2.015E0,-2.9E0));
#1868=DIRECTION('',(-1.E0,0.E0,0.E0));
#1869=DIRECTION('',(0.E0,1.E0,0.E0));
#1870=AXIS2_PLACEMENT_3D('',#1867,#1868,#1869);
#1872=DIRECTION('',(-1.E0,0.E0,0.E0));
#1873=VECTOR('',#1872,1.999999994723E-1);
#1874=CARTESIAN_POINT('',(1.299999999375E0,2.015E0,-3.E0));
#1875=LINE('',#1874,#1873);
#1876=DIRECTION('',(2.425148970531E-10,-1.E0,0.E0));
#1877=VECTOR('',#1876,4.E-1);
#1878=CARTESIAN_POINT('',(1.099999999903E0,2.015E0,-3.E0));
#1879=LINE('',#1878,#1877);
#1880=DIRECTION('',(1.561853979482E-9,-1.E0,0.E0));
#1881=VECTOR('',#1880,4.E-1);
#1882=CARTESIAN_POINT('',(1.299999999375E0,2.015E0,-3.E0));
#1883=LINE('',#1882,#1881);
#1884=CARTESIAN_POINT('',(1.3E0,2.015E0,-2.8E0));
#1885=DIRECTION('',(0.E0,1.E0,0.E0));
#1886=DIRECTION('',(1.E0,0.E0,0.E0));
#1887=AXIS2_PLACEMENT_3D('',#1884,#1885,#1886);
#1889=CARTESIAN_POINT('',(1.3E0,1.615E0,-2.8E0));
#1890=DIRECTION('',(0.E0,-1.E0,0.E0));
#1891=DIRECTION('',(0.E0,0.E0,-1.E0));
#1892=AXIS2_PLACEMENT_3D('',#1889,#1890,#1891);
#1894=DIRECTION('',(0.E0,0.E0,-1.E0));
#1895=VECTOR('',#1894,2.999999999680E-1);
#1896=CARTESIAN_POINT('',(1.5E0,2.015E0,-2.500000000129E0));
#1897=LINE('',#1896,#1895);
#1898=DIRECTION('',(0.E0,-1.E0,2.425148970531E-10));
#1899=VECTOR('',#1898,4.E-1);
#1900=CARTESIAN_POINT('',(1.5E0,2.015E0,-2.800000000097E0));
#1901=LINE('',#1900,#1899);
#1902=DIRECTION('',(0.E0,1.E0,-3.224187583584E-10));
#1903=VECTOR('',#1902,4.E-1);
#1904=CARTESIAN_POINT('',(1.5E0,1.615E0,-2.5E0));
#1905=LINE('',#1904,#1903);
#1906=CARTESIAN_POINT('',(1.7E0,2.015E0,-2.5E0));
#1907=DIRECTION('',(0.E0,-1.E0,0.E0));
#1908=DIRECTION('',(0.E0,0.E0,1.E0));
#1909=AXIS2_PLACEMENT_3D('',#1906,#1907,#1908);
#1911=DIRECTION('',(-1.E0,0.E0,0.E0));
#1912=VECTOR('',#1911,1.049999999596E0);
#1913=CARTESIAN_POINT('',(2.749999999375E0,2.015E0,-2.3E0));
#1914=LINE('',#1913,#1912);
#1915=DIRECTION('',(-5.509076528298E-10,1.E0,0.E0));
#1916=VECTOR('',#1915,4.E-1);
#1917=CARTESIAN_POINT('',(1.7E0,1.615E0,-2.3E0));
#1918=LINE('',#1917,#1916);
#1919=DIRECTION('',(1.561855089705E-9,-1.E0,0.E0));
#1920=VECTOR('',#1919,4.E-1);
#1921=CARTESIAN_POINT('',(2.749999999375E0,2.015E0,-2.3E0));
#1922=LINE('',#1921,#1920);
#1923=CARTESIAN_POINT('',(2.75E0,2.015E0,-2.2E0));
#1924=DIRECTION('',(-1.E0,0.E0,0.E0));
#1925=DIRECTION('',(0.E0,1.E0,0.E0));
#1926=AXIS2_PLACEMENT_3D('',#1923,#1924,#1925);
#1928=CARTESIAN_POINT('',(2.85E0,2.015E0,-2.1E0));
#1929=DIRECTION('',(0.E0,0.E0,-1.E0));
#1930=DIRECTION('',(0.E0,1.E0,0.E0));
#1931=AXIS2_PLACEMENT_3D('',#1928,#1929,#1930);
#1933=CARTESIAN_POINT('',(2.75E0,2.015E0,-2.1E0));
#1934=DIRECTION('',(0.E0,1.E0,0.E0));
#1935=DIRECTION('',(1.E0,0.E0,0.E0));
#1936=AXIS2_PLACEMENT_3D('',#1933,#1934,#1935);
#1938=CARTESIAN_POINT('',(2.75E0,1.615E0,-2.1E0));
#1939=DIRECTION('',(0.E0,-1.E0,0.E0));
#1940=DIRECTION('',(0.E0,0.E0,-1.E0));
#1941=AXIS2_PLACEMENT_3D('',#1938,#1939,#1940);
#1943=DIRECTION('',(0.E0,0.E0,-1.E0));
#1944=VECTOR('',#1943,3.999999994723E-1);
#1945=CARTESIAN_POINT('',(2.95E0,2.015E0,-1.700000000625E0));
#1946=LINE('',#1945,#1944);
#1947=DIRECTION('',(0.E0,-1.E0,2.425148970531E-10));
#1948=VECTOR('',#1947,4.E-1);
#1949=CARTESIAN_POINT('',(2.95E0,2.015E0,-2.100000000097E0));
#1950=LINE('',#1949,#1948);
#1951=DIRECTION('',(0.E0,-1.E0,1.561853979482E-9));
#1952=VECTOR('',#1951,4.E-1);
#1953=CARTESIAN_POINT('',(2.95E0,2.015E0,-1.700000000625E0));
#1954=LINE('',#1953,#1952);
#1955=CARTESIAN_POINT('',(2.85E0,2.015E0,-1.7E0));
#1956=DIRECTION('',(0.E0,0.E0,-1.E0));
#1957=DIRECTION('',(0.E0,1.E0,0.E0));
#1958=AXIS2_PLACEMENT_3D('',#1955,#1956,#1957);
#1960=CARTESIAN_POINT('',(2.75E0,2.015E0,-1.6E0));
#1961=DIRECTION('',(1.E0,0.E0,0.E0));
#1962=DIRECTION('',(0.E0,1.E0,0.E0));
#1963=AXIS2_PLACEMENT_3D('',#1960,#1961,#1962);
#1965=CARTESIAN_POINT('',(2.75E0,2.015E0,-1.7E0));
#1966=DIRECTION('',(0.E0,1.E0,0.E0));
#1967=DIRECTION('',(0.E0,0.E0,1.E0));
#1968=AXIS2_PLACEMENT_3D('',#1965,#1966,#1967);
#1970=CARTESIAN_POINT('',(2.75E0,1.615E0,-1.7E0));
#1971=DIRECTION('',(0.E0,-1.E0,0.E0));
#1972=DIRECTION('',(1.E0,0.E0,0.E0));
#1973=AXIS2_PLACEMENT_3D('',#1970,#1971,#1972);
#1975=DIRECTION('',(1.E0,0.E0,0.E0));
#1976=VECTOR('',#1975,1.049999999968E0);
#1977=CARTESIAN_POINT('',(1.700000000129E0,2.015E0,-1.5E0));
#1978=LINE('',#1977,#1976);
#1979=DIRECTION('',(-2.425148970531E-10,-1.E0,0.E0));
#1980=VECTOR('',#1979,4.E-1);
#1981=CARTESIAN_POINT('',(2.750000000097E0,2.015E0,-1.5E0));
#1982=LINE('',#1981,#1980);
#1983=DIRECTION('',(3.224187583584E-10,1.E0,0.E0));
#1984=VECTOR('',#1983,4.E-1);
#1985=CARTESIAN_POINT('',(1.7E0,1.615E0,-1.5E0));
#1986=LINE('',#1985,#1984);
#1987=CARTESIAN_POINT('',(1.7E0,2.015E0,-1.6E0));
#1988=DIRECTION('',(1.E0,0.E0,0.E0));
#1989=DIRECTION('',(0.E0,1.E0,0.E0));
#1990=AXIS2_PLACEMENT_3D('',#1987,#1988,#1989);
#1992=CARTESIAN_POINT('',(1.4E0,2.015E0,-1.3E0));
#1993=DIRECTION('',(0.E0,0.E0,-1.E0));
#1994=DIRECTION('',(0.E0,1.E0,0.E0));
#1995=AXIS2_PLACEMENT_3D('',#1992,#1993,#1994);
#1997=CARTESIAN_POINT('',(1.7E0,2.015E0,-1.3E0));
#1998=DIRECTION('',(0.E0,-1.E0,0.E0));
#1999=DIRECTION('',(-1.E0,0.E0,0.E0));
#2000=AXIS2_PLACEMENT_3D('',#1997,#1998,#1999);
#2002=DIRECTION('',(0.E0,0.E0,-1.E0));
#2003=VECTOR('',#2002,2.400000000091E0);
#2004=CARTESIAN_POINT('',(1.5E0,2.015E0,1.099999999871E0));
#2005=LINE('',#2004,#2003);
#2006=DIRECTION('',(0.E0,1.E0,-5.509087630529E-10));
#2007=VECTOR('',#2006,4.E-1);
#2008=CARTESIAN_POINT('',(1.5E0,1.615E0,-1.3E0));
#2009=LINE('',#2008,#2007);
#2010=DIRECTION('',(0.E0,1.E0,-3.224176481353E-10));
#2011=VECTOR('',#2010,4.E-1);
#2012=CARTESIAN_POINT('',(1.5E0,1.615E0,1.1E0));
#2013=LINE('',#2012,#2011);
#2014=CARTESIAN_POINT('',(1.4E0,2.015E0,1.1E0));
#2015=DIRECTION('',(0.E0,0.E0,-1.E0));
#2016=DIRECTION('',(0.E0,1.E0,0.E0));
#2017=AXIS2_PLACEMENT_3D('',#2014,#2015,#2016);
#2019=CARTESIAN_POINT('',(1.7E0,2.015E0,1.4E0));
#2020=DIRECTION('',(-1.E0,0.E0,0.E0));
#2021=DIRECTION('',(0.E0,1.E0,0.E0));
#2022=AXIS2_PLACEMENT_3D('',#2019,#2020,#2021);
#2024=CARTESIAN_POINT('',(1.7E0,2.015E0,1.1E0));
#2025=DIRECTION('',(0.E0,-1.E0,0.E0));
#2026=DIRECTION('',(0.E0,0.E0,1.E0));
#2027=AXIS2_PLACEMENT_3D('',#2024,#2025,#2026);
#2029=DIRECTION('',(-1.E0,0.E0,0.E0));
#2030=VECTOR('',#2029,1.049999999596E0);
#2031=CARTESIAN_POINT('',(2.749999999375E0,2.015E0,1.3E0));
#2032=LINE('',#2031,#2030);
#2033=DIRECTION('',(-5.509076528298E-10,1.E0,0.E0));
#2034=VECTOR('',#2033,4.E-1);
#2035=CARTESIAN_POINT('',(1.7E0,1.615E0,1.3E0));
#2036=LINE('',#2035,#2034);
#2037=DIRECTION('',(1.561856199928E-9,-1.E0,0.E0));
#2038=VECTOR('',#2037,4.E-1);
#2039=CARTESIAN_POINT('',(2.749999999375E0,2.015E0,1.3E0));
#2040=LINE('',#2039,#2038);
#2041=CARTESIAN_POINT('',(2.75E0,2.015E0,1.4E0));
#2042=DIRECTION('',(-1.E0,0.E0,0.E0));
#2043=DIRECTION('',(0.E0,1.E0,0.E0));
#2044=AXIS2_PLACEMENT_3D('',#2041,#2042,#2043);
#2046=CARTESIAN_POINT('',(2.85E0,2.015E0,1.5E0));
#2047=DIRECTION('',(0.E0,0.E0,-1.E0));
#2048=DIRECTION('',(0.E0,1.E0,0.E0));
#2049=AXIS2_PLACEMENT_3D('',#2046,#2047,#2048);
#2051=CARTESIAN_POINT('',(2.75E0,2.015E0,1.5E0));
#2052=DIRECTION('',(0.E0,1.E0,0.E0));
#2053=DIRECTION('',(1.E0,0.E0,0.E0));
#2054=AXIS2_PLACEMENT_3D('',#2051,#2052,#2053);
#2056=CARTESIAN_POINT('',(2.75E0,1.615E0,1.5E0));
#2057=DIRECTION('',(0.E0,-1.E0,0.E0));
#2058=DIRECTION('',(0.E0,0.E0,-1.E0));
#2059=AXIS2_PLACEMENT_3D('',#2056,#2057,#2058);
#2061=DIRECTION('',(0.E0,0.E0,-1.E0));
#2062=VECTOR('',#2061,3.999999994723E-1);
#2063=CARTESIAN_POINT('',(2.95E0,2.015E0,1.899999999375E0));
#2064=LINE('',#2063,#2062);
#2065=DIRECTION('',(0.E0,-1.E0,2.425154521646E-10));
#2066=VECTOR('',#2065,4.E-1);
#2067=CARTESIAN_POINT('',(2.95E0,2.015E0,1.499999999903E0));
#2068=LINE('',#2067,#2066);
#2069=DIRECTION('',(0.E0,-1.E0,1.561854534593E-9));
#2070=VECTOR('',#2069,4.E-1);
#2071=CARTESIAN_POINT('',(2.95E0,2.015E0,1.899999999375E0));
#2072=LINE('',#2071,#2070);
#2073=CARTESIAN_POINT('',(2.85E0,2.015E0,1.9E0));
#2074=DIRECTION('',(0.E0,0.E0,-1.E0));
#2075=DIRECTION('',(0.E0,1.E0,0.E0));
#2076=AXIS2_PLACEMENT_3D('',#2073,#2074,#2075);
#2078=CARTESIAN_POINT('',(2.75E0,2.015E0,2.E0));
#2079=DIRECTION('',(1.E0,0.E0,0.E0));
#2080=DIRECTION('',(0.E0,1.E0,0.E0));
#2081=AXIS2_PLACEMENT_3D('',#2078,#2079,#2080);
#2083=CARTESIAN_POINT('',(2.75E0,2.015E0,1.9E0));
#2084=DIRECTION('',(0.E0,1.E0,0.E0));
#2085=DIRECTION('',(0.E0,0.E0,1.E0));
#2086=AXIS2_PLACEMENT_3D('',#2083,#2084,#2085);
#2088=CARTESIAN_POINT('',(2.75E0,1.615E0,1.9E0));
#2089=DIRECTION('',(0.E0,-1.E0,0.E0));
#2090=DIRECTION('',(1.E0,0.E0,0.E0));
#2091=AXIS2_PLACEMENT_3D('',#2088,#2089,#2090);
#2093=DIRECTION('',(1.E0,0.E0,0.E0));
#2094=VECTOR('',#2093,1.049999999968E0);
#2095=CARTESIAN_POINT('',(1.700000000129E0,2.015E0,2.1E0));
#2096=LINE('',#2095,#2094);
#2097=DIRECTION('',(-2.425171174991E-10,-1.E0,0.E0));
#2098=VECTOR('',#2097,4.E-1);
#2099=CARTESIAN_POINT('',(2.750000000097E0,2.015E0,2.1E0));
#2100=LINE('',#2099,#2098);
#2101=DIRECTION('',(3.224187583584E-10,1.E0,0.E0));
#2102=VECTOR('',#2101,4.E-1);
#2103=CARTESIAN_POINT('',(1.7E0,1.615E0,2.1E0));
#2104=LINE('',#2103,#2102);
#2105=CARTESIAN_POINT('',(1.7E0,2.015E0,2.E0));
#2106=DIRECTION('',(1.E0,0.E0,0.E0));
#2107=DIRECTION('',(0.E0,1.E0,0.E0));
#2108=AXIS2_PLACEMENT_3D('',#2105,#2106,#2107);
#2110=CARTESIAN_POINT('',(1.4E0,2.015E0,2.3E0));
#2111=DIRECTION('',(0.E0,0.E0,-1.E0));
#2112=DIRECTION('',(0.E0,1.E0,0.E0));
#2113=AXIS2_PLACEMENT_3D('',#2110,#2111,#2112);
#2115=CARTESIAN_POINT('',(1.7E0,2.015E0,2.3E0));
#2116=DIRECTION('',(0.E0,-1.E0,0.E0));
#2117=DIRECTION('',(-1.E0,0.E0,0.E0));
#2118=AXIS2_PLACEMENT_3D('',#2115,#2116,#2117);
#2120=DIRECTION('',(0.E0,0.E0,-1.E0));
#2121=VECTOR('',#2120,2.999999995956E-1);
#2122=CARTESIAN_POINT('',(1.5E0,2.015E0,2.599999999375E0));
#2123=LINE('',#2122,#2121);
#2124=DIRECTION('',(0.E0,1.E0,-5.509070977183E-10));
#2125=VECTOR('',#2124,4.E-1);
#2126=CARTESIAN_POINT('',(1.5E0,1.615E0,2.3E0));
#2127=LINE('',#2126,#2125);
#2128=DIRECTION('',(0.E0,-1.E0,1.561855089705E-9));
#2129=VECTOR('',#2128,4.E-1);
#2130=CARTESIAN_POINT('',(1.5E0,2.015E0,2.599999999375E0));
#2131=LINE('',#2130,#2129);
#2132=CARTESIAN_POINT('',(1.4E0,2.015E0,2.6E0));
#2133=DIRECTION('',(0.E0,0.E0,-1.E0));
#2134=DIRECTION('',(0.E0,1.E0,0.E0));
#2135=AXIS2_PLACEMENT_3D('',#2132,#2133,#2134);
#2137=CARTESIAN_POINT('',(1.3E0,2.015E0,2.7E0));
#2138=DIRECTION('',(1.E0,0.E0,0.E0));
#2139=DIRECTION('',(0.E0,1.E0,0.E0));
#2140=AXIS2_PLACEMENT_3D('',#2137,#2138,#2139);
#2142=CARTESIAN_POINT('',(1.3E0,2.015E0,2.6E0));
#2143=DIRECTION('',(0.E0,1.E0,0.E0));
#2144=DIRECTION('',(0.E0,0.E0,1.E0));
#2145=AXIS2_PLACEMENT_3D('',#2142,#2143,#2144);
#2147=CARTESIAN_POINT('',(1.3E0,1.615E0,2.6E0));
#2148=DIRECTION('',(0.E0,-1.E0,0.E0));
#2149=DIRECTION('',(1.E0,0.E0,0.E0));
#2150=AXIS2_PLACEMENT_3D('',#2147,#2148,#2149);
#2152=DIRECTION('',(1.E0,0.E0,0.E0));
#2153=VECTOR('',#2152,1.999999994723E-1);
#2154=CARTESIAN_POINT('',(1.100000000625E0,2.015E0,2.8E0));
#2155=LINE('',#2154,#2153);
#2156=DIRECTION('',(-2.425160072761E-10,-1.E0,0.E0));
#2157=VECTOR('',#2156,4.E-1);
#2158=CARTESIAN_POINT('',(1.300000000097E0,2.015E0,2.8E0));
#2159=LINE('',#2158,#2157);
#2160=DIRECTION('',(-1.561855089705E-9,-1.E0,0.E0));
#2161=VECTOR('',#2160,4.E-1);
#2162=CARTESIAN_POINT('',(1.100000000625E0,2.015E0,2.8E0));
#2163=LINE('',#2162,#2161);
#2164=CARTESIAN_POINT('',(1.1E0,2.015E0,2.7E0));
#2165=DIRECTION('',(1.E0,0.E0,0.E0));
#2166=DIRECTION('',(0.E0,1.E0,0.E0));
#2167=AXIS2_PLACEMENT_3D('',#2164,#2165,#2166);
#2169=CARTESIAN_POINT('',(1.E0,2.015E0,2.6E0));
#2170=DIRECTION('',(0.E0,0.E0,1.E0));
#2171=DIRECTION('',(0.E0,1.E0,0.E0));
#2172=AXIS2_PLACEMENT_3D('',#2169,#2170,#2171);
#2174=CARTESIAN_POINT('',(1.1E0,2.015E0,2.6E0));
#2175=DIRECTION('',(0.E0,1.E0,0.E0));
#2176=DIRECTION('',(-1.E0,0.E0,0.E0));
#2177=AXIS2_PLACEMENT_3D('',#2174,#2175,#2176);
#2179=CARTESIAN_POINT('',(1.1E0,1.615E0,2.6E0));
#2180=DIRECTION('',(0.E0,-1.E0,0.E0));
#2181=DIRECTION('',(0.E0,0.E0,1.E0));
#2182=AXIS2_PLACEMENT_3D('',#2179,#2180,#2181);
#2184=CARTESIAN_POINT('',(1.E0,2.015E0,-2.8E0));
#2185=DIRECTION('',(0.E0,0.E0,1.E0));
#2186=DIRECTION('',(0.E0,1.E0,0.E0));
#2187=AXIS2_PLACEMENT_3D('',#2184,#2185,#2186);
#2189=DIRECTION('',(0.E0,1.E0,0.E0));
#2190=VECTOR('',#2189,2.E-2);
#2191=CARTESIAN_POINT('',(2.259434037280E0,1.615E0,4.045250041306E-1));
#2192=LINE('',#2191,#2190);
#2193=DIRECTION('',(0.E0,1.E0,0.E0));
#2194=VECTOR('',#2193,2.E-2);
#2195=CARTESIAN_POINT('',(2.259434037280E0,1.615E0,5.258E-1));
#2196=LINE('',#2195,#2194);
#2197=DIRECTION('',(0.E0,1.E0,0.E0));
#2198=VECTOR('',#2197,2.E-2);
#2199=CARTESIAN_POINT('',(1.7994E0,1.615E0,5.258E-1));
#2200=LINE('',#2199,#2198);
#2201=DIRECTION('',(0.E0,1.E0,0.E0));
#2202=VECTOR('',#2201,2.E-2);
#2203=CARTESIAN_POINT('',(1.7994E0,1.615E0,-6.324998347759E-2));
#2204=LINE('',#2203,#2202);
#2205=DIRECTION('',(0.E0,1.E0,0.E0));
#2206=VECTOR('',#2205,2.E-2);
#2207=CARTESIAN_POINT('',(1.887868074560E0,1.615E0,-6.324998347759E-2));
#2208=LINE('',#2207,#2206);
#2209=DIRECTION('',(0.E0,1.E0,0.E0));
#2210=VECTOR('',#2209,2.E-2);
#2211=CARTESIAN_POINT('',(1.887868074560E0,1.615E0,4.391750020653E-1));
#2212=LINE('',#2211,#2210);
#2213=DIRECTION('',(0.E0,1.E0,0.E0));
#2214=VECTOR('',#2213,2.E-2);
#2215=CARTESIAN_POINT('',(2.170965962720E0,1.615E0,4.391750020653E-1));
#2216=LINE('',#2215,#2214);
#2217=DIRECTION('',(0.E0,1.E0,1.665334536938E-14));
#2218=VECTOR('',#2217,2.E-2);
#2219=CARTESIAN_POINT('',(2.117885117984E0,1.615E0,3.525500041306E-1));
#2220=LINE('',#2219,#2218);
#2221=DIRECTION('',(0.E0,1.E0,0.E0));
#2222=VECTOR('',#2221,2.E-2);
#2223=CARTESIAN_POINT('',(2.100191503072E0,1.615E0,2.65925E-1));
#2224=LINE('',#2223,#2222);
#2225=DIRECTION('',(0.E0,1.E0,0.E0));
#2226=VECTOR('',#2225,2.E-2);
#2227=CARTESIAN_POINT('',(2.100191503072E0,1.615E0,1.61975E-1));
#2228=LINE('',#2227,#2226);
#2229=DIRECTION('',(0.E0,1.E0,-2.220446049250E-14));
#2230=VECTOR('',#2229,2.E-2);
#2231=CARTESIAN_POINT('',(2.117885117984E0,1.615E0,7.534998347759E-2));
#2232=LINE('',#2231,#2230);
#2233=DIRECTION('',(0.E0,1.E0,0.E0));
#2234=VECTOR('',#2233,2.E-2);
#2235=CARTESIAN_POINT('',(2.170965962720E0,1.615E0,-1.127498347759E-2));
#2236=LINE('',#2235,#2234);
#2237=DIRECTION('',(0.E0,1.E0,0.E0));
#2238=VECTOR('',#2237,2.E-2);
#2239=CARTESIAN_POINT('',(2.241740422368E0,1.615E0,-6.324998347759E-2));
#2240=LINE('',#2239,#2238);
#2241=DIRECTION('',(0.E0,1.E0,0.E0));
#2242=VECTOR('',#2241,2.E-2);
#2243=CARTESIAN_POINT('',(2.330208521712E0,1.615E0,-9.79E-2));
#2244=LINE('',#2243,#2242);
#2245=DIRECTION('',(0.E0,1.E0,0.E0));
#2246=VECTOR('',#2245,2.E-2);
#2247=CARTESIAN_POINT('',(2.400982981360E0,1.615E0,-9.79E-2));
#2248=LINE('',#2247,#2246);
#2249=DIRECTION('',(0.E0,1.E0,0.E0));
#2250=VECTOR('',#2249,2.E-2);
#2251=CARTESIAN_POINT('',(2.489451068312E0,1.615E0,-6.324998347759E-2));
#2252=LINE('',#2251,#2250);
#2253=DIRECTION('',(0.E0,1.E0,0.E0));
#2254=VECTOR('',#2253,2.E-2);
#2255=CARTESIAN_POINT('',(2.560225534156E0,1.615E0,-1.127498347759E-2));
#2256=LINE('',#2255,#2254);
#2257=DIRECTION('',(0.E0,1.E0,0.E0));
#2258=VECTOR('',#2257,2.E-2);
#2259=CARTESIAN_POINT('',(2.613306383539E0,1.615E0,7.534998347759E-2));
#2260=LINE('',#2259,#2258);
#2261=DIRECTION('',(0.E0,1.E0,0.E0));
#2262=VECTOR('',#2261,2.E-2);
#2263=CARTESIAN_POINT('',(2.631E0,1.615E0,1.61975E-1));
#2264=LINE('',#2263,#2262);
#2265=DIRECTION('',(0.E0,1.E0,0.E0));
#2266=VECTOR('',#2265,2.E-2);
#2267=CARTESIAN_POINT('',(2.631E0,1.615E0,2.65925E-1));
#2268=LINE('',#2267,#2266);
#2269=DIRECTION('',(0.E0,1.E0,0.E0));
#2270=VECTOR('',#2269,2.E-2);
#2271=CARTESIAN_POINT('',(2.613306383539E0,1.615E0,3.525500041306E-1));
#2272=LINE('',#2271,#2270);
#2273=DIRECTION('',(0.E0,1.E0,0.E0));
#2274=VECTOR('',#2273,2.E-2);
#2275=CARTESIAN_POINT('',(2.560225534156E0,1.615E0,4.391750020653E-1));
#2276=LINE('',#2275,#2274);
#2277=DIRECTION('',(0.E0,1.E0,0.E0));
#2278=VECTOR('',#2277,2.E-2);
#2279=CARTESIAN_POINT('',(2.489451068312E0,1.615E0,4.911499989673E-1));
#2280=LINE('',#2279,#2278);
#2281=DIRECTION('',(0.E0,1.E0,0.E0));
#2282=VECTOR('',#2281,2.E-2);
#2283=CARTESIAN_POINT('',(2.418676596272E0,1.615E0,5.258E-1));
#2284=LINE('',#2283,#2282);
#2285=DIRECTION('',(0.E0,1.E0,0.E0));
#2286=VECTOR('',#2285,2.E-2);
#2287=CARTESIAN_POINT('',(2.418676596272E0,1.615E0,4.2185E-1));
#2288=LINE('',#2287,#2286);
#2289=DIRECTION('',(0.E0,1.E0,0.E0));
#2290=VECTOR('',#2289,2.E-2);
#2291=CARTESIAN_POINT('',(2.489451068312E0,1.615E0,3.871999958694E-1));
#2292=LINE('',#2291,#2290);
#2293=DIRECTION('',(2.220446049250E-14,1.E0,0.E0));
#2294=VECTOR('',#2293,2.E-2);
#2295=CARTESIAN_POINT('',(2.524838298136E0,1.615E0,3.352249958694E-1));
#2296=LINE('',#2295,#2294);
#2297=DIRECTION('',(0.E0,1.E0,0.E0));
#2298=VECTOR('',#2297,2.E-2);
#2299=CARTESIAN_POINT('',(2.542531913048E0,1.615E0,2.65925E-1));
#2300=LINE('',#2299,#2298);
#2301=DIRECTION('',(0.E0,1.E0,1.526556658860E-14));
#2302=VECTOR('',#2301,2.E-2);
#2303=CARTESIAN_POINT('',(2.542531913048E0,1.615E0,1.61975E-1));
#2304=LINE('',#2303,#2302);
#2305=DIRECTION('',(2.220446049250E-14,1.E0,2.220446049250E-14));
#2306=VECTOR('',#2305,2.E-2);
#2307=CARTESIAN_POINT('',(2.524838298136E0,1.615E0,9.267501652241E-2));
#2308=LINE('',#2307,#2306);
#2309=DIRECTION('',(0.E0,1.E0,0.E0));
#2310=VECTOR('',#2309,2.E-2);
#2311=CARTESIAN_POINT('',(2.489451068312E0,1.615E0,4.070001652241E-2));
#2312=LINE('',#2311,#2310);
#2313=DIRECTION('',(0.E0,1.E0,0.E0));
#2314=VECTOR('',#2313,2.E-2);
#2315=CARTESIAN_POINT('',(2.436370211184E0,1.615E0,6.05E-3));
#2316=LINE('',#2315,#2314);
#2317=DIRECTION('',(0.E0,1.E0,0.E0));
#2318=VECTOR('',#2317,2.E-2);
#2319=CARTESIAN_POINT('',(2.383289366448E0,1.615E0,-1.127498347759E-2));
#2320=LINE('',#2319,#2318);
#2321=DIRECTION('',(0.E0,1.E0,0.E0));
#2322=VECTOR('',#2321,2.E-2);
#2323=CARTESIAN_POINT('',(2.347902136624E0,1.615E0,-1.127498347759E-2));
#2324=LINE('',#2323,#2322);
#2325=DIRECTION('',(0.E0,1.E0,0.E0));
#2326=VECTOR('',#2325,2.E-2);
#2327=CARTESIAN_POINT('',(2.294821267104E0,1.615E0,6.05E-3));
#2328=LINE('',#2327,#2326);
#2329=DIRECTION('',(0.E0,1.E0,0.E0));
#2330=VECTOR('',#2329,2.E-2);
#2331=CARTESIAN_POINT('',(2.241740422368E0,1.615E0,4.070001652241E-2));
#2332=LINE('',#2331,#2330);
#2333=DIRECTION('',(0.E0,1.E0,0.E0));
#2334=VECTOR('',#2333,2.E-2);
#2335=CARTESIAN_POINT('',(2.206353192544E0,1.615E0,9.267501652241E-2));
#2336=LINE('',#2335,#2334);
#2337=DIRECTION('',(0.E0,1.E0,0.E0));
#2338=VECTOR('',#2337,2.E-2);
#2339=CARTESIAN_POINT('',(2.188659577632E0,1.615E0,1.61975E-1));
#2340=LINE('',#2339,#2338);
#2341=DIRECTION('',(0.E0,1.E0,0.E0));
#2342=VECTOR('',#2341,2.E-2);
#2343=CARTESIAN_POINT('',(2.188659577632E0,1.615E0,2.65925E-1));
#2344=LINE('',#2343,#2342);
#2345=DIRECTION('',(0.E0,1.E0,0.E0));
#2346=VECTOR('',#2345,2.E-2);
#2347=CARTESIAN_POINT('',(2.206353192544E0,1.615E0,3.352249958694E-1));
#2348=LINE('',#2347,#2346);
#2349=DIRECTION('',(-6.080767864179E-1,0.E0,-7.938782159876E-1));
#2350=VECTOR('',#2349,8.729299641381E-2);
#2351=CARTESIAN_POINT('',(2.259434037280E0,1.635E0,4.045250041306E-1));
#2352=LINE('',#2351,#2350);
#2353=DIRECTION('',(0.E0,0.E0,-1.E0));
#2354=VECTOR('',#2353,1.212749958694E-1);
#2355=CARTESIAN_POINT('',(2.259434037280E0,1.635E0,5.258E-1));
#2356=LINE('',#2355,#2354);
#2357=DIRECTION('',(1.E0,0.E0,0.E0));
#2358=VECTOR('',#2357,4.600340372801E-1);
#2359=CARTESIAN_POINT('',(1.7994E0,1.635E0,5.258E-1));
#2360=LINE('',#2359,#2358);
#2361=DIRECTION('',(0.E0,0.E0,1.E0));
#2362=VECTOR('',#2361,5.890499834776E-1);
#2363=CARTESIAN_POINT('',(1.7994E0,1.635E0,-6.324998347759E-2));
#2364=LINE('',#2363,#2362);
#2365=DIRECTION('',(-1.E0,0.E0,0.E0));
#2366=VECTOR('',#2365,8.846807456017E-2);
#2367=CARTESIAN_POINT('',(1.887868074560E0,1.635E0,-6.324998347759E-2));
#2368=LINE('',#2367,#2366);
#2369=DIRECTION('',(0.E0,0.E0,-1.E0));
#2370=VECTOR('',#2369,5.024249855429E-1);
#2371=CARTESIAN_POINT('',(1.887868074560E0,1.635E0,4.391750020653E-1));
#2372=LINE('',#2371,#2370);
#2373=DIRECTION('',(-1.E0,0.E0,0.E0));
#2374=VECTOR('',#2373,2.830978881598E-1);
#2375=CARTESIAN_POINT('',(2.170965962720E0,1.635E0,4.391750020653E-1));
#2376=LINE('',#2375,#2374);
#2377=DIRECTION('',(5.224769376483E-1,0.E0,8.526534170609E-1));
#2378=VECTOR('',#2377,1.015946176974E-1);
#2379=CARTESIAN_POINT('',(2.117885117984E0,1.635E0,3.525500041306E-1));
#2380=LINE('',#2379,#2378);
#2381=DIRECTION('',(2.001233458994E-1,0.E0,9.797707111493E-1));
#2382=VECTOR('',#2381,8.841354731760E-2);
#2383=CARTESIAN_POINT('',(2.100191503072E0,1.635E0,2.65925E-1));
#2384=LINE('',#2383,#2382);
#2385=DIRECTION('',(0.E0,0.E0,1.E0));
#2386=VECTOR('',#2385,1.0395E-1);
#2387=CARTESIAN_POINT('',(2.100191503072E0,1.635E0,1.61975E-1));
#2388=LINE('',#2387,#2386);
#2389=DIRECTION('',(-2.001233184181E-1,0.E0,9.797707167625E-1));
#2390=VECTOR('',#2389,8.841355945873E-2);
#2391=CARTESIAN_POINT('',(2.117885117984E0,1.635E0,7.534998347759E-2));
#2392=LINE('',#2391,#2390);
#2393=DIRECTION('',(-5.224770734933E-1,0.E0,8.526533338197E-1));
#2394=VECTOR('',#2393,1.015945912826E-1);
#2395=CARTESIAN_POINT('',(2.170965962720E0,1.635E0,-1.127498347759E-2));
#2396=LINE('',#2395,#2394);
#2397=DIRECTION('',(-8.060043958311E-1,0.E0,5.919095487496E-1));
#2398=VECTOR('',#2397,8.780902438523E-2);
#2399=CARTESIAN_POINT('',(2.241740422368E0,1.635E0,-6.324998347759E-2));
#2400=LINE('',#2399,#2398);
#2401=DIRECTION('',(-9.311282116446E-1,0.E0,3.646919981020E-1));
#2402=VECTOR('',#2401,9.501172688939E-2);
#2403=CARTESIAN_POINT('',(2.330208521712E0,1.635E0,-9.79E-2));
#2404=LINE('',#2403,#2402);
#2405=DIRECTION('',(-1.E0,0.E0,0.E0));
#2406=VECTOR('',#2405,7.077445964813E-2);
#2407=CARTESIAN_POINT('',(2.400982981360E0,1.635E0,-9.79E-2));
#2408=LINE('',#2407,#2406);
#2409=DIRECTION('',(-9.311281942981E-1,0.E0,-3.646920423907E-1));
#2410=VECTOR('',#2409,9.501171535103E-2);
#2411=CARTESIAN_POINT('',(2.489451068312E0,1.635E0,-6.324998347759E-2));
#2412=LINE('',#2411,#2410);
#2413=DIRECTION('',(-8.060044205527E-1,0.E0,-5.919095150862E-1));
#2414=VECTOR('',#2413,8.780902937915E-2);
#2415=CARTESIAN_POINT('',(2.560225534156E0,1.635E0,-1.127498347759E-2));
#2416=LINE('',#2415,#2414);
#2417=DIRECTION('',(-5.224771067470E-1,0.E0,-8.526533134429E-1));
#2418=VECTOR('',#2417,1.015945937105E-1);
#2419=CARTESIAN_POINT('',(2.613306383539E0,1.635E0,7.534998347759E-2));
#2420=LINE('',#2419,#2418);
#2421=DIRECTION('',(-2.001233352361E-1,0.E0,-9.797707133274E-1));
#2422=VECTOR('',#2421,8.841355976872E-2);
#2423=CARTESIAN_POINT('',(2.631E0,1.635E0,1.61975E-1));
#2424=LINE('',#2423,#2422);
#2425=DIRECTION('',(0.E0,0.E0,-1.E0));
#2426=VECTOR('',#2425,1.0395E-1);
#2427=CARTESIAN_POINT('',(2.631E0,1.635E0,2.65925E-1));
#2428=LINE('',#2427,#2426);
#2429=DIRECTION('',(2.001233627174E-1,0.E0,-9.797707077141E-1));
#2430=VECTOR('',#2429,8.841354762759E-2);
#2431=CARTESIAN_POINT('',(2.613306383539E0,1.635E0,3.525500041306E-1));
#2432=LINE('',#2431,#2430);
#2433=DIRECTION('',(5.224769709020E-1,0.E0,-8.526533966842E-1));
#2434=VECTOR('',#2433,1.015946201253E-1);
#2435=CARTESIAN_POINT('',(2.560225534156E0,1.635E0,4.391750020653E-1));
#2436=LINE('',#2435,#2434);
#2437=DIRECTION('',(8.060044373844E-1,0.E0,-5.919094921664E-1));
#2438=VECTOR('',#2437,8.780902754544E-2);
#2439=CARTESIAN_POINT('',(2.489451068312E0,1.635E0,4.911499989673E-1));
#2440=LINE('',#2439,#2438);
#2441=DIRECTION('',(8.981381224003E-1,0.E0,-4.397134442921E-1));
#2442=VECTOR('',#2441,7.880132273062E-2);
#2443=CARTESIAN_POINT('',(2.418676596272E0,1.635E0,5.258E-1));
#2444=LINE('',#2443,#2442);
#2445=DIRECTION('',(0.E0,0.E0,1.E0));
#2446=VECTOR('',#2445,1.0395E-1);
#2447=CARTESIAN_POINT('',(2.418676596272E0,1.635E0,4.2185E-1));
#2448=LINE('',#2447,#2446);
#2449=DIRECTION('',(-8.981381068745E-1,0.E0,4.397134760043E-1));
#2450=VECTOR('',#2449,7.880132409283E-2);
#2451=CARTESIAN_POINT('',(2.489451068312E0,1.635E0,3.871999958694E-1));
#2452=LINE('',#2451,#2450);
#2453=DIRECTION('',(-5.627909312417E-1,0.E0,8.265992787996E-1));
#2454=VECTOR('',#2453,6.287810954236E-2);
#2455=CARTESIAN_POINT('',(2.524838298136E0,1.635E0,3.352249958694E-1));
#2456=LINE('',#2455,#2454);
#2457=DIRECTION('',(-2.473832314230E-1,0.E0,9.689177141588E-1));
#2458=VECTOR('',#2457,7.152309722148E-2);
#2459=CARTESIAN_POINT('',(2.542531913048E0,1.635E0,2.65925E-1));
#2460=LINE('',#2459,#2458);
#2461=DIRECTION('',(0.E0,0.E0,1.E0));
#2462=VECTOR('',#2461,1.0395E-1);
#2463=CARTESIAN_POINT('',(2.542531913048E0,1.635E0,1.61975E-1));
#2464=LINE('',#2463,#2462);
#2465=DIRECTION('',(2.473832729514E-1,0.E0,9.689177035558E-1));
#2466=VECTOR('',#2465,7.152308521484E-2);
#2467=CARTESIAN_POINT('',(2.524838298136E0,1.635E0,9.267501652241E-2));
#2468=LINE('',#2467,#2466);
#2469=DIRECTION('',(5.627909312417E-1,0.E0,8.265992787996E-1));
#2470=VECTOR('',#2469,6.287810954236E-2);
#2471=CARTESIAN_POINT('',(2.489451068312E0,1.635E0,4.070001652241E-2));
#2472=LINE('',#2471,#2470);
#2473=DIRECTION('',(8.373790596451E-1,0.E0,5.466226399153E-1));
#2474=VECTOR('',#2473,6.338928173151E-2);
#2475=CARTESIAN_POINT('',(2.436370211184E0,1.635E0,6.05E-3));
#2476=LINE('',#2475,#2474);
#2477=DIRECTION('',(9.506452793929E-1,0.E0,3.102797975506E-1));
#2478=VECTOR('',#2477,5.583664684055E-2);
#2479=CARTESIAN_POINT('',(2.383289366448E0,1.635E0,-1.127498347759E-2));
#2480=LINE('',#2479,#2478);
#2481=DIRECTION('',(1.E0,0.E0,0.E0));
#2482=VECTOR('',#2481,3.538722982407E-2);
#2483=CARTESIAN_POINT('',(2.347902136624E0,1.635E0,-1.127498347759E-2));
#2484=LINE('',#2483,#2482);
#2485=DIRECTION('',(9.506453221247E-1,0.E0,-3.102796666273E-1));
#2486=VECTOR('',#2485,5.583667040098E-2);
#2487=CARTESIAN_POINT('',(2.294821267104E0,1.635E0,6.05E-3));
#2488=LINE('',#2487,#2486);
#2489=DIRECTION('',(8.373790012342E-1,0.E0,-5.466227293958E-1));
#2490=VECTOR('',#2489,6.338927135487E-2);
#2491=CARTESIAN_POINT('',(2.241740422368E0,1.635E0,4.070001652241E-2));
#2492=LINE('',#2491,#2490);
#2493=DIRECTION('',(5.627909312417E-1,0.E0,-8.265992787996E-1));
#2494=VECTOR('',#2493,6.287810954236E-2);
#2495=CARTESIAN_POINT('',(2.206353192544E0,1.635E0,9.267501652241E-2));
#2496=LINE('',#2495,#2494);
#2497=DIRECTION('',(2.473832729514E-1,0.E0,-9.689177035558E-1));
#2498=VECTOR('',#2497,7.152308521484E-2);
#2499=CARTESIAN_POINT('',(2.188659577632E0,1.635E0,1.61975E-1));
#2500=LINE('',#2499,#2498);
#2501=DIRECTION('',(0.E0,0.E0,-1.E0));
#2502=VECTOR('',#2501,1.0395E-1);
#2503=CARTESIAN_POINT('',(2.188659577632E0,1.635E0,2.65925E-1));
#2504=LINE('',#2503,#2502);
#2505=DIRECTION('',(-2.473832314230E-1,0.E0,-9.689177141588E-1));
#2506=VECTOR('',#2505,7.152309722148E-2);
#2507=CARTESIAN_POINT('',(2.206353192544E0,1.635E0,3.352249958694E-1));
#2508=LINE('',#2507,#2506);
#2509=DIRECTION('',(7.543047531648E-1,0.E0,6.565244392656E-1));
#2510=VECTOR('',#2509,6.333350680713E-1);
#2511=CARTESIAN_POINT('',(1.7994E0,1.635E0,-6.522999669552E-1));
#2512=LINE('',#2511,#2510);
#2513=DIRECTION('',(0.E0,0.E0,1.E0));
#2514=VECTOR('',#2513,1.0395E-1);
#2515=CARTESIAN_POINT('',(1.7994E0,1.635E0,-7.562499669552E-1));
#2516=LINE('',#2515,#2514);
#2517=DIRECTION('',(-1.E0,0.E0,0.E0));
#2518=VECTOR('',#2517,4.777276521921E-1);
#2519=CARTESIAN_POINT('',(2.277127652192E0,1.635E0,-7.562499669552E-1));
#2520=LINE('',#2519,#2518);
#2521=DIRECTION('',(0.E0,0.E0,1.E0));
#2522=VECTOR('',#2521,1.732500330448E-1);
#2523=CARTESIAN_POINT('',(2.277127652192E0,1.635E0,-9.295E-1));
#2524=LINE('',#2523,#2522);
#2525=DIRECTION('',(-1.E0,0.E0,0.E0));
#2526=VECTOR('',#2525,1.061617142558E-1);
#2527=CARTESIAN_POINT('',(2.383289366448E0,1.635E0,-9.295E-1));
#2528=LINE('',#2527,#2526);
#2529=DIRECTION('',(0.E0,0.E0,-1.E0));
#2530=VECTOR('',#2529,1.732500330448E-1);
#2531=CARTESIAN_POINT('',(2.383289366448E0,1.635E0,-7.562499669552E-1));
#2532=LINE('',#2531,#2530);
#2533=DIRECTION('',(-1.E0,0.E0,0.E0));
#2534=VECTOR('',#2533,2.477106335521E-1);
#2535=CARTESIAN_POINT('',(2.631E0,1.635E0,-7.562499669552E-1));
#2536=LINE('',#2535,#2534);
#2537=DIRECTION('',(0.E0,0.E0,-1.E0));
#2538=VECTOR('',#2537,1.0395E-1);
#2539=CARTESIAN_POINT('',(2.631E0,1.635E0,-6.522999669552E-1));
#2540=LINE('',#2539,#2538);
#2541=DIRECTION('',(1.E0,0.E0,0.E0));
#2542=VECTOR('',#2541,2.477106335521E-1);
#2543=CARTESIAN_POINT('',(2.383289366448E0,1.635E0,-6.522999669552E-1));
#2544=LINE('',#2543,#2542);
#2545=DIRECTION('',(0.E0,0.E0,-1.E0));
#2546=VECTOR('',#2545,4.157999504328E-1);
#2547=CARTESIAN_POINT('',(2.383289366448E0,1.635E0,-2.365000165224E-1));
#2548=LINE('',#2547,#2546);
#2549=DIRECTION('',(1.E0,0.E0,0.E0));
#2550=VECTOR('',#2549,1.061617142558E-1);
#2551=CARTESIAN_POINT('',(2.277127652192E0,1.635E0,-2.365000165224E-1));
#2552=LINE('',#2551,#2550);
#2553=DIRECTION('',(-7.521678722145E-1,0.E0,-6.589715411217E-1));
#2554=VECTOR('',#2553,4.469464135793E-1);
#2555=CARTESIAN_POINT('',(2.277127652192E0,1.635E0,-3.57775E-1));
#2556=LINE('',#2555,#2554);
#2557=DIRECTION('',(0.E0,0.E0,1.E0));
#2558=VECTOR('',#2557,2.945249669552E-1);
#2559=CARTESIAN_POINT('',(2.277127652192E0,1.635E0,-6.522999669552E-1));
#2560=LINE('',#2559,#2558);
#2561=DIRECTION('',(1.E0,0.E0,0.E0));
#2562=VECTOR('',#2561,3.361787328959E-1);
#2563=CARTESIAN_POINT('',(1.940948919296E0,1.635E0,-6.522999669552E-1));
#2564=LINE('',#2563,#2562);
#2565=DIRECTION('',(0.E0,1.E0,0.E0));
#2566=VECTOR('',#2565,2.E-2);
#2567=CARTESIAN_POINT('',(1.7994E0,1.615E0,-6.522999669552E-1));
#2568=LINE('',#2567,#2566);
#2569=DIRECTION('',(0.E0,1.E0,0.E0));
#2570=VECTOR('',#2569,2.E-2);
#2571=CARTESIAN_POINT('',(1.7994E0,1.615E0,-7.562499669552E-1));
#2572=LINE('',#2571,#2570);
#2573=DIRECTION('',(0.E0,1.E0,0.E0));
#2574=VECTOR('',#2573,2.E-2);
#2575=CARTESIAN_POINT('',(2.277127652192E0,1.615E0,-7.562499669552E-1));
#2576=LINE('',#2575,#2574);
#2577=DIRECTION('',(0.E0,1.E0,0.E0));
#2578=VECTOR('',#2577,2.E-2);
#2579=CARTESIAN_POINT('',(2.277127652192E0,1.615E0,-9.295E-1));
#2580=LINE('',#2579,#2578);
#2581=DIRECTION('',(0.E0,1.E0,0.E0));
#2582=VECTOR('',#2581,2.E-2);
#2583=CARTESIAN_POINT('',(2.383289366448E0,1.615E0,-9.295E-1));
#2584=LINE('',#2583,#2582);
#2585=DIRECTION('',(0.E0,1.E0,0.E0));
#2586=VECTOR('',#2585,2.E-2);
#2587=CARTESIAN_POINT('',(2.383289366448E0,1.615E0,-7.562499669552E-1));
#2588=LINE('',#2587,#2586);
#2589=DIRECTION('',(0.E0,1.E0,0.E0));
#2590=VECTOR('',#2589,2.E-2);
#2591=CARTESIAN_POINT('',(2.631E0,1.615E0,-7.562499669552E-1));
#2592=LINE('',#2591,#2590);
#2593=DIRECTION('',(0.E0,1.E0,0.E0));
#2594=VECTOR('',#2593,2.E-2);
#2595=CARTESIAN_POINT('',(2.631E0,1.615E0,-6.522999669552E-1));
#2596=LINE('',#2595,#2594);
#2597=DIRECTION('',(0.E0,1.E0,0.E0));
#2598=VECTOR('',#2597,2.E-2);
#2599=CARTESIAN_POINT('',(2.383289366448E0,1.615E0,-6.522999669552E-1));
#2600=LINE('',#2599,#2598);
#2601=DIRECTION('',(0.E0,1.E0,0.E0));
#2602=VECTOR('',#2601,2.E-2);
#2603=CARTESIAN_POINT('',(2.383289366448E0,1.615E0,-2.365000165224E-1));
#2604=LINE('',#2603,#2602);
#2605=DIRECTION('',(0.E0,1.E0,0.E0));
#2606=VECTOR('',#2605,2.E-2);
#2607=CARTESIAN_POINT('',(2.277127652192E0,1.615E0,-2.365000165224E-1));
#2608=LINE('',#2607,#2606);
#2609=DIRECTION('',(0.E0,1.E0,0.E0));
#2610=VECTOR('',#2609,2.E-2);
#2611=CARTESIAN_POINT('',(2.277127652192E0,1.615E0,-3.57775E-1));
#2612=LINE('',#2611,#2610);
#2613=DIRECTION('',(0.E0,1.E0,0.E0));
#2614=VECTOR('',#2613,2.E-2);
#2615=CARTESIAN_POINT('',(2.277127652192E0,1.615E0,-6.522999669552E-1));
#2616=LINE('',#2615,#2614);
#2617=DIRECTION('',(0.E0,1.E0,0.E0));
#2618=VECTOR('',#2617,2.E-2);
#2619=CARTESIAN_POINT('',(1.940948919296E0,1.615E0,-6.522999669552E-1));
#2620=LINE('',#2619,#2618);
#2621=CARTESIAN_POINT('',(-2.25E0,5.15E-1,-7.05E0));
#2622=DIRECTION('',(0.E0,-1.E0,0.E0));
#2623=DIRECTION('',(-1.E0,0.E0,0.E0));
#2624=AXIS2_PLACEMENT_3D('',#2621,#2622,#2623);
#2626=DIRECTION('',(0.E0,0.E0,1.E0));
#2627=VECTOR('',#2626,3.95E0);
#2628=CARTESIAN_POINT('',(-2.6E0,5.15E-1,-7.05E0));
#2629=LINE('',#2628,#2627);
#2630=DIRECTION('',(0.E0,0.E0,-1.E0));
#2631=VECTOR('',#2630,3.95E0);
#2632=CARTESIAN_POINT('',(-1.9E0,5.15E-1,-3.1E0));
#2633=LINE('',#2632,#2631);
#2634=CARTESIAN_POINT('',(-2.25E0,8.15E-1,-7.05E0));
#2635=DIRECTION('',(0.E0,1.E0,0.E0));
#2636=DIRECTION('',(1.E0,0.E0,0.E0));
#2637=AXIS2_PLACEMENT_3D('',#2634,#2635,#2636);
#2639=DIRECTION('',(0.E0,0.E0,-1.E0));
#2640=VECTOR('',#2639,3.95E0);
#2641=CARTESIAN_POINT('',(-1.9E0,8.15E-1,-3.1E0));
#2642=LINE('',#2641,#2640);
#2643=DIRECTION('',(0.E0,0.E0,1.E0));
#2644=VECTOR('',#2643,3.95E0);
#2645=CARTESIAN_POINT('',(-2.6E0,8.15E-1,-7.05E0));
#2646=LINE('',#2645,#2644);
#2647=DIRECTION('',(0.E0,1.E0,0.E0));
#2648=VECTOR('',#2647,3.E-1);
#2649=CARTESIAN_POINT('',(-1.9E0,5.15E-1,-7.05E0));
#2650=LINE('',#2649,#2648);
#2651=DIRECTION('',(0.E0,1.E0,0.E0));
#2652=VECTOR('',#2651,3.E-1);
#2653=CARTESIAN_POINT('',(-2.6E0,5.15E-1,-7.05E0));
#2654=LINE('',#2653,#2652);
#2655=CARTESIAN_POINT('',(2.25E0,5.15E-1,-7.05E0));
#2656=DIRECTION('',(0.E0,-1.E0,0.E0));
#2657=DIRECTION('',(-1.E0,0.E0,0.E0));
#2658=AXIS2_PLACEMENT_3D('',#2655,#2656,#2657);
#2660=DIRECTION('',(0.E0,0.E0,1.E0));
#2661=VECTOR('',#2660,3.95E0);
#2662=CARTESIAN_POINT('',(1.9E0,5.15E-1,-7.05E0));
#2663=LINE('',#2662,#2661);
#2664=DIRECTION('',(0.E0,0.E0,-1.E0));
#2665=VECTOR('',#2664,3.95E0);
#2666=CARTESIAN_POINT('',(2.6E0,5.15E-1,-3.1E0));
#2667=LINE('',#2666,#2665);
#2668=DIRECTION('',(0.E0,-1.E0,0.E0));
#2669=VECTOR('',#2668,3.E-1);
#2670=CARTESIAN_POINT('',(2.6E0,8.15E-1,-7.05E0));
#2671=LINE('',#2670,#2669);
#2672=CARTESIAN_POINT('',(2.25E0,8.15E-1,-7.05E0));
#2673=DIRECTION('',(0.E0,1.E0,0.E0));
#2674=DIRECTION('',(1.E0,0.E0,0.E0));
#2675=AXIS2_PLACEMENT_3D('',#2672,#2673,#2674);
#2677=DIRECTION('',(0.E0,0.E0,-1.E0));
#2678=VECTOR('',#2677,3.95E0);
#2679=CARTESIAN_POINT('',(2.6E0,8.15E-1,-3.1E0));
#2680=LINE('',#2679,#2678);
#2681=DIRECTION('',(0.E0,0.E0,1.E0));
#2682=VECTOR('',#2681,3.95E0);
#2683=CARTESIAN_POINT('',(1.9E0,8.15E-1,-7.05E0));
#2684=LINE('',#2683,#2682);
#2685=DIRECTION('',(0.E0,-1.E0,0.E0));
#2686=VECTOR('',#2685,3.E-1);
#2687=CARTESIAN_POINT('',(1.9E0,8.15E-1,-7.05E0));
#2688=LINE('',#2687,#2686);
#2689=DIRECTION('',(0.E0,0.E0,-1.E0));
#2690=VECTOR('',#2689,2.E-2);
#2691=CARTESIAN_POINT('',(-1.3116E0,-6.88E-1,-3.1E0));
#2692=LINE('',#2691,#2690);
#2693=DIRECTION('',(0.E0,0.E0,-1.E0));
#2694=VECTOR('',#2693,2.E-2);
#2695=CARTESIAN_POINT('',(-1.236575E0,-6.88E-1,-3.1E0));
#2696=LINE('',#2695,#2694);
#2697=DIRECTION('',(0.E0,0.E0,-1.E0));
#2698=VECTOR('',#2697,2.E-2);
#2699=CARTESIAN_POINT('',(-1.236575E0,-1.644212764055E-1,-3.1E0));
#2700=LINE('',#2699,#2698);
#2701=DIRECTION('',(0.E0,0.E0,-1.E0));
#2702=VECTOR('',#2701,2.E-2);
#2703=CARTESIAN_POINT('',(-8.6145E-1,-1.644212764055E-1,-3.1E0));
#2704=LINE('',#2703,#2702);
#2705=DIRECTION('',(0.E0,0.E0,-1.E0));
#2706=VECTOR('',#2705,2.E-2);
#2707=CARTESIAN_POINT('',(-8.6145E-1,-8.78E-2,-3.1E0));
#2708=LINE('',#2707,#2706);
#2709=DIRECTION('',(0.E0,1.E0,0.E0));
#2710=VECTOR('',#2709,6.002E-1);
#2711=CARTESIAN_POINT('',(-1.3116E0,-6.88E-1,-3.12E0));
#2712=LINE('',#2711,#2710);
#2713=DIRECTION('',(-1.E0,0.E0,0.E0));
#2714=VECTOR('',#2713,7.5025E-2);
#2715=CARTESIAN_POINT('',(-1.236575E0,-6.88E-1,-3.12E0));
#2716=LINE('',#2715,#2714);
#2717=DIRECTION('',(0.E0,-1.E0,0.E0));
#2718=VECTOR('',#2717,5.235787235945E-1);
#2719=CARTESIAN_POINT('',(-1.236575E0,-1.644212764055E-1,-3.12E0));
#2720=LINE('',#2719,#2718);
#2721=DIRECTION('',(-1.E0,0.E0,0.E0));
#2722=VECTOR('',#2721,3.75125E-1);
#2723=CARTESIAN_POINT('',(-8.6145E-1,-1.644212764055E-1,-3.12E0));
#2724=LINE('',#2723,#2722);
#2725=DIRECTION('',(0.E0,-1.E0,0.E0));
#2726=VECTOR('',#2725,7.662127640545E-2);
#2727=CARTESIAN_POINT('',(-8.6145E-1,-8.78E-2,-3.12E0));
#2728=LINE('',#2727,#2726);
#2729=DIRECTION('',(1.E0,0.E0,0.E0));
#2730=VECTOR('',#2729,4.5015E-1);
#2731=CARTESIAN_POINT('',(-1.3116E0,-8.78E-2,-3.12E0));
#2732=LINE('',#2731,#2730);
#2733=DIRECTION('',(-1.E0,0.E0,0.E0));
#2734=VECTOR('',#2733,7.5025E-2);
#2735=CARTESIAN_POINT('',(-2.737541905165E-1,-2.410425528109E-1,-3.12E0));
#2736=LINE('',#2735,#2734);
#2737=DIRECTION('',(1.921821214477E-1,-9.813592778365E-1,0.E0));
#2738=VECTOR('',#2737,6.506390330623E-2);
#2739=CARTESIAN_POINT('',(-2.862583094835E-1,-1.771914876491E-1,-3.12E0));
#2740=LINE('',#2739,#2738);
#2741=DIRECTION('',(6.996249742329E-1,-7.145102486526E-1,0.E0));
#2742=VECTOR('',#2741,7.149071625310E-2);
#2743=CARTESIAN_POINT('',(-3.36275E-1,-1.261106382027E-1,-3.12E0));
#2744=LINE('',#2743,#2742);
#2745=DIRECTION('',(8.906053505096E-1,-4.547769889117E-1,0.E0));
#2746=VECTOR('',#2745,5.616033014831E-2);
#2747=CARTESIAN_POINT('',(-3.862916905165E-1,-1.005702123616E-1,-3.12E0));
#2748=LINE('',#2747,#2746);
#2749=DIRECTION('',(9.797706908745E-1,-2.001234451615E-1,0.E0));
#2750=VECTOR('',#2749,6.381167559495E-2);
#2751=CARTESIAN_POINT('',(-4.488125E-1,-8.78E-2,-3.12E0));
#2752=LINE('',#2751,#2750);
#2753=DIRECTION('',(1.E0,0.E0,0.E0));
#2754=VECTOR('',#2753,1.125375E-1);
#2755=CARTESIAN_POINT('',(-5.6135E-1,-8.78E-2,-3.12E0));
#2756=LINE('',#2755,#2754);
#2757=DIRECTION('',(9.797706908745E-1,2.001234451615E-1,0.E0));
#2758=VECTOR('',#2757,6.381167559495E-2);
#2759=CARTESIAN_POINT('',(-6.238708094835E-1,-1.005702123616E-1,-3.12E0));
#2760=LINE('',#2759,#2758);
#2761=DIRECTION('',(8.906053505096E-1,4.547769889117E-1,0.E0));
#2762=VECTOR('',#2761,5.616033014831E-2);
#2763=CARTESIAN_POINT('',(-6.738875E-1,-1.261106382027E-1,-3.12E0));
#2764=LINE('',#2763,#2762);
#2765=DIRECTION('',(6.996247187608E-1,7.145104988025E-1,0.E0));
#2766=VECTOR('',#2765,7.149069122423E-2);
#2767=CARTESIAN_POINT('',(-7.239041547418E-1,-1.771914876491E-1,-3.12E0));
#2768=LINE('',#2767,#2766);
#2769=DIRECTION('',(4.397136028534E-1,8.981380447713E-1,0.E0));
#2770=VECTOR('',#2769,5.687416785824E-2);
#2771=CARTESIAN_POINT('',(-7.489125E-1,-2.282723415673E-1,-3.12E0));
#2772=LINE('',#2771,#2770);
#2773=DIRECTION('',(1.921826769043E-1,9.813591690599E-1,0.E0));
#2774=VECTOR('',#2773,6.506390140453E-2);
#2775=CARTESIAN_POINT('',(-7.614166547418E-1,-2.921233977854E-1,-3.12E0));
#2776=LINE('',#2775,#2774);
#2777=DIRECTION('',(0.E0,1.E0,0.E0));
#2778=VECTOR('',#2777,1.915531865418E-1);
#2779=CARTESIAN_POINT('',(-7.614166547418E-1,-4.836765843272E-1,-3.12E0));
#2780=LINE('',#2779,#2778);
#2781=DIRECTION('',(-1.921825732045E-1,9.813591893677E-1,0.E0));
#2782=VECTOR('',#2781,6.506393651237E-2);
#2783=CARTESIAN_POINT('',(-7.489125E-1,-5.475276763201E-1,-3.12E0));
#2784=LINE('',#2783,#2782);
#2785=DIRECTION('',(-4.397136649566E-1,8.981380143666E-1,0.E0));
#2786=VECTOR('',#2785,5.687415982558E-2);
#2787=CARTESIAN_POINT('',(-7.239041547418E-1,-5.986085212946E-1,-3.12E0));
#2788=LINE('',#2787,#2786);
#2789=DIRECTION('',(-6.996247500295E-1,7.145104681851E-1,0.E0));
#2790=VECTOR('',#2789,7.149068802905E-2);
#2791=CARTESIAN_POINT('',(-6.738875E-1,-6.496893662691E-1,-3.12E0));
#2792=LINE('',#2791,#2790);
#2793=DIRECTION('',(-8.906053746977E-1,4.547769415434E-1,0.E0));
#2794=VECTOR('',#2793,5.616032862304E-2);
#2795=CARTESIAN_POINT('',(-6.238708094835E-1,-6.752297887564E-1,-3.12E0));
#2796=LINE('',#2795,#2794);
#2797=DIRECTION('',(-9.797706943097E-1,2.001234283435E-1,0.E0));
#2798=VECTOR('',#2797,6.381167537122E-2);
#2799=CARTESIAN_POINT('',(-5.6135E-1,-6.88E-1,-3.12E0));
#2800=LINE('',#2799,#2798);
#2801=DIRECTION('',(-1.E0,0.E0,0.E0));
#2802=VECTOR('',#2801,1.125375E-1);
#2803=CARTESIAN_POINT('',(-4.488125E-1,-6.88E-1,-3.12E0));
#2804=LINE('',#2803,#2802);
#2805=DIRECTION('',(-9.797706943097E-1,-2.001234283435E-1,0.E0));
#2806=VECTOR('',#2805,6.381167537122E-2);
#2807=CARTESIAN_POINT('',(-3.862916905165E-1,-6.752297887564E-1,-3.12E0));
#2808=LINE('',#2807,#2806);
#2809=DIRECTION('',(-8.906053746977E-1,-4.547769415434E-1,0.E0));
#2810=VECTOR('',#2809,5.616032862304E-2);
#2811=CARTESIAN_POINT('',(-3.36275E-1,-6.496893662691E-1,-3.12E0));
#2812=LINE('',#2811,#2810);
#2813=DIRECTION('',(-6.996250055017E-1,-7.145102180353E-1,0.E0));
#2814=VECTOR('',#2813,7.149071305793E-2);
#2815=CARTESIAN_POINT('',(-2.862583094835E-1,-5.986085212946E-1,-3.12E0));
#2816=LINE('',#2815,#2814);
#2817=DIRECTION('',(-1.921820436730E-1,-9.813592930674E-1,0.E0));
#2818=VECTOR('',#2817,6.506392963711E-2);
#2819=CARTESIAN_POINT('',(-2.737541905165E-1,-5.347574293017E-1,-3.12E0));
#2820=LINE('',#2819,#2818);
#2821=DIRECTION('',(1.E0,0.E0,0.E0));
#2822=VECTOR('',#2821,7.5025E-2);
#2823=CARTESIAN_POINT('',(-3.487791905165E-1,-5.347574293017E-1,-3.12E0));
#2824=LINE('',#2823,#2822);
#2825=DIRECTION('',(3.102787334496E-1,9.506456267027E-1,0.E0));
#2826=VECTOR('',#2825,4.029963261755E-2);
#2827=CARTESIAN_POINT('',(-3.612833094835E-1,-5.730680988073E-1,-3.12E0));
#2828=LINE('',#2827,#2826);
#2829=DIRECTION('',(8.265992787996E-1,5.627909312417E-1,0.E0));
#2830=VECTOR('',#2829,4.538172360188E-2);
#2831=CARTESIAN_POINT('',(-3.987958094835E-1,-5.986085212946E-1,-3.12E0));
#2832=LINE('',#2831,#2830);
#2833=DIRECTION('',(9.689177459678E-1,2.473831068378E-1,0.E0));
#2834=VECTOR('',#2833,5.162119356841E-2);
#2835=CARTESIAN_POINT('',(-4.488125E-1,-6.113787325382E-1,-3.12E0));
#2836=LINE('',#2835,#2834);
#2837=DIRECTION('',(1.E0,0.E0,0.E0));
#2838=VECTOR('',#2837,1.125375E-1);
#2839=CARTESIAN_POINT('',(-5.6135E-1,-6.113787325382E-1,-3.12E0));
#2840=LINE('',#2839,#2838);
#2841=DIRECTION('',(9.689177459678E-1,-2.473831068378E-1,0.E0));
#2842=VECTOR('',#2841,5.162119356841E-2);
#2843=CARTESIAN_POINT('',(-6.113666905165E-1,-5.986085212946E-1,-3.12E0));
#2844=LINE('',#2843,#2842);
#2845=DIRECTION('',(8.265992787996E-1,-5.627909312417E-1,0.E0));
#2846=VECTOR('',#2845,4.538172360188E-2);
#2847=CARTESIAN_POINT('',(-6.488791905165E-1,-5.730680988073E-1,-3.12E0));
#2848=LINE('',#2847,#2846);
#2849=DIRECTION('',(5.466218231676E-1,-8.373795927994E-1,0.E0));
#2850=VECTOR('',#2849,4.575066055470E-2);
#2851=CARTESIAN_POINT('',(-6.738875E-1,-5.347574293017E-1,-3.12E0));
#2852=LINE('',#2851,#2850);
#2853=DIRECTION('',(2.377717803411E-1,-9.713210491251E-1,0.E0));
#2854=VECTOR('',#2853,5.258904357167E-2);
#2855=CARTESIAN_POINT('',(-6.863916905165E-1,-4.836765843272E-1,-3.12E0));
#2856=LINE('',#2855,#2854);
#2857=DIRECTION('',(0.E0,-1.E0,0.E0));
#2858=VECTOR('',#2857,1.915531865418E-1);
#2859=CARTESIAN_POINT('',(-6.863916905165E-1,-2.921233977854E-1,-3.12E0));
#2860=LINE('',#2859,#2858);
#2861=DIRECTION('',(-2.377717803411E-1,-9.713210491251E-1,0.E0));
#2862=VECTOR('',#2861,5.258904357167E-2);
#2863=CARTESIAN_POINT('',(-6.738875E-1,-2.410425528109E-1,-3.12E0));
#2864=LINE('',#2863,#2862);
#2865=DIRECTION('',(-5.466221810895E-1,-8.373793591563E-1,0.E0));
#2866=VECTOR('',#2865,4.575063059769E-2);
#2867=CARTESIAN_POINT('',(-6.488791905165E-1,-2.027319190800E-1,-3.12E0));
#2868=LINE('',#2867,#2866);
#2869=DIRECTION('',(-8.265991871191E-1,-5.627910658975E-1,0.E0));
#2870=VECTOR('',#2869,4.538172863530E-2);
#2871=CARTESIAN_POINT('',(-6.113666905165E-1,-1.771914876491E-1,-3.12E0));
#2872=LINE('',#2871,#2870);
#2873=DIRECTION('',(-9.689177459678E-1,-2.473831068378E-1,0.E0));
#2874=VECTOR('',#2873,5.162119356841E-2);
#2875=CARTESIAN_POINT('',(-5.6135E-1,-1.644212764055E-1,-3.12E0));
#2876=LINE('',#2875,#2874);
#2877=DIRECTION('',(-1.E0,0.E0,0.E0));
#2878=VECTOR('',#2877,1.125375E-1);
#2879=CARTESIAN_POINT('',(-4.488125E-1,-1.644212764055E-1,-3.12E0));
#2880=LINE('',#2879,#2878);
#2881=DIRECTION('',(-9.689177459678E-1,2.473831068378E-1,0.E0));
#2882=VECTOR('',#2881,5.162119356841E-2);
#2883=CARTESIAN_POINT('',(-3.987958094835E-1,-1.771914876491E-1,-3.12E0));
#2884=LINE('',#2883,#2882);
#2885=DIRECTION('',(-8.265991871191E-1,5.627910658976E-1,0.E0));
#2886=VECTOR('',#2885,4.538172863530E-2);
#2887=CARTESIAN_POINT('',(-3.612833094835E-1,-2.027319190800E-1,-3.12E0));
#2888=LINE('',#2887,#2886);
#2889=DIRECTION('',(-3.102789952956E-1,9.506455412394E-1,0.E0));
#2890=VECTOR('',#2889,4.029959860848E-2);
#2891=CARTESIAN_POINT('',(-3.487791905165E-1,-2.410425528109E-1,-3.12E0));
#2892=LINE('',#2891,#2890);
#2893=DIRECTION('',(-1.E0,0.E0,0.E0));
#2894=VECTOR('',#2893,3.75125E-1);
#2895=CARTESIAN_POINT('',(2.764291189671E-1,-1.644212764055E-1,-3.12E0));
#2896=LINE('',#2895,#2894);
#2897=DIRECTION('',(0.E0,-1.E0,0.E0));
#2898=VECTOR('',#2897,7.662127640545E-2);
#2899=CARTESIAN_POINT('',(2.764291189671E-1,-8.78E-2,-3.12E0));
#2900=LINE('',#2899,#2898);
#2901=DIRECTION('',(1.E0,0.E0,0.E0));
#2902=VECTOR('',#2901,4.501499284506E-1);
#2903=CARTESIAN_POINT('',(-1.737208094835E-1,-8.78E-2,-3.12E0));
#2904=LINE('',#2903,#2902);
#2905=DIRECTION('',(0.E0,1.E0,0.E0));
#2906=VECTOR('',#2905,6.002E-1);
#2907=CARTESIAN_POINT('',(-1.737208094835E-1,-6.88E-1,-3.12E0));
#2908=LINE('',#2907,#2906);
#2909=DIRECTION('',(-1.E0,0.E0,0.E0));
#2910=VECTOR('',#2909,4.501499284506E-1);
#2911=CARTESIAN_POINT('',(2.764291189671E-1,-6.88E-1,-3.12E0));
#2912=LINE('',#2911,#2910);
#2913=DIRECTION('',(0.E0,-1.E0,0.E0));
#2914=VECTOR('',#2913,7.662126746178E-2);
#2915=CARTESIAN_POINT('',(2.764291189671E-1,-6.113787325382E-1,-3.12E0));
#2916=LINE('',#2915,#2914);
#2917=DIRECTION('',(1.E0,0.E0,0.E0));
#2918=VECTOR('',#2917,3.75125E-1);
#2919=CARTESIAN_POINT('',(-9.869588103294E-2,-6.113787325382E-1,-3.12E0));
#2920=LINE('',#2919,#2918);
#2921=DIRECTION('',(0.E0,-1.E0,0.E0));
#2922=VECTOR('',#2921,1.660127819419E-1);
#2923=CARTESIAN_POINT('',(-9.869588103294E-2,-4.453659505963E-1,-3.12E0));
#2924=LINE('',#2923,#2922);
#2925=DIRECTION('',(-1.E0,0.E0,0.E0));
#2926=VECTOR('',#2925,3.251083810329E-1);
#2927=CARTESIAN_POINT('',(2.264125E-1,-4.453659505963E-1,-3.12E0));
#2928=LINE('',#2927,#2926);
#2929=DIRECTION('',(0.E0,-1.E0,0.E0));
#2930=VECTOR('',#2929,7.662126746178E-2);
#2931=CARTESIAN_POINT('',(2.264125E-1,-3.687446831346E-1,-3.12E0));
#2932=LINE('',#2931,#2930);
#2933=DIRECTION('',(1.E0,0.E0,0.E0));
#2934=VECTOR('',#2933,3.251083810329E-1);
#2935=CARTESIAN_POINT('',(-9.869588103294E-2,-3.687446831346E-1,-3.12E0));
#2936=LINE('',#2935,#2934);
#2937=DIRECTION('',(0.E0,-1.E0,0.E0));
#2938=VECTOR('',#2937,2.043234067291E-1);
#2939=CARTESIAN_POINT('',(-9.869588103294E-2,-1.644212764055E-1,-3.12E0));
#2940=LINE('',#2939,#2938);
#2941=DIRECTION('',(-1.E0,0.E0,0.E0));
#2942=VECTOR('',#2941,3.001E-1);
#2943=CARTESIAN_POINT('',(6.765625E-1,-6.88E-1,-3.12E0));
#2944=LINE('',#2943,#2942);
#2945=DIRECTION('',(-9.797707392153E-1,-2.001232084928E-1,0.E0));
#2946=VECTOR('',#2945,6.381174547325E-2);
#2947=CARTESIAN_POINT('',(7.390833810329E-1,-6.752297887564E-1,-3.12E0));
#2948=LINE('',#2947,#2946);
#2949=DIRECTION('',(-8.906051112017E-1,-4.547774575564E-1,0.E0));
#2950=VECTOR('',#2949,5.616026490076E-2);
#2951=CARTESIAN_POINT('',(7.891E-1,-6.496893662691E-1,-3.12E0));
#2952=LINE('',#2951,#2950);
#2953=DIRECTION('',(-6.996244945571E-1,-7.145107183351E-1,0.E0));
#2954=VECTOR('',#2953,7.149066300019E-2);
#2955=CARTESIAN_POINT('',(8.391166189671E-1,-5.986085212946E-1,-3.12E0));
#2956=LINE('',#2955,#2954);
#2957=DIRECTION('',(-4.397141723527E-1,-8.981377659536E-1,0.E0));
#2958=VECTOR('',#2957,5.687417555622E-2);
#2959=CARTESIAN_POINT('',(8.64125E-1,-5.475276763201E-1,-3.12E0));
#2960=LINE('',#2959,#2958);
#2961=DIRECTION('',(-1.921820436730E-1,-9.813592930674E-1,0.E0));
#2962=VECTOR('',#2961,6.506392963711E-2);
#2963=CARTESIAN_POINT('',(8.766291189671E-1,-4.836765843272E-1,-3.12E0));
#2964=LINE('',#2963,#2962);
#2965=DIRECTION('',(0.E0,-1.E0,0.E0));
#2966=VECTOR('',#2965,1.915531865418E-1);
#2967=CARTESIAN_POINT('',(8.766291189671E-1,-2.921233977854E-1,-3.12E0));
#2968=LINE('',#2967,#2966);
#2969=DIRECTION('',(1.921821473726E-1,-9.813592727596E-1,0.E0));
#2970=VECTOR('',#2969,6.506389452926E-2);
#2971=CARTESIAN_POINT('',(8.64125E-1,-2.282723415673E-1,-3.12E0));
#2972=LINE('',#2971,#2970);
#2973=DIRECTION('',(4.397141102494E-1,-8.981377963584E-1,0.E0));
#2974=VECTOR('',#2973,5.687418358887E-2);
#2975=CARTESIAN_POINT('',(8.391166189671E-1,-1.771914876491E-1,-3.12E0));
#2976=LINE('',#2975,#2974);
#2977=DIRECTION('',(6.996244632883E-1,-7.145107489524E-1,0.E0));
#2978=VECTOR('',#2977,7.149066619536E-2);
#2979=CARTESIAN_POINT('',(7.891E-1,-1.261106382027E-1,-3.12E0));
#2980=LINE('',#2979,#2978);
#2981=DIRECTION('',(8.906050870136E-1,-4.547775049247E-1,0.E0));
#2982=VECTOR('',#2981,5.616026642603E-2);
#2983=CARTESIAN_POINT('',(7.390833810329E-1,-1.005702123616E-1,-3.12E0));
#2984=LINE('',#2983,#2982);
#2985=DIRECTION('',(9.797707357802E-1,-2.001232253108E-1,0.E0));
#2986=VECTOR('',#2985,6.381174569698E-2);
#2987=CARTESIAN_POINT('',(6.765625E-1,-8.78E-2,-3.12E0));
#2988=LINE('',#2987,#2986);
#2989=DIRECTION('',(1.E0,0.E0,0.E0));
#2990=VECTOR('',#2989,3.001E-1);
#2991=CARTESIAN_POINT('',(3.764625E-1,-8.78E-2,-3.12E0));
#2992=LINE('',#2991,#2990);
#2993=DIRECTION('',(0.E0,1.E0,0.E0));
#2994=VECTOR('',#2993,6.002E-1);
#2995=CARTESIAN_POINT('',(3.764625E-1,-6.88E-1,-3.12E0));
#2996=LINE('',#2995,#2994);
#2997=DIRECTION('',(1.E0,0.E0,0.E0));
#2998=VECTOR('',#2997,2.25075E-1);
#2999=CARTESIAN_POINT('',(4.514875E-1,-6.113787325382E-1,-3.12E0));
#3000=LINE('',#2999,#2998);
#3001=DIRECTION('',(0.E0,-1.E0,0.E0));
#3002=VECTOR('',#3001,4.469574561328E-1);
#3003=CARTESIAN_POINT('',(4.514875E-1,-1.644212764055E-1,-3.12E0));
#3004=LINE('',#3003,#3002);
#3005=DIRECTION('',(-1.E0,0.E0,0.E0));
#3006=VECTOR('',#3005,2.25075E-1);
#3007=CARTESIAN_POINT('',(6.765625E-1,-1.644212764055E-1,-3.12E0));
#3008=LINE('',#3007,#3006);
#3009=DIRECTION('',(-9.689176611437E-1,2.473834390653E-1,0.E0));
#3010=VECTOR('',#3009,5.162112424292E-2);
#3011=CARTESIAN_POINT('',(7.265791189671E-1,-1.771914876491E-1,-3.12E0));
#3012=LINE('',#3011,#3010);
#3013=DIRECTION('',(-8.265991871191E-1,5.627910658975E-1,0.E0));
#3014=VECTOR('',#3013,4.538172863530E-2);
#3015=CARTESIAN_POINT('',(7.640916189671E-1,-2.027319190800E-1,-3.12E0));
#3016=LINE('',#3015,#3014);
#3017=DIRECTION('',(-5.466232777014E-1,8.373786433120E-1,0.E0));
#3018=VECTOR('',#3017,4.575066970823E-2);
#3019=CARTESIAN_POINT('',(7.891E-1,-2.410425528109E-1,-3.12E0));
#3020=LINE('',#3019,#3018);
#3021=DIRECTION('',(-2.377704967206E-1,9.713213633444E-1,0.E0));
#3022=VECTOR('',#3021,5.258902655928E-2);
#3023=CARTESIAN_POINT('',(8.016041189671E-1,-2.921233977854E-1,-3.12E0));
#3024=LINE('',#3023,#3022);
#3025=DIRECTION('',(0.E0,1.E0,0.E0));
#3026=VECTOR('',#3025,1.915531865418E-1);
#3027=CARTESIAN_POINT('',(8.016041189671E-1,-4.836765843272E-1,-3.12E0));
#3028=LINE('',#3027,#3026);
#3029=DIRECTION('',(2.377704967206E-1,9.713213633444E-1,0.E0));
#3030=VECTOR('',#3029,5.258902655928E-2);
#3031=CARTESIAN_POINT('',(7.891E-1,-5.347574293017E-1,-3.12E0));
#3032=LINE('',#3031,#3030);
#3033=DIRECTION('',(5.466229197794E-1,8.373788769559E-1,0.E0));
#3034=VECTOR('',#3033,4.575069966521E-2);
#3035=CARTESIAN_POINT('',(7.640916189671E-1,-5.730680988073E-1,-3.12E0));
#3036=LINE('',#3035,#3034);
#3037=DIRECTION('',(8.265992787996E-1,5.627909312417E-1,0.E0));
#3038=VECTOR('',#3037,4.538172360188E-2);
#3039=CARTESIAN_POINT('',(7.265791189671E-1,-5.986085212946E-1,-3.12E0));
#3040=LINE('',#3039,#3038);
#3041=DIRECTION('',(9.689176611437E-1,2.473834390653E-1,0.E0));
#3042=VECTOR('',#3041,5.162112424292E-2);
#3043=CARTESIAN_POINT('',(6.765625E-1,-6.113787325382E-1,-3.12E0));
#3044=LINE('',#3043,#3042);
#3045=DIRECTION('',(-1.E0,0.E0,0.E0));
#3046=VECTOR('',#3045,1.000332379341E-1);
#3047=CARTESIAN_POINT('',(1.2767625E0,-6.88E-1,-3.12E0));
#3048=LINE('',#3047,#3046);
#3049=DIRECTION('',(-3.162279017271E-1,-9.486832528138E-1,0.E0));
#3050=VECTOR('',#3049,6.326663807122E-1);
#3051=CARTESIAN_POINT('',(1.476829262066E0,-8.78E-2,-3.12E0));
#3052=LINE('',#3051,#3050);
#3053=DIRECTION('',(1.E0,0.E0,0.E0));
#3054=VECTOR('',#3053,7.5025E-2);
#3055=CARTESIAN_POINT('',(1.401804262066E0,-8.78E-2,-3.12E0));
#3056=LINE('',#3055,#3054);
#3057=DIRECTION('',(3.102805670740E-1,9.506450282288E-1,0.E0));
#3058=VECTOR('',#3057,1.611985002398E-1);
#3059=CARTESIAN_POINT('',(1.3517875E0,-2.410425528109E-1,-3.12E0));
#3060=LINE('',#3059,#3058);
#3061=DIRECTION('',(1.E0,0.E0,0.E0));
#3062=VECTOR('',#3061,2.500832379341E-1);
#3063=CARTESIAN_POINT('',(1.101704262066E0,-2.410425528109E-1,-3.12E0));
#3064=LINE('',#3063,#3062);
#3065=DIRECTION('',(3.102805670740E-1,-9.506450282288E-1,0.E0));
#3066=VECTOR('',#3065,1.611985002398E-1);
#3067=CARTESIAN_POINT('',(1.0516875E0,-8.78E-2,-3.12E0));
#3068=LINE('',#3067,#3066);
#3069=DIRECTION('',(1.E0,0.E0,0.E0));
#3070=VECTOR('',#3069,7.5025E-2);
#3071=CARTESIAN_POINT('',(9.766625E-1,-8.78E-2,-3.12E0));
#3072=LINE('',#3071,#3070);
#3073=DIRECTION('',(-3.162279017271E-1,9.486832528138E-1,0.E0));
#3074=VECTOR('',#3073,6.326663807122E-1);
#3075=CARTESIAN_POINT('',(1.176729262066E0,-6.88E-1,-3.12E0));
#3076=LINE('',#3075,#3074);
#3077=DIRECTION('',(3.102800213276E-1,9.506452063546E-1,0.E0));
#3078=VECTOR('',#3077,3.626965716918E-1);
#3079=CARTESIAN_POINT('',(1.226745737934E0,-6.369191550255E-1,-3.12E0));
#3080=LINE('',#3079,#3078);
#3081=DIRECTION('',(3.102800213276E-1,-9.506452063546E-1,0.E0));
#3082=VECTOR('',#3081,3.626965716918E-1);
#3083=CARTESIAN_POINT('',(1.114208237934E0,-2.921233977854E-1,-3.12E0));
#3084=LINE('',#3083,#3082);
#3085=DIRECTION('',(-1.E0,0.E0,0.E0));
#3086=VECTOR('',#3085,2.25075E-1);
#3087=CARTESIAN_POINT('',(1.339283237934E0,-2.921233977854E-1,-3.12E0));
#3088=LINE('',#3087,#3086);
#3089=DIRECTION('',(0.E0,0.E0,-1.E0));
#3090=VECTOR('',#3089,2.E-2);
#3091=CARTESIAN_POINT('',(-2.737541905165E-1,-2.410425528109E-1,-3.1E0));
#3092=LINE('',#3091,#3090);
#3093=DIRECTION('',(0.E0,0.E0,-1.E0));
#3094=VECTOR('',#3093,2.E-2);
#3095=CARTESIAN_POINT('',(-2.862583094835E-1,-1.771914876491E-1,-3.1E0));
#3096=LINE('',#3095,#3094);
#3097=DIRECTION('',(0.E0,0.E0,-1.E0));
#3098=VECTOR('',#3097,2.E-2);
#3099=CARTESIAN_POINT('',(-3.36275E-1,-1.261106382027E-1,-3.1E0));
#3100=LINE('',#3099,#3098);
#3101=DIRECTION('',(0.E0,0.E0,-1.E0));
#3102=VECTOR('',#3101,2.E-2);
#3103=CARTESIAN_POINT('',(-3.862916905165E-1,-1.005702123616E-1,-3.1E0));
#3104=LINE('',#3103,#3102);
#3105=DIRECTION('',(0.E0,0.E0,-1.E0));
#3106=VECTOR('',#3105,2.E-2);
#3107=CARTESIAN_POINT('',(-4.488125E-1,-8.78E-2,-3.1E0));
#3108=LINE('',#3107,#3106);
#3109=DIRECTION('',(0.E0,0.E0,-1.E0));
#3110=VECTOR('',#3109,2.E-2);
#3111=CARTESIAN_POINT('',(-5.6135E-1,-8.78E-2,-3.1E0));
#3112=LINE('',#3111,#3110);
#3113=DIRECTION('',(0.E0,0.E0,-1.E0));
#3114=VECTOR('',#3113,2.E-2);
#3115=CARTESIAN_POINT('',(-6.238708094835E-1,-1.005702123616E-1,-3.1E0));
#3116=LINE('',#3115,#3114);
#3117=DIRECTION('',(0.E0,0.E0,-1.E0));
#3118=VECTOR('',#3117,2.E-2);
#3119=CARTESIAN_POINT('',(-6.738875E-1,-1.261106382027E-1,-3.1E0));
#3120=LINE('',#3119,#3118);
#3121=DIRECTION('',(0.E0,0.E0,-1.E0));
#3122=VECTOR('',#3121,2.E-2);
#3123=CARTESIAN_POINT('',(-7.239041547418E-1,-1.771914876491E-1,-3.1E0));
#3124=LINE('',#3123,#3122);
#3125=DIRECTION('',(0.E0,0.E0,-1.E0));
#3126=VECTOR('',#3125,2.E-2);
#3127=CARTESIAN_POINT('',(-7.489125E-1,-2.282723415673E-1,-3.1E0));
#3128=LINE('',#3127,#3126);
#3129=DIRECTION('',(0.E0,0.E0,-1.E0));
#3130=VECTOR('',#3129,2.E-2);
#3131=CARTESIAN_POINT('',(-7.614166547418E-1,-2.921233977854E-1,-3.1E0));
#3132=LINE('',#3131,#3130);
#3133=DIRECTION('',(0.E0,0.E0,-1.E0));
#3134=VECTOR('',#3133,2.E-2);
#3135=CARTESIAN_POINT('',(-7.614166547418E-1,-4.836765843272E-1,-3.1E0));
#3136=LINE('',#3135,#3134);
#3137=DIRECTION('',(0.E0,0.E0,-1.E0));
#3138=VECTOR('',#3137,2.E-2);
#3139=CARTESIAN_POINT('',(-7.489125E-1,-5.475276763201E-1,-3.1E0));
#3140=LINE('',#3139,#3138);
#3141=DIRECTION('',(0.E0,0.E0,-1.E0));
#3142=VECTOR('',#3141,2.E-2);
#3143=CARTESIAN_POINT('',(-7.239041547418E-1,-5.986085212946E-1,-3.1E0));
#3144=LINE('',#3143,#3142);
#3145=DIRECTION('',(0.E0,0.E0,-1.E0));
#3146=VECTOR('',#3145,2.E-2);
#3147=CARTESIAN_POINT('',(-6.738875E-1,-6.496893662691E-1,-3.1E0));
#3148=LINE('',#3147,#3146);
#3149=DIRECTION('',(0.E0,0.E0,-1.E0));
#3150=VECTOR('',#3149,2.E-2);
#3151=CARTESIAN_POINT('',(-6.238708094835E-1,-6.752297887564E-1,-3.1E0));
#3152=LINE('',#3151,#3150);
#3153=DIRECTION('',(0.E0,0.E0,-1.E0));
#3154=VECTOR('',#3153,2.E-2);
#3155=CARTESIAN_POINT('',(-5.6135E-1,-6.88E-1,-3.1E0));
#3156=LINE('',#3155,#3154);
#3157=DIRECTION('',(0.E0,0.E0,-1.E0));
#3158=VECTOR('',#3157,2.E-2);
#3159=CARTESIAN_POINT('',(-4.488125E-1,-6.88E-1,-3.1E0));
#3160=LINE('',#3159,#3158);
#3161=DIRECTION('',(0.E0,0.E0,-1.E0));
#3162=VECTOR('',#3161,2.E-2);
#3163=CARTESIAN_POINT('',(-3.862916905165E-1,-6.752297887564E-1,-3.1E0));
#3164=LINE('',#3163,#3162);
#3165=DIRECTION('',(0.E0,0.E0,-1.E0));
#3166=VECTOR('',#3165,2.E-2);
#3167=CARTESIAN_POINT('',(-3.36275E-1,-6.496893662691E-1,-3.1E0));
#3168=LINE('',#3167,#3166);
#3169=DIRECTION('',(0.E0,0.E0,-1.E0));
#3170=VECTOR('',#3169,2.E-2);
#3171=CARTESIAN_POINT('',(-2.862583094835E-1,-5.986085212946E-1,-3.1E0));
#3172=LINE('',#3171,#3170);
#3173=DIRECTION('',(0.E0,0.E0,-1.E0));
#3174=VECTOR('',#3173,2.E-2);
#3175=CARTESIAN_POINT('',(-2.737541905165E-1,-5.347574293017E-1,-3.1E0));
#3176=LINE('',#3175,#3174);
#3177=DIRECTION('',(0.E0,0.E0,-1.E0));
#3178=VECTOR('',#3177,2.E-2);
#3179=CARTESIAN_POINT('',(-3.487791905165E-1,-5.347574293017E-1,-3.1E0));
#3180=LINE('',#3179,#3178);
#3181=DIRECTION('',(0.E0,0.E0,-1.E0));
#3182=VECTOR('',#3181,2.E-2);
#3183=CARTESIAN_POINT('',(-3.612833094835E-1,-5.730680988073E-1,-3.1E0));
#3184=LINE('',#3183,#3182);
#3185=DIRECTION('',(0.E0,0.E0,-1.E0));
#3186=VECTOR('',#3185,2.E-2);
#3187=CARTESIAN_POINT('',(-3.987958094835E-1,-5.986085212946E-1,-3.1E0));
#3188=LINE('',#3187,#3186);
#3189=DIRECTION('',(0.E0,0.E0,-1.E0));
#3190=VECTOR('',#3189,2.E-2);
#3191=CARTESIAN_POINT('',(-4.488125E-1,-6.113787325382E-1,-3.1E0));
#3192=LINE('',#3191,#3190);
#3193=DIRECTION('',(0.E0,0.E0,-1.E0));
#3194=VECTOR('',#3193,2.E-2);
#3195=CARTESIAN_POINT('',(-5.6135E-1,-6.113787325382E-1,-3.1E0));
#3196=LINE('',#3195,#3194);
#3197=DIRECTION('',(0.E0,0.E0,-1.E0));
#3198=VECTOR('',#3197,2.E-2);
#3199=CARTESIAN_POINT('',(-6.113666905165E-1,-5.986085212946E-1,-3.1E0));
#3200=LINE('',#3199,#3198);
#3201=DIRECTION('',(0.E0,0.E0,-1.E0));
#3202=VECTOR('',#3201,2.E-2);
#3203=CARTESIAN_POINT('',(-6.488791905165E-1,-5.730680988073E-1,-3.1E0));
#3204=LINE('',#3203,#3202);
#3205=DIRECTION('',(0.E0,0.E0,-1.E0));
#3206=VECTOR('',#3205,2.E-2);
#3207=CARTESIAN_POINT('',(-6.738875E-1,-5.347574293017E-1,-3.1E0));
#3208=LINE('',#3207,#3206);
#3209=DIRECTION('',(0.E0,0.E0,-1.E0));
#3210=VECTOR('',#3209,2.E-2);
#3211=CARTESIAN_POINT('',(-6.863916905165E-1,-4.836765843272E-1,-3.1E0));
#3212=LINE('',#3211,#3210);
#3213=DIRECTION('',(0.E0,0.E0,-1.E0));
#3214=VECTOR('',#3213,2.E-2);
#3215=CARTESIAN_POINT('',(-6.863916905165E-1,-2.921233977854E-1,-3.1E0));
#3216=LINE('',#3215,#3214);
#3217=DIRECTION('',(0.E0,0.E0,-1.E0));
#3218=VECTOR('',#3217,2.E-2);
#3219=CARTESIAN_POINT('',(-6.738875E-1,-2.410425528109E-1,-3.1E0));
#3220=LINE('',#3219,#3218);
#3221=DIRECTION('',(0.E0,0.E0,-1.E0));
#3222=VECTOR('',#3221,2.E-2);
#3223=CARTESIAN_POINT('',(-6.488791905165E-1,-2.027319190800E-1,-3.1E0));
#3224=LINE('',#3223,#3222);
#3225=DIRECTION('',(0.E0,0.E0,-1.E0));
#3226=VECTOR('',#3225,2.E-2);
#3227=CARTESIAN_POINT('',(-6.113666905165E-1,-1.771914876491E-1,-3.1E0));
#3228=LINE('',#3227,#3226);
#3229=DIRECTION('',(0.E0,0.E0,-1.E0));
#3230=VECTOR('',#3229,2.E-2);
#3231=CARTESIAN_POINT('',(-5.6135E-1,-1.644212764055E-1,-3.1E0));
#3232=LINE('',#3231,#3230);
#3233=DIRECTION('',(0.E0,0.E0,-1.E0));
#3234=VECTOR('',#3233,2.E-2);
#3235=CARTESIAN_POINT('',(-4.488125E-1,-1.644212764055E-1,-3.1E0));
#3236=LINE('',#3235,#3234);
#3237=DIRECTION('',(0.E0,0.E0,-1.E0));
#3238=VECTOR('',#3237,2.E-2);
#3239=CARTESIAN_POINT('',(-3.987958094835E-1,-1.771914876491E-1,-3.1E0));
#3240=LINE('',#3239,#3238);
#3241=DIRECTION('',(0.E0,0.E0,-1.E0));
#3242=VECTOR('',#3241,2.E-2);
#3243=CARTESIAN_POINT('',(-3.612833094835E-1,-2.027319190800E-1,-3.1E0));
#3244=LINE('',#3243,#3242);
#3245=DIRECTION('',(0.E0,0.E0,-1.E0));
#3246=VECTOR('',#3245,2.E-2);
#3247=CARTESIAN_POINT('',(-3.487791905165E-1,-2.410425528109E-1,-3.1E0));
#3248=LINE('',#3247,#3246);
#3249=DIRECTION('',(0.E0,0.E0,-1.E0));
#3250=VECTOR('',#3249,2.E-2);
#3251=CARTESIAN_POINT('',(2.764291189671E-1,-1.644212764055E-1,-3.1E0));
#3252=LINE('',#3251,#3250);
#3253=DIRECTION('',(0.E0,0.E0,-1.E0));
#3254=VECTOR('',#3253,2.E-2);
#3255=CARTESIAN_POINT('',(2.764291189671E-1,-8.78E-2,-3.1E0));
#3256=LINE('',#3255,#3254);
#3257=DIRECTION('',(0.E0,0.E0,-1.E0));
#3258=VECTOR('',#3257,2.E-2);
#3259=CARTESIAN_POINT('',(-1.737208094835E-1,-8.78E-2,-3.1E0));
#3260=LINE('',#3259,#3258);
#3261=DIRECTION('',(0.E0,0.E0,-1.E0));
#3262=VECTOR('',#3261,2.E-2);
#3263=CARTESIAN_POINT('',(-1.737208094835E-1,-6.88E-1,-3.1E0));
#3264=LINE('',#3263,#3262);
#3265=DIRECTION('',(0.E0,0.E0,-1.E0));
#3266=VECTOR('',#3265,2.E-2);
#3267=CARTESIAN_POINT('',(2.764291189671E-1,-6.88E-1,-3.1E0));
#3268=LINE('',#3267,#3266);
#3269=DIRECTION('',(0.E0,0.E0,-1.E0));
#3270=VECTOR('',#3269,2.E-2);
#3271=CARTESIAN_POINT('',(2.764291189671E-1,-6.113787325382E-1,-3.1E0));
#3272=LINE('',#3271,#3270);
#3273=DIRECTION('',(0.E0,0.E0,-1.E0));
#3274=VECTOR('',#3273,2.E-2);
#3275=CARTESIAN_POINT('',(-9.869588103294E-2,-6.113787325382E-1,-3.1E0));
#3276=LINE('',#3275,#3274);
#3277=DIRECTION('',(0.E0,0.E0,-1.E0));
#3278=VECTOR('',#3277,2.E-2);
#3279=CARTESIAN_POINT('',(-9.869588103294E-2,-4.453659505963E-1,-3.1E0));
#3280=LINE('',#3279,#3278);
#3281=DIRECTION('',(0.E0,0.E0,-1.E0));
#3282=VECTOR('',#3281,2.E-2);
#3283=CARTESIAN_POINT('',(2.264125E-1,-4.453659505963E-1,-3.1E0));
#3284=LINE('',#3283,#3282);
#3285=DIRECTION('',(0.E0,0.E0,-1.E0));
#3286=VECTOR('',#3285,2.E-2);
#3287=CARTESIAN_POINT('',(2.264125E-1,-3.687446831346E-1,-3.1E0));
#3288=LINE('',#3287,#3286);
#3289=DIRECTION('',(0.E0,0.E0,-1.E0));
#3290=VECTOR('',#3289,2.E-2);
#3291=CARTESIAN_POINT('',(-9.869588103294E-2,-3.687446831346E-1,-3.1E0));
#3292=LINE('',#3291,#3290);
#3293=DIRECTION('',(0.E0,0.E0,-1.E0));
#3294=VECTOR('',#3293,2.E-2);
#3295=CARTESIAN_POINT('',(-9.869588103294E-2,-1.644212764055E-1,-3.1E0));
#3296=LINE('',#3295,#3294);
#3297=DIRECTION('',(0.E0,0.E0,-1.E0));
#3298=VECTOR('',#3297,2.E-2);
#3299=CARTESIAN_POINT('',(6.765625E-1,-6.88E-1,-3.1E0));
#3300=LINE('',#3299,#3298);
#3301=DIRECTION('',(0.E0,0.E0,-1.E0));
#3302=VECTOR('',#3301,2.E-2);
#3303=CARTESIAN_POINT('',(7.390833810329E-1,-6.752297887564E-1,-3.1E0));
#3304=LINE('',#3303,#3302);
#3305=DIRECTION('',(0.E0,0.E0,-1.E0));
#3306=VECTOR('',#3305,2.E-2);
#3307=CARTESIAN_POINT('',(7.891E-1,-6.496893662691E-1,-3.1E0));
#3308=LINE('',#3307,#3306);
#3309=DIRECTION('',(0.E0,0.E0,-1.E0));
#3310=VECTOR('',#3309,2.E-2);
#3311=CARTESIAN_POINT('',(8.391166189671E-1,-5.986085212946E-1,-3.1E0));
#3312=LINE('',#3311,#3310);
#3313=DIRECTION('',(0.E0,0.E0,-1.E0));
#3314=VECTOR('',#3313,2.E-2);
#3315=CARTESIAN_POINT('',(8.64125E-1,-5.475276763201E-1,-3.1E0));
#3316=LINE('',#3315,#3314);
#3317=DIRECTION('',(0.E0,0.E0,-1.E0));
#3318=VECTOR('',#3317,2.E-2);
#3319=CARTESIAN_POINT('',(8.766291189671E-1,-4.836765843272E-1,-3.1E0));
#3320=LINE('',#3319,#3318);
#3321=DIRECTION('',(0.E0,0.E0,-1.E0));
#3322=VECTOR('',#3321,2.E-2);
#3323=CARTESIAN_POINT('',(8.766291189671E-1,-2.921233977854E-1,-3.1E0));
#3324=LINE('',#3323,#3322);
#3325=DIRECTION('',(0.E0,0.E0,-1.E0));
#3326=VECTOR('',#3325,2.E-2);
#3327=CARTESIAN_POINT('',(8.64125E-1,-2.282723415673E-1,-3.1E0));
#3328=LINE('',#3327,#3326);
#3329=DIRECTION('',(0.E0,0.E0,-1.E0));
#3330=VECTOR('',#3329,2.E-2);
#3331=CARTESIAN_POINT('',(8.391166189671E-1,-1.771914876491E-1,-3.1E0));
#3332=LINE('',#3331,#3330);
#3333=DIRECTION('',(0.E0,0.E0,-1.E0));
#3334=VECTOR('',#3333,2.E-2);
#3335=CARTESIAN_POINT('',(7.891E-1,-1.261106382027E-1,-3.1E0));
#3336=LINE('',#3335,#3334);
#3337=DIRECTION('',(0.E0,0.E0,-1.E0));
#3338=VECTOR('',#3337,2.E-2);
#3339=CARTESIAN_POINT('',(7.390833810329E-1,-1.005702123616E-1,-3.1E0));
#3340=LINE('',#3339,#3338);
#3341=DIRECTION('',(0.E0,0.E0,-1.E0));
#3342=VECTOR('',#3341,2.E-2);
#3343=CARTESIAN_POINT('',(6.765625E-1,-8.78E-2,-3.1E0));
#3344=LINE('',#3343,#3342);
#3345=DIRECTION('',(0.E0,0.E0,-1.E0));
#3346=VECTOR('',#3345,2.E-2);
#3347=CARTESIAN_POINT('',(3.764625E-1,-8.78E-2,-3.1E0));
#3348=LINE('',#3347,#3346);
#3349=DIRECTION('',(0.E0,0.E0,-1.E0));
#3350=VECTOR('',#3349,2.E-2);
#3351=CARTESIAN_POINT('',(3.764625E-1,-6.88E-1,-3.1E0));
#3352=LINE('',#3351,#3350);
#3353=DIRECTION('',(0.E0,0.E0,-1.E0));
#3354=VECTOR('',#3353,2.E-2);
#3355=CARTESIAN_POINT('',(4.514875E-1,-6.113787325382E-1,-3.1E0));
#3356=LINE('',#3355,#3354);
#3357=DIRECTION('',(0.E0,0.E0,-1.E0));
#3358=VECTOR('',#3357,2.E-2);
#3359=CARTESIAN_POINT('',(4.514875E-1,-1.644212764055E-1,-3.1E0));
#3360=LINE('',#3359,#3358);
#3361=DIRECTION('',(0.E0,0.E0,-1.E0));
#3362=VECTOR('',#3361,2.E-2);
#3363=CARTESIAN_POINT('',(6.765625E-1,-1.644212764055E-1,-3.1E0));
#3364=LINE('',#3363,#3362);
#3365=DIRECTION('',(0.E0,0.E0,-1.E0));
#3366=VECTOR('',#3365,2.E-2);
#3367=CARTESIAN_POINT('',(7.265791189671E-1,-1.771914876491E-1,-3.1E0));
#3368=LINE('',#3367,#3366);
#3369=DIRECTION('',(0.E0,0.E0,-1.E0));
#3370=VECTOR('',#3369,2.E-2);
#3371=CARTESIAN_POINT('',(7.640916189671E-1,-2.027319190800E-1,-3.1E0));
#3372=LINE('',#3371,#3370);
#3373=DIRECTION('',(0.E0,0.E0,-1.E0));
#3374=VECTOR('',#3373,2.E-2);
#3375=CARTESIAN_POINT('',(7.891E-1,-2.410425528109E-1,-3.1E0));
#3376=LINE('',#3375,#3374);
#3377=DIRECTION('',(0.E0,0.E0,-1.E0));
#3378=VECTOR('',#3377,2.E-2);
#3379=CARTESIAN_POINT('',(8.016041189671E-1,-2.921233977854E-1,-3.1E0));
#3380=LINE('',#3379,#3378);
#3381=DIRECTION('',(0.E0,0.E0,-1.E0));
#3382=VECTOR('',#3381,2.E-2);
#3383=CARTESIAN_POINT('',(8.016041189671E-1,-4.836765843272E-1,-3.1E0));
#3384=LINE('',#3383,#3382);
#3385=DIRECTION('',(0.E0,0.E0,-1.E0));
#3386=VECTOR('',#3385,2.E-2);
#3387=CARTESIAN_POINT('',(7.891E-1,-5.347574293017E-1,-3.1E0));
#3388=LINE('',#3387,#3386);
#3389=DIRECTION('',(0.E0,0.E0,-1.E0));
#3390=VECTOR('',#3389,2.E-2);
#3391=CARTESIAN_POINT('',(7.640916189671E-1,-5.730680988073E-1,-3.1E0));
#3392=LINE('',#3391,#3390);
#3393=DIRECTION('',(0.E0,0.E0,-1.E0));
#3394=VECTOR('',#3393,2.E-2);
#3395=CARTESIAN_POINT('',(7.265791189671E-1,-5.986085212946E-1,-3.1E0));
#3396=LINE('',#3395,#3394);
#3397=DIRECTION('',(0.E0,0.E0,-1.E0));
#3398=VECTOR('',#3397,2.E-2);
#3399=CARTESIAN_POINT('',(6.765625E-1,-6.113787325382E-1,-3.1E0));
#3400=LINE('',#3399,#3398);
#3401=DIRECTION('',(1.110223024625E-14,0.E0,-1.E0));
#3402=VECTOR('',#3401,2.E-2);
#3403=CARTESIAN_POINT('',(1.2767625E0,-6.88E-1,-3.1E0));
#3404=LINE('',#3403,#3402);
#3405=DIRECTION('',(1.110223024625E-14,0.E0,-1.E0));
#3406=VECTOR('',#3405,2.E-2);
#3407=CARTESIAN_POINT('',(1.476829262066E0,-8.78E-2,-3.1E0));
#3408=LINE('',#3407,#3406);
#3409=DIRECTION('',(0.E0,0.E0,-1.E0));
#3410=VECTOR('',#3409,2.E-2);
#3411=CARTESIAN_POINT('',(1.401804262066E0,-8.78E-2,-3.1E0));
#3412=LINE('',#3411,#3410);
#3413=DIRECTION('',(0.E0,0.E0,-1.E0));
#3414=VECTOR('',#3413,2.E-2);
#3415=CARTESIAN_POINT('',(1.3517875E0,-2.410425528109E-1,-3.1E0));
#3416=LINE('',#3415,#3414);
#3417=DIRECTION('',(0.E0,0.E0,-1.E0));
#3418=VECTOR('',#3417,2.E-2);
#3419=CARTESIAN_POINT('',(1.101704262066E0,-2.410425528109E-1,-3.1E0));
#3420=LINE('',#3419,#3418);
#3421=DIRECTION('',(0.E0,0.E0,-1.E0));
#3422=VECTOR('',#3421,2.E-2);
#3423=CARTESIAN_POINT('',(1.0516875E0,-8.78E-2,-3.1E0));
#3424=LINE('',#3423,#3422);
#3425=DIRECTION('',(0.E0,0.E0,-1.E0));
#3426=VECTOR('',#3425,2.E-2);
#3427=CARTESIAN_POINT('',(9.766625E-1,-8.78E-2,-3.1E0));
#3428=LINE('',#3427,#3426);
#3429=DIRECTION('',(0.E0,0.E0,-1.E0));
#3430=VECTOR('',#3429,2.E-2);
#3431=CARTESIAN_POINT('',(1.176729262066E0,-6.88E-1,-3.1E0));
#3432=LINE('',#3431,#3430);
#3433=DIRECTION('',(-1.110223024625E-14,1.665334536938E-14,-1.E0));
#3434=VECTOR('',#3433,2.E-2);
#3435=CARTESIAN_POINT('',(1.226745737934E0,-6.369191550255E-1,-3.1E0));
#3436=LINE('',#3435,#3434);
#3437=DIRECTION('',(0.E0,0.E0,-1.E0));
#3438=VECTOR('',#3437,2.E-2);
#3439=CARTESIAN_POINT('',(1.114208237934E0,-2.921233977854E-1,-3.1E0));
#3440=LINE('',#3439,#3438);
#3441=DIRECTION('',(0.E0,0.E0,-1.E0));
#3442=VECTOR('',#3441,2.E-2);
#3443=CARTESIAN_POINT('',(1.339283237934E0,-2.921233977854E-1,-3.1E0));
#3444=LINE('',#3443,#3442);
#3445=CARTESIAN_POINT('',(-2.8E0,-1.615E0,3.1E0));
#3446=CARTESIAN_POINT('',(-3.1E0,-1.615E0,2.8E0));
#3447=VERTEX_POINT('',#3445);
#3448=VERTEX_POINT('',#3446);
#3449=CARTESIAN_POINT('',(-3.1E0,1.615E0,2.8E0));
#3450=VERTEX_POINT('',#3449);
#3451=CARTESIAN_POINT('',(-2.8E0,1.615E0,3.1E0));
#3452=VERTEX_POINT('',#3451);
#3453=CARTESIAN_POINT('',(-2.8E0,1.615E0,-3.1E0));
#3454=CARTESIAN_POINT('',(-3.1E0,1.615E0,-2.8E0));
#3455=VERTEX_POINT('',#3453);
#3456=VERTEX_POINT('',#3454);
#3457=CARTESIAN_POINT('',(-3.1E0,-1.615E0,-2.8E0));
#3458=VERTEX_POINT('',#3457);
#3459=CARTESIAN_POINT('',(-2.8E0,-1.615E0,-3.1E0));
#3460=VERTEX_POINT('',#3459);
#3461=CARTESIAN_POINT('',(2.8E0,-1.615E0,-3.1E0));
#3462=CARTESIAN_POINT('',(3.1E0,-1.615E0,-2.8E0));
#3463=VERTEX_POINT('',#3461);
#3464=VERTEX_POINT('',#3462);
#3465=CARTESIAN_POINT('',(3.1E0,1.615E0,-2.8E0));
#3466=VERTEX_POINT('',#3465);
#3467=CARTESIAN_POINT('',(2.8E0,1.615E0,-3.1E0));
#3468=VERTEX_POINT('',#3467);
#3469=CARTESIAN_POINT('',(2.8E0,1.615E0,3.1E0));
#3470=CARTESIAN_POINT('',(3.1E0,1.615E0,2.8E0));
#3471=VERTEX_POINT('',#3469);
#3472=VERTEX_POINT('',#3470);
#3473=CARTESIAN_POINT('',(3.1E0,-1.615E0,2.8E0));
#3474=VERTEX_POINT('',#3473);
#3475=CARTESIAN_POINT('',(2.8E0,-1.615E0,3.1E0));
#3476=VERTEX_POINT('',#3475);
#3477=CARTESIAN_POINT('',(-1.9E0,5.15E-1,-3.1E0));
#3478=CARTESIAN_POINT('',(-2.6E0,5.15E-1,-3.1E0));
#3479=VERTEX_POINT('',#3477);
#3480=VERTEX_POINT('',#3478);
#3481=CARTESIAN_POINT('',(-1.9E0,8.15E-1,-3.1E0));
#3482=CARTESIAN_POINT('',(-2.6E0,8.15E-1,-3.1E0));
#3483=VERTEX_POINT('',#3481);
#3484=VERTEX_POINT('',#3482);
#3485=CARTESIAN_POINT('',(1.5E0,1.615E0,-2.5E0));
#3486=CARTESIAN_POINT('',(1.7E0,1.615E0,-2.3E0));
#3487=VERTEX_POINT('',#3485);
#3488=VERTEX_POINT('',#3486);
#3489=CARTESIAN_POINT('',(1.7E0,1.615E0,2.1E0));
#3490=CARTESIAN_POINT('',(1.5E0,1.615E0,2.3E0));
#3491=VERTEX_POINT('',#3489);
#3492=VERTEX_POINT('',#3490);
#3493=CARTESIAN_POINT('',(1.7E0,1.615E0,-1.5E0));
#3494=CARTESIAN_POINT('',(1.5E0,1.615E0,-1.3E0));
#3495=VERTEX_POINT('',#3493);
#3496=VERTEX_POINT('',#3494);
#3497=CARTESIAN_POINT('',(1.5E0,1.615E0,1.1E0));
#3498=CARTESIAN_POINT('',(1.7E0,1.615E0,1.3E0));
#3499=VERTEX_POINT('',#3497);
#3500=VERTEX_POINT('',#3498);
#3501=CARTESIAN_POINT('',(2.95E0,1.615E0,1.9E0));
#3502=CARTESIAN_POINT('',(2.95E0,1.615E0,1.5E0));
#3503=VERTEX_POINT('',#3501);
#3504=VERTEX_POINT('',#3502);
#3505=CARTESIAN_POINT('',(2.95E0,1.615E0,-1.7E0));
#3506=CARTESIAN_POINT('',(2.95E0,1.615E0,-2.1E0));
#3507=VERTEX_POINT('',#3505);
#3508=VERTEX_POINT('',#3506);
#3509=CARTESIAN_POINT('',(1.3E0,1.615E0,-3.E0));
#3510=CARTESIAN_POINT('',(1.1E0,1.615E0,-3.E0));
#3511=VERTEX_POINT('',#3509);
#3512=VERTEX_POINT('',#3510);
#3513=CARTESIAN_POINT('',(1.1E0,1.615E0,2.8E0));
#3514=CARTESIAN_POINT('',(1.3E0,1.615E0,2.8E0));
#3515=VERTEX_POINT('',#3513);
#3516=VERTEX_POINT('',#3514);
#3517=CARTESIAN_POINT('',(2.75E0,1.615E0,-2.3E0));
#3518=VERTEX_POINT('',#3517);
#3519=CARTESIAN_POINT('',(2.75E0,1.615E0,-1.5E0));
#3520=VERTEX_POINT('',#3519);
#3521=CARTESIAN_POINT('',(2.75E0,1.615E0,1.3E0));
#3522=VERTEX_POINT('',#3521);
#3523=CARTESIAN_POINT('',(2.75E0,1.615E0,2.1E0));
#3524=VERTEX_POINT('',#3523);
#3525=CARTESIAN_POINT('',(1.5E0,1.615E0,2.6E0));
#3526=VERTEX_POINT('',#3525);
#3527=CARTESIAN_POINT('',(9.E-1,1.615E0,2.6E0));
#3528=VERTEX_POINT('',#3527);
#3529=CARTESIAN_POINT('',(1.5E0,1.615E0,-2.8E0));
#3530=VERTEX_POINT('',#3529);
#3531=CARTESIAN_POINT('',(9.E-1,1.615E0,-2.8E0));
#3532=VERTEX_POINT('',#3531);
#3533=CARTESIAN_POINT('',(1.7E0,2.115E0,-2.2E0));
#3534=CARTESIAN_POINT('',(1.4E0,2.115E0,-2.5E0));
#3535=VERTEX_POINT('',#3533);
#3536=VERTEX_POINT('',#3534);
#3537=CARTESIAN_POINT('',(1.7E0,2.015E0,-2.3E0));
#3538=CARTESIAN_POINT('',(1.5E0,2.015E0,-2.5E0));
#3539=VERTEX_POINT('',#3537);
#3540=VERTEX_POINT('',#3538);
#3541=CARTESIAN_POINT('',(1.4E0,2.115E0,-2.8E0));
#3542=VERTEX_POINT('',#3541);
#3543=CARTESIAN_POINT('',(1.5E0,2.015E0,-2.800000000097E0));
#3544=VERTEX_POINT('',#3543);
#3545=CARTESIAN_POINT('',(1.3E0,2.115E0,-2.9E0));
#3546=VERTEX_POINT('',#3545);
#3547=CARTESIAN_POINT('',(1.3E0,2.015E0,-3.E0));
#3548=VERTEX_POINT('',#3547);
#3549=CARTESIAN_POINT('',(1.1E0,2.115E0,-2.9E0));
#3550=VERTEX_POINT('',#3549);
#3551=CARTESIAN_POINT('',(1.099999999903E0,2.015E0,-3.E0));
#3552=VERTEX_POINT('',#3551);
#3553=CARTESIAN_POINT('',(1.E0,2.115E0,-2.8E0));
#3554=VERTEX_POINT('',#3553);
#3555=CARTESIAN_POINT('',(9.E-1,2.015E0,-2.8E0));
#3556=VERTEX_POINT('',#3555);
#3557=CARTESIAN_POINT('',(1.E0,2.115E0,2.6E0));
#3558=VERTEX_POINT('',#3557);
#3559=CARTESIAN_POINT('',(9.E-1,2.015E0,2.600000000097E0));
#3560=VERTEX_POINT('',#3559);
#3561=CARTESIAN_POINT('',(1.1E0,2.115E0,2.7E0));
#3562=VERTEX_POINT('',#3561);
#3563=CARTESIAN_POINT('',(1.1E0,2.015E0,2.8E0));
#3564=VERTEX_POINT('',#3563);
#3565=CARTESIAN_POINT('',(1.3E0,2.115E0,2.7E0));
#3566=VERTEX_POINT('',#3565);
#3567=CARTESIAN_POINT('',(1.300000000097E0,2.015E0,2.8E0));
#3568=VERTEX_POINT('',#3567);
#3569=CARTESIAN_POINT('',(1.4E0,2.115E0,2.6E0));
#3570=VERTEX_POINT('',#3569);
#3571=CARTESIAN_POINT('',(1.5E0,2.015E0,2.6E0));
#3572=VERTEX_POINT('',#3571);
#3573=CARTESIAN_POINT('',(1.400000000121E0,2.115E0,2.299999999849E0));
#3574=VERTEX_POINT('',#3573);
#3575=CARTESIAN_POINT('',(1.5E0,2.015E0,2.299999999780E0));
#3576=VERTEX_POINT('',#3575);
#3577=CARTESIAN_POINT('',(1.7E0,2.115E0,2.E0));
#3578=VERTEX_POINT('',#3577);
#3579=CARTESIAN_POINT('',(1.7E0,2.015E0,2.1E0));
#3580=VERTEX_POINT('',#3579);
#3581=CARTESIAN_POINT('',(2.75E0,2.115E0,2.E0));
#3582=VERTEX_POINT('',#3581);
#3583=CARTESIAN_POINT('',(2.750000000097E0,2.015E0,2.1E0));
#3584=VERTEX_POINT('',#3583);
#3585=CARTESIAN_POINT('',(2.85E0,2.115E0,1.9E0));
#3586=VERTEX_POINT('',#3585);
#3587=CARTESIAN_POINT('',(2.95E0,2.015E0,1.9E0));
#3588=VERTEX_POINT('',#3587);
#3589=CARTESIAN_POINT('',(2.85E0,2.115E0,1.5E0));
#3590=VERTEX_POINT('',#3589);
#3591=CARTESIAN_POINT('',(2.95E0,2.015E0,1.499999999903E0));
#3592=VERTEX_POINT('',#3591);
#3593=CARTESIAN_POINT('',(2.75E0,2.115E0,1.4E0));
#3594=VERTEX_POINT('',#3593);
#3595=CARTESIAN_POINT('',(2.75E0,2.015E0,1.3E0));
#3596=VERTEX_POINT('',#3595);
#3597=CARTESIAN_POINT('',(1.699999999849E0,2.115E0,1.399999999879E0));
#3598=VERTEX_POINT('',#3597);
#3599=CARTESIAN_POINT('',(1.699999999780E0,2.015E0,1.3E0));
#3600=VERTEX_POINT('',#3599);
#3601=CARTESIAN_POINT('',(1.4E0,2.115E0,1.1E0));
#3602=VERTEX_POINT('',#3601);
#3603=CARTESIAN_POINT('',(1.5E0,2.015E0,1.1E0));
#3604=VERTEX_POINT('',#3603);
#3605=CARTESIAN_POINT('',(1.400000000121E0,2.115E0,-1.300000000151E0));
#3606=VERTEX_POINT('',#3605);
#3607=CARTESIAN_POINT('',(1.5E0,2.015E0,-1.300000000220E0));
#3608=VERTEX_POINT('',#3607);
#3609=CARTESIAN_POINT('',(1.7E0,2.115E0,-1.6E0));
#3610=VERTEX_POINT('',#3609);
#3611=CARTESIAN_POINT('',(1.7E0,2.015E0,-1.5E0));
#3612=VERTEX_POINT('',#3611);
#3613=CARTESIAN_POINT('',(2.75E0,2.115E0,-1.6E0));
#3614=VERTEX_POINT('',#3613);
#3615=CARTESIAN_POINT('',(2.750000000097E0,2.015E0,-1.5E0));
#3616=VERTEX_POINT('',#3615);
#3617=CARTESIAN_POINT('',(2.85E0,2.115E0,-1.7E0));
#3618=VERTEX_POINT('',#3617);
#3619=CARTESIAN_POINT('',(2.95E0,2.015E0,-1.7E0));
#3620=VERTEX_POINT('',#3619);
#3621=CARTESIAN_POINT('',(2.85E0,2.115E0,-2.1E0));
#3622=VERTEX_POINT('',#3621);
#3623=CARTESIAN_POINT('',(2.95E0,2.015E0,-2.100000000097E0));
#3624=VERTEX_POINT('',#3623);
#3625=CARTESIAN_POINT('',(2.75E0,2.115E0,-2.2E0));
#3626=VERTEX_POINT('',#3625);
#3627=CARTESIAN_POINT('',(2.75E0,2.015E0,-2.3E0));
#3628=VERTEX_POINT('',#3627);
#3629=CARTESIAN_POINT('',(-1.7E0,1.615E0,-2.3E0));
#3630=CARTESIAN_POINT('',(-1.5E0,1.615E0,-2.5E0));
#3631=VERTEX_POINT('',#3629);
#3632=VERTEX_POINT('',#3630);
#3633=CARTESIAN_POINT('',(-1.5E0,1.615E0,2.3E0));
#3634=CARTESIAN_POINT('',(-1.7E0,1.615E0,2.1E0));
#3635=VERTEX_POINT('',#3633);
#3636=VERTEX_POINT('',#3634);
#3637=CARTESIAN_POINT('',(-1.5E0,1.615E0,-1.3E0));
#3638=CARTESIAN_POINT('',(-1.7E0,1.615E0,-1.5E0));
#3639=VERTEX_POINT('',#3637);
#3640=VERTEX_POINT('',#3638);
#3641=CARTESIAN_POINT('',(-1.7E0,1.615E0,1.3E0));
#3642=CARTESIAN_POINT('',(-1.5E0,1.615E0,1.1E0));
#3643=VERTEX_POINT('',#3641);
#3644=VERTEX_POINT('',#3642);
#3645=CARTESIAN_POINT('',(-2.95E0,1.615E0,1.9E0));
#3646=CARTESIAN_POINT('',(-2.95E0,1.615E0,1.5E0));
#3647=VERTEX_POINT('',#3645);
#3648=VERTEX_POINT('',#3646);
#3649=CARTESIAN_POINT('',(-2.95E0,1.615E0,-1.7E0));
#3650=CARTESIAN_POINT('',(-2.95E0,1.615E0,-2.1E0));
#3651=VERTEX_POINT('',#3649);
#3652=VERTEX_POINT('',#3650);
#3653=CARTESIAN_POINT('',(-1.3E0,1.615E0,-3.E0));
#3654=CARTESIAN_POINT('',(-1.1E0,1.615E0,-3.E0));
#3655=VERTEX_POINT('',#3653);
#3656=VERTEX_POINT('',#3654);
#3657=CARTESIAN_POINT('',(-1.1E0,1.615E0,2.8E0));
#3658=CARTESIAN_POINT('',(-1.3E0,1.615E0,2.8E0));
#3659=VERTEX_POINT('',#3657);
#3660=VERTEX_POINT('',#3658);
#3661=CARTESIAN_POINT('',(-2.75E0,1.615E0,-2.3E0));
#3662=VERTEX_POINT('',#3661);
#3663=CARTESIAN_POINT('',(-2.75E0,1.615E0,-1.5E0));
#3664=VERTEX_POINT('',#3663);
#3665=CARTESIAN_POINT('',(-2.75E0,1.615E0,1.3E0));
#3666=VERTEX_POINT('',#3665);
#3667=CARTESIAN_POINT('',(-2.75E0,1.615E0,2.1E0));
#3668=VERTEX_POINT('',#3667);
#3669=CARTESIAN_POINT('',(-1.5E0,1.615E0,2.6E0));
#3670=VERTEX_POINT('',#3669);
#3671=CARTESIAN_POINT('',(-9.E-1,1.615E0,2.6E0));
#3672=VERTEX_POINT('',#3671);
#3673=CARTESIAN_POINT('',(-1.5E0,1.615E0,-2.8E0));
#3674=VERTEX_POINT('',#3673);
#3675=CARTESIAN_POINT('',(-9.E-1,1.615E0,-2.8E0));
#3676=VERTEX_POINT('',#3675);
#3677=CARTESIAN_POINT('',(-2.75E0,2.115E0,-2.2E0));
#3678=CARTESIAN_POINT('',(-2.85E0,2.115E0,-2.1E0));
#3679=VERTEX_POINT('',#3677);
#3680=VERTEX_POINT('',#3678);
#3681=CARTESIAN_POINT('',(-2.75E0,2.015E0,-2.3E0));
#3682=CARTESIAN_POINT('',(-2.95E0,2.015E0,-2.1E0));
#3683=VERTEX_POINT('',#3681);
#3684=VERTEX_POINT('',#3682);
#3685=CARTESIAN_POINT('',(-2.85E0,2.115E0,-1.7E0));
#3686=VERTEX_POINT('',#3685);
#3687=CARTESIAN_POINT('',(-2.95E0,2.015E0,-1.700000000625E0));
#3688=VERTEX_POINT('',#3687);
#3689=CARTESIAN_POINT('',(-2.75E0,2.115E0,-1.6E0));
#3690=VERTEX_POINT('',#3689);
#3691=CARTESIAN_POINT('',(-2.75E0,2.015E0,-1.5E0));
#3692=VERTEX_POINT('',#3691);
#3693=CARTESIAN_POINT('',(-1.700000000110E0,2.115E0,-1.599999999863E0));
#3694=VERTEX_POINT('',#3693);
#3695=CARTESIAN_POINT('',(-1.700000000129E0,2.015E0,-1.5E0));
#3696=VERTEX_POINT('',#3695);
#3697=CARTESIAN_POINT('',(-1.4E0,2.115E0,-1.3E0));
#3698=VERTEX_POINT('',#3697);
#3699=CARTESIAN_POINT('',(-1.5E0,2.015E0,-1.3E0));
#3700=VERTEX_POINT('',#3699);
#3701=CARTESIAN_POINT('',(-1.400000000137E0,2.115E0,1.099999999890E0));
#3702=VERTEX_POINT('',#3701);
#3703=CARTESIAN_POINT('',(-1.5E0,2.015E0,1.099999999871E0));
#3704=VERTEX_POINT('',#3703);
#3705=CARTESIAN_POINT('',(-1.7E0,2.115E0,1.4E0));
#3706=VERTEX_POINT('',#3705);
#3707=CARTESIAN_POINT('',(-1.7E0,2.015E0,1.3E0));
#3708=VERTEX_POINT('',#3707);
#3709=CARTESIAN_POINT('',(-2.75E0,2.115E0,1.4E0));
#3710=VERTEX_POINT('',#3709);
#3711=CARTESIAN_POINT('',(-2.749999999375E0,2.015E0,1.3E0));
#3712=VERTEX_POINT('',#3711);
#3713=CARTESIAN_POINT('',(-2.85E0,2.115E0,1.5E0));
#3714=VERTEX_POINT('',#3713);
#3715=CARTESIAN_POINT('',(-2.95E0,2.015E0,1.5E0));
#3716=VERTEX_POINT('',#3715);
#3717=CARTESIAN_POINT('',(-2.85E0,2.115E0,1.9E0));
#3718=VERTEX_POINT('',#3717);
#3719=CARTESIAN_POINT('',(-2.95E0,2.015E0,1.899999999375E0));
#3720=VERTEX_POINT('',#3719);
#3721=CARTESIAN_POINT('',(-2.75E0,2.115E0,2.E0));
#3722=VERTEX_POINT('',#3721);
#3723=CARTESIAN_POINT('',(-2.75E0,2.015E0,2.1E0));
#3724=VERTEX_POINT('',#3723);
#3725=CARTESIAN_POINT('',(-1.700000000110E0,2.115E0,2.000000000137E0));
#3726=VERTEX_POINT('',#3725);
#3727=CARTESIAN_POINT('',(-1.700000000129E0,2.015E0,2.1E0));
#3728=VERTEX_POINT('',#3727);
#3729=CARTESIAN_POINT('',(-1.4E0,2.115E0,2.3E0));
#3730=VERTEX_POINT('',#3729);
#3731=CARTESIAN_POINT('',(-1.5E0,2.015E0,2.3E0));
#3732=VERTEX_POINT('',#3731);
#3733=CARTESIAN_POINT('',(-1.4E0,2.115E0,2.6E0));
#3734=VERTEX_POINT('',#3733);
#3735=CARTESIAN_POINT('',(-1.5E0,2.015E0,2.599999999375E0));
#3736=VERTEX_POINT('',#3735);
#3737=CARTESIAN_POINT('',(-1.3E0,2.115E0,2.7E0));
#3738=VERTEX_POINT('',#3737);
#3739=CARTESIAN_POINT('',(-1.3E0,2.015E0,2.8E0));
#3740=VERTEX_POINT('',#3739);
#3741=CARTESIAN_POINT('',(-1.1E0,2.115E0,2.7E0));
#3742=VERTEX_POINT('',#3741);
#3743=CARTESIAN_POINT('',(-1.100000000625E0,2.015E0,2.8E0));
#3744=VERTEX_POINT('',#3743);
#3745=CARTESIAN_POINT('',(-1.E0,2.115E0,2.6E0));
#3746=VERTEX_POINT('',#3745);
#3747=CARTESIAN_POINT('',(-9.E-1,2.015E0,2.6E0));
#3748=VERTEX_POINT('',#3747);
#3749=CARTESIAN_POINT('',(-1.E0,2.115E0,-2.8E0));
#3750=VERTEX_POINT('',#3749);
#3751=CARTESIAN_POINT('',(-9.E-1,2.015E0,-2.799999999375E0));
#3752=VERTEX_POINT('',#3751);
#3753=CARTESIAN_POINT('',(-1.1E0,2.115E0,-2.9E0));
#3754=VERTEX_POINT('',#3753);
#3755=CARTESIAN_POINT('',(-1.1E0,2.015E0,-3.E0));
#3756=VERTEX_POINT('',#3755);
#3757=CARTESIAN_POINT('',(-1.3E0,2.115E0,-2.9E0));
#3758=VERTEX_POINT('',#3757);
#3759=CARTESIAN_POINT('',(-1.299999999375E0,2.015E0,-3.E0));
#3760=VERTEX_POINT('',#3759);
#3761=CARTESIAN_POINT('',(-1.4E0,2.115E0,-2.8E0));
#3762=VERTEX_POINT('',#3761);
#3763=CARTESIAN_POINT('',(-1.5E0,2.015E0,-2.8E0));
#3764=VERTEX_POINT('',#3763);
#3765=CARTESIAN_POINT('',(-1.400000000137E0,2.115E0,-2.500000000110E0));
#3766=VERTEX_POINT('',#3765);
#3767=CARTESIAN_POINT('',(-1.5E0,2.015E0,-2.500000000129E0));
#3768=VERTEX_POINT('',#3767);
#3769=CARTESIAN_POINT('',(-1.7E0,2.115E0,-2.2E0));
#3770=VERTEX_POINT('',#3769);
#3771=CARTESIAN_POINT('',(-1.7E0,2.015E0,-2.3E0));
#3772=VERTEX_POINT('',#3771);
#3773=CARTESIAN_POINT('',(9.E-1,1.315E0,2.1E0));
#3774=CARTESIAN_POINT('',(9.E-1,1.315E0,1.3E0));
#3775=VERTEX_POINT('',#3773);
#3776=VERTEX_POINT('',#3774);
#3777=CARTESIAN_POINT('',(-9.E-1,1.315E0,1.3E0));
#3778=VERTEX_POINT('',#3777);
#3779=CARTESIAN_POINT('',(-9.E-1,1.315E0,2.1E0));
#3780=VERTEX_POINT('',#3779);
#3781=CARTESIAN_POINT('',(9.E-1,1.315E0,-2.3E0));
#3782=CARTESIAN_POINT('',(-9.E-1,1.315E0,-2.3E0));
#3783=VERTEX_POINT('',#3781);
#3784=VERTEX_POINT('',#3782);
#3785=CARTESIAN_POINT('',(-9.E-1,1.315E0,-1.5E0));
#3786=VERTEX_POINT('',#3785);
#3787=CARTESIAN_POINT('',(9.E-1,1.315E0,-1.5E0));
#3788=VERTEX_POINT('',#3787);
#3789=CARTESIAN_POINT('',(9.E-1,1.615E0,1.3E0));
#3790=CARTESIAN_POINT('',(-9.E-1,1.615E0,1.3E0));
#3791=VERTEX_POINT('',#3789);
#3792=VERTEX_POINT('',#3790);
#3793=CARTESIAN_POINT('',(-9.E-1,1.615E0,2.1E0));
#3794=CARTESIAN_POINT('',(9.E-1,1.615E0,2.1E0));
#3795=VERTEX_POINT('',#3793);
#3796=VERTEX_POINT('',#3794);
#3797=CARTESIAN_POINT('',(9.E-1,1.615E0,-2.3E0));
#3798=CARTESIAN_POINT('',(-9.E-1,1.615E0,-2.3E0));
#3799=VERTEX_POINT('',#3797);
#3800=VERTEX_POINT('',#3798);
#3801=CARTESIAN_POINT('',(-9.E-1,1.615E0,-1.5E0));
#3802=CARTESIAN_POINT('',(9.E-1,1.615E0,-1.5E0));
#3803=VERTEX_POINT('',#3801);
#3804=VERTEX_POINT('',#3802);
#3805=CARTESIAN_POINT('',(2.259434037280E0,1.635E0,4.045250041306E-1));
#3806=CARTESIAN_POINT('',(2.206353192544E0,1.635E0,3.352249958694E-1));
#3807=VERTEX_POINT('',#3805);
#3808=VERTEX_POINT('',#3806);
#3809=CARTESIAN_POINT('',(2.188659577632E0,1.635E0,2.65925E-1));
#3810=VERTEX_POINT('',#3809);
#3811=CARTESIAN_POINT('',(2.188659577632E0,1.635E0,1.61975E-1));
#3812=VERTEX_POINT('',#3811);
#3813=CARTESIAN_POINT('',(2.206353192544E0,1.635E0,9.267501652241E-2));
#3814=VERTEX_POINT('',#3813);
#3815=CARTESIAN_POINT('',(2.241740422368E0,1.635E0,4.070001652241E-2));
#3816=VERTEX_POINT('',#3815);
#3817=CARTESIAN_POINT('',(2.294821267104E0,1.635E0,6.05E-3));
#3818=VERTEX_POINT('',#3817);
#3819=CARTESIAN_POINT('',(2.347902136624E0,1.635E0,-1.127498347759E-2));
#3820=VERTEX_POINT('',#3819);
#3821=CARTESIAN_POINT('',(2.383289366448E0,1.635E0,-1.127498347759E-2));
#3822=VERTEX_POINT('',#3821);
#3823=CARTESIAN_POINT('',(2.436370211184E0,1.635E0,6.05E-3));
#3824=VERTEX_POINT('',#3823);
#3825=CARTESIAN_POINT('',(2.489451068312E0,1.635E0,4.070001652241E-2));
#3826=VERTEX_POINT('',#3825);
#3827=CARTESIAN_POINT('',(2.524838298136E0,1.635E0,9.267501652241E-2));
#3828=VERTEX_POINT('',#3827);
#3829=CARTESIAN_POINT('',(2.542531913048E0,1.635E0,1.61975E-1));
#3830=VERTEX_POINT('',#3829);
#3831=CARTESIAN_POINT('',(2.542531913048E0,1.635E0,2.65925E-1));
#3832=VERTEX_POINT('',#3831);
#3833=CARTESIAN_POINT('',(2.524838298136E0,1.635E0,3.352249958694E-1));
#3834=VERTEX_POINT('',#3833);
#3835=CARTESIAN_POINT('',(2.489451068312E0,1.635E0,3.871999958694E-1));
#3836=VERTEX_POINT('',#3835);
#3837=CARTESIAN_POINT('',(2.418676596272E0,1.635E0,4.2185E-1));
#3838=VERTEX_POINT('',#3837);
#3839=CARTESIAN_POINT('',(2.418676596272E0,1.635E0,5.258E-1));
#3840=VERTEX_POINT('',#3839);
#3841=CARTESIAN_POINT('',(2.489451068312E0,1.635E0,4.911499989673E-1));
#3842=VERTEX_POINT('',#3841);
#3843=CARTESIAN_POINT('',(2.560225534156E0,1.635E0,4.391750020653E-1));
#3844=VERTEX_POINT('',#3843);
#3845=CARTESIAN_POINT('',(2.613306383539E0,1.635E0,3.525500041306E-1));
#3846=VERTEX_POINT('',#3845);
#3847=CARTESIAN_POINT('',(2.631E0,1.635E0,2.65925E-1));
#3848=VERTEX_POINT('',#3847);
#3849=CARTESIAN_POINT('',(2.631E0,1.635E0,1.61975E-1));
#3850=VERTEX_POINT('',#3849);
#3851=CARTESIAN_POINT('',(2.613306383539E0,1.635E0,7.534998347759E-2));
#3852=VERTEX_POINT('',#3851);
#3853=CARTESIAN_POINT('',(2.560225534156E0,1.635E0,-1.127498347759E-2));
#3854=VERTEX_POINT('',#3853);
#3855=CARTESIAN_POINT('',(2.489451068312E0,1.635E0,-6.324998347759E-2));
#3856=VERTEX_POINT('',#3855);
#3857=CARTESIAN_POINT('',(2.400982981360E0,1.635E0,-9.79E-2));
#3858=VERTEX_POINT('',#3857);
#3859=CARTESIAN_POINT('',(2.330208521712E0,1.635E0,-9.79E-2));
#3860=VERTEX_POINT('',#3859);
#3861=CARTESIAN_POINT('',(2.241740422368E0,1.635E0,-6.324998347759E-2));
#3862=VERTEX_POINT('',#3861);
#3863=CARTESIAN_POINT('',(2.170965962720E0,1.635E0,-1.127498347759E-2));
#3864=VERTEX_POINT('',#3863);
#3865=CARTESIAN_POINT('',(2.117885117984E0,1.635E0,7.534998347759E-2));
#3866=VERTEX_POINT('',#3865);
#3867=CARTESIAN_POINT('',(2.100191503072E0,1.635E0,1.61975E-1));
#3868=VERTEX_POINT('',#3867);
#3869=CARTESIAN_POINT('',(2.100191503072E0,1.635E0,2.65925E-1));
#3870=VERTEX_POINT('',#3869);
#3871=CARTESIAN_POINT('',(2.117885117984E0,1.635E0,3.525500041306E-1));
#3872=VERTEX_POINT('',#3871);
#3873=CARTESIAN_POINT('',(2.170965962720E0,1.635E0,4.391750020653E-1));
#3874=VERTEX_POINT('',#3873);
#3875=CARTESIAN_POINT('',(1.887868074560E0,1.635E0,4.391750020653E-1));
#3876=VERTEX_POINT('',#3875);
#3877=CARTESIAN_POINT('',(1.887868074560E0,1.635E0,-6.324998347759E-2));
#3878=VERTEX_POINT('',#3877);
#3879=CARTESIAN_POINT('',(1.7994E0,1.635E0,-6.324998347759E-2));
#3880=VERTEX_POINT('',#3879);
#3881=CARTESIAN_POINT('',(1.7994E0,1.635E0,5.258E-1));
#3882=VERTEX_POINT('',#3881);
#3883=CARTESIAN_POINT('',(2.259434037280E0,1.635E0,5.258E-1));
#3884=VERTEX_POINT('',#3883);
#3885=CARTESIAN_POINT('',(1.7994E0,1.635E0,-6.522999669552E-1));
#3886=CARTESIAN_POINT('',(2.277127652192E0,1.635E0,-2.365000165224E-1));
#3887=VERTEX_POINT('',#3885);
#3888=VERTEX_POINT('',#3886);
#3889=CARTESIAN_POINT('',(2.383289366448E0,1.635E0,-2.365000165224E-1));
#3890=VERTEX_POINT('',#3889);
#3891=CARTESIAN_POINT('',(2.383289366448E0,1.635E0,-6.522999669552E-1));
#3892=VERTEX_POINT('',#3891);
#3893=CARTESIAN_POINT('',(2.631E0,1.635E0,-6.522999669552E-1));
#3894=VERTEX_POINT('',#3893);
#3895=CARTESIAN_POINT('',(2.631E0,1.635E0,-7.562499669552E-1));
#3896=VERTEX_POINT('',#3895);
#3897=CARTESIAN_POINT('',(2.383289366448E0,1.635E0,-7.562499669552E-1));
#3898=VERTEX_POINT('',#3897);
#3899=CARTESIAN_POINT('',(2.383289366448E0,1.635E0,-9.295E-1));
#3900=VERTEX_POINT('',#3899);
#3901=CARTESIAN_POINT('',(2.277127652192E0,1.635E0,-9.295E-1));
#3902=VERTEX_POINT('',#3901);
#3903=CARTESIAN_POINT('',(2.277127652192E0,1.635E0,-7.562499669552E-1));
#3904=VERTEX_POINT('',#3903);
#3905=CARTESIAN_POINT('',(1.7994E0,1.635E0,-7.562499669552E-1));
#3906=VERTEX_POINT('',#3905);
#3907=CARTESIAN_POINT('',(2.277127652192E0,1.635E0,-3.57775E-1));
#3908=CARTESIAN_POINT('',(1.940948919296E0,1.635E0,-6.522999669552E-1));
#3909=VERTEX_POINT('',#3907);
#3910=VERTEX_POINT('',#3908);
#3911=CARTESIAN_POINT('',(2.277127652192E0,1.635E0,-6.522999669552E-1));
#3912=VERTEX_POINT('',#3911);
#3913=CARTESIAN_POINT('',(2.259434037280E0,1.615E0,4.045250041306E-1));
#3914=CARTESIAN_POINT('',(2.206353192544E0,1.615E0,3.352249958694E-1));
#3915=VERTEX_POINT('',#3913);
#3916=VERTEX_POINT('',#3914);
#3917=CARTESIAN_POINT('',(2.188659577632E0,1.615E0,2.65925E-1));
#3918=VERTEX_POINT('',#3917);
#3919=CARTESIAN_POINT('',(2.188659577632E0,1.615E0,1.61975E-1));
#3920=VERTEX_POINT('',#3919);
#3921=CARTESIAN_POINT('',(2.206353192544E0,1.615E0,9.267501652241E-2));
#3922=VERTEX_POINT('',#3921);
#3923=CARTESIAN_POINT('',(2.241740422368E0,1.615E0,4.070001652241E-2));
#3924=VERTEX_POINT('',#3923);
#3925=CARTESIAN_POINT('',(2.294821267104E0,1.615E0,6.05E-3));
#3926=VERTEX_POINT('',#3925);
#3927=CARTESIAN_POINT('',(2.347902136624E0,1.615E0,-1.127498347759E-2));
#3928=VERTEX_POINT('',#3927);
#3929=CARTESIAN_POINT('',(2.383289366448E0,1.615E0,-1.127498347759E-2));
#3930=VERTEX_POINT('',#3929);
#3931=CARTESIAN_POINT('',(2.436370211184E0,1.615E0,6.05E-3));
#3932=VERTEX_POINT('',#3931);
#3933=CARTESIAN_POINT('',(2.489451068312E0,1.615E0,4.070001652241E-2));
#3934=VERTEX_POINT('',#3933);
#3935=CARTESIAN_POINT('',(2.524838298136E0,1.615E0,9.267501652241E-2));
#3936=VERTEX_POINT('',#3935);
#3937=CARTESIAN_POINT('',(2.542531913048E0,1.615E0,1.61975E-1));
#3938=VERTEX_POINT('',#3937);
#3939=CARTESIAN_POINT('',(2.542531913048E0,1.615E0,2.65925E-1));
#3940=VERTEX_POINT('',#3939);
#3941=CARTESIAN_POINT('',(2.524838298136E0,1.615E0,3.352249958694E-1));
#3942=VERTEX_POINT('',#3941);
#3943=CARTESIAN_POINT('',(2.489451068312E0,1.615E0,3.871999958694E-1));
#3944=VERTEX_POINT('',#3943);
#3945=CARTESIAN_POINT('',(2.418676596272E0,1.615E0,4.2185E-1));
#3946=VERTEX_POINT('',#3945);
#3947=CARTESIAN_POINT('',(2.418676596272E0,1.615E0,5.258E-1));
#3948=VERTEX_POINT('',#3947);
#3949=CARTESIAN_POINT('',(2.489451068312E0,1.615E0,4.911499989673E-1));
#3950=VERTEX_POINT('',#3949);
#3951=CARTESIAN_POINT('',(2.560225534156E0,1.615E0,4.391750020653E-1));
#3952=VERTEX_POINT('',#3951);
#3953=CARTESIAN_POINT('',(2.613306383539E0,1.615E0,3.525500041306E-1));
#3954=VERTEX_POINT('',#3953);
#3955=CARTESIAN_POINT('',(2.631E0,1.615E0,2.65925E-1));
#3956=VERTEX_POINT('',#3955);
#3957=CARTESIAN_POINT('',(2.631E0,1.615E0,1.61975E-1));
#3958=VERTEX_POINT('',#3957);
#3959=CARTESIAN_POINT('',(2.613306383539E0,1.615E0,7.534998347759E-2));
#3960=VERTEX_POINT('',#3959);
#3961=CARTESIAN_POINT('',(2.560225534156E0,1.615E0,-1.127498347759E-2));
#3962=VERTEX_POINT('',#3961);
#3963=CARTESIAN_POINT('',(2.489451068312E0,1.615E0,-6.324998347759E-2));
#3964=VERTEX_POINT('',#3963);
#3965=CARTESIAN_POINT('',(2.400982981360E0,1.615E0,-9.79E-2));
#3966=VERTEX_POINT('',#3965);
#3967=CARTESIAN_POINT('',(2.330208521712E0,1.615E0,-9.79E-2));
#3968=VERTEX_POINT('',#3967);
#3969=CARTESIAN_POINT('',(2.241740422368E0,1.615E0,-6.324998347759E-2));
#3970=VERTEX_POINT('',#3969);
#3971=CARTESIAN_POINT('',(2.170965962720E0,1.615E0,-1.127498347759E-2));
#3972=VERTEX_POINT('',#3971);
#3973=CARTESIAN_POINT('',(2.117885117984E0,1.615E0,7.534998347759E-2));
#3974=VERTEX_POINT('',#3973);
#3975=CARTESIAN_POINT('',(2.100191503072E0,1.615E0,1.61975E-1));
#3976=VERTEX_POINT('',#3975);
#3977=CARTESIAN_POINT('',(2.100191503072E0,1.615E0,2.65925E-1));
#3978=VERTEX_POINT('',#3977);
#3979=CARTESIAN_POINT('',(2.117885117984E0,1.615E0,3.525500041306E-1));
#3980=VERTEX_POINT('',#3979);
#3981=CARTESIAN_POINT('',(2.170965962720E0,1.615E0,4.391750020653E-1));
#3982=VERTEX_POINT('',#3981);
#3983=CARTESIAN_POINT('',(1.887868074560E0,1.615E0,4.391750020653E-1));
#3984=VERTEX_POINT('',#3983);
#3985=CARTESIAN_POINT('',(1.887868074560E0,1.615E0,-6.324998347759E-2));
#3986=VERTEX_POINT('',#3985);
#3987=CARTESIAN_POINT('',(1.7994E0,1.615E0,-6.324998347759E-2));
#3988=VERTEX_POINT('',#3987);
#3989=CARTESIAN_POINT('',(1.7994E0,1.615E0,5.258E-1));
#3990=VERTEX_POINT('',#3989);
#3991=CARTESIAN_POINT('',(2.259434037280E0,1.615E0,5.258E-1));
#3992=VERTEX_POINT('',#3991);
#3993=CARTESIAN_POINT('',(1.7994E0,1.615E0,-6.522999669552E-1));
#3994=CARTESIAN_POINT('',(2.277127652192E0,1.615E0,-2.365000165224E-1));
#3995=VERTEX_POINT('',#3993);
#3996=VERTEX_POINT('',#3994);
#3997=CARTESIAN_POINT('',(2.383289366448E0,1.615E0,-2.365000165224E-1));
#3998=VERTEX_POINT('',#3997);
#3999=CARTESIAN_POINT('',(2.383289366448E0,1.615E0,-6.522999669552E-1));
#4000=VERTEX_POINT('',#3999);
#4001=CARTESIAN_POINT('',(2.631E0,1.615E0,-6.522999669552E-1));
#4002=VERTEX_POINT('',#4001);
#4003=CARTESIAN_POINT('',(2.631E0,1.615E0,-7.562499669552E-1));
#4004=VERTEX_POINT('',#4003);
#4005=CARTESIAN_POINT('',(2.383289366448E0,1.615E0,-7.562499669552E-1));
#4006=VERTEX_POINT('',#4005);
#4007=CARTESIAN_POINT('',(2.383289366448E0,1.615E0,-9.295E-1));
#4008=VERTEX_POINT('',#4007);
#4009=CARTESIAN_POINT('',(2.277127652192E0,1.615E0,-9.295E-1));
#4010=VERTEX_POINT('',#4009);
#4011=CARTESIAN_POINT('',(2.277127652192E0,1.615E0,-7.562499669552E-1));
#4012=VERTEX_POINT('',#4011);
#4013=CARTESIAN_POINT('',(1.7994E0,1.615E0,-7.562499669552E-1));
#4014=VERTEX_POINT('',#4013);
#4015=CARTESIAN_POINT('',(2.277127652192E0,1.615E0,-3.57775E-1));
#4016=CARTESIAN_POINT('',(1.940948919296E0,1.615E0,-6.522999669552E-1));
#4017=VERTEX_POINT('',#4015);
#4018=VERTEX_POINT('',#4016);
#4019=CARTESIAN_POINT('',(2.277127652192E0,1.615E0,-6.522999669552E-1));
#4020=VERTEX_POINT('',#4019);
#4021=CARTESIAN_POINT('',(-1.3116E0,-6.88E-1,-3.12E0));
#4022=CARTESIAN_POINT('',(-1.3116E0,-8.78E-2,-3.12E0));
#4023=VERTEX_POINT('',#4021);
#4024=VERTEX_POINT('',#4022);
#4025=CARTESIAN_POINT('',(-8.6145E-1,-8.78E-2,-3.12E0));
#4026=VERTEX_POINT('',#4025);
#4027=CARTESIAN_POINT('',(-8.6145E-1,-1.644212764055E-1,-3.12E0));
#4028=VERTEX_POINT('',#4027);
#4029=CARTESIAN_POINT('',(-1.236575E0,-1.644212764055E-1,-3.12E0));
#4030=VERTEX_POINT('',#4029);
#4031=CARTESIAN_POINT('',(-1.236575E0,-6.88E-1,-3.12E0));
#4032=VERTEX_POINT('',#4031);
#4033=CARTESIAN_POINT('',(-2.737541905165E-1,-2.410425528109E-1,-3.12E0));
#4034=CARTESIAN_POINT('',(-3.487791905165E-1,-2.410425528109E-1,-3.12E0));
#4035=VERTEX_POINT('',#4033);
#4036=VERTEX_POINT('',#4034);
#4037=CARTESIAN_POINT('',(-3.612833094835E-1,-2.027319190800E-1,-3.12E0));
#4038=VERTEX_POINT('',#4037);
#4039=CARTESIAN_POINT('',(-3.987958094835E-1,-1.771914876491E-1,-3.12E0));
#4040=VERTEX_POINT('',#4039);
#4041=CARTESIAN_POINT('',(-4.488125E-1,-1.644212764055E-1,-3.12E0));
#4042=VERTEX_POINT('',#4041);
#4043=CARTESIAN_POINT('',(-5.6135E-1,-1.644212764055E-1,-3.12E0));
#4044=VERTEX_POINT('',#4043);
#4045=CARTESIAN_POINT('',(-6.113666905165E-1,-1.771914876491E-1,-3.12E0));
#4046=VERTEX_POINT('',#4045);
#4047=CARTESIAN_POINT('',(-6.488791905165E-1,-2.027319190800E-1,-3.12E0));
#4048=VERTEX_POINT('',#4047);
#4049=CARTESIAN_POINT('',(-6.738875E-1,-2.410425528109E-1,-3.12E0));
#4050=VERTEX_POINT('',#4049);
#4051=CARTESIAN_POINT('',(-6.863916905165E-1,-2.921233977854E-1,-3.12E0));
#4052=VERTEX_POINT('',#4051);
#4053=CARTESIAN_POINT('',(-6.863916905165E-1,-4.836765843272E-1,-3.12E0));
#4054=VERTEX_POINT('',#4053);
#4055=CARTESIAN_POINT('',(-6.738875E-1,-5.347574293017E-1,-3.12E0));
#4056=VERTEX_POINT('',#4055);
#4057=CARTESIAN_POINT('',(-6.488791905165E-1,-5.730680988073E-1,-3.12E0));
#4058=VERTEX_POINT('',#4057);
#4059=CARTESIAN_POINT('',(-6.113666905165E-1,-5.986085212946E-1,-3.12E0));
#4060=VERTEX_POINT('',#4059);
#4061=CARTESIAN_POINT('',(-5.6135E-1,-6.113787325382E-1,-3.12E0));
#4062=VERTEX_POINT('',#4061);
#4063=CARTESIAN_POINT('',(-4.488125E-1,-6.113787325382E-1,-3.12E0));
#4064=VERTEX_POINT('',#4063);
#4065=CARTESIAN_POINT('',(-3.987958094835E-1,-5.986085212946E-1,-3.12E0));
#4066=VERTEX_POINT('',#4065);
#4067=CARTESIAN_POINT('',(-3.612833094835E-1,-5.730680988073E-1,-3.12E0));
#4068=VERTEX_POINT('',#4067);
#4069=CARTESIAN_POINT('',(-3.487791905165E-1,-5.347574293017E-1,-3.12E0));
#4070=VERTEX_POINT('',#4069);
#4071=CARTESIAN_POINT('',(-2.737541905165E-1,-5.347574293017E-1,-3.12E0));
#4072=VERTEX_POINT('',#4071);
#4073=CARTESIAN_POINT('',(-2.862583094835E-1,-5.986085212946E-1,-3.12E0));
#4074=VERTEX_POINT('',#4073);
#4075=CARTESIAN_POINT('',(-3.36275E-1,-6.496893662691E-1,-3.12E0));
#4076=VERTEX_POINT('',#4075);
#4077=CARTESIAN_POINT('',(-3.862916905165E-1,-6.752297887564E-1,-3.12E0));
#4078=VERTEX_POINT('',#4077);
#4079=CARTESIAN_POINT('',(-4.488125E-1,-6.88E-1,-3.12E0));
#4080=VERTEX_POINT('',#4079);
#4081=CARTESIAN_POINT('',(-5.6135E-1,-6.88E-1,-3.12E0));
#4082=VERTEX_POINT('',#4081);
#4083=CARTESIAN_POINT('',(-6.238708094835E-1,-6.752297887564E-1,-3.12E0));
#4084=VERTEX_POINT('',#4083);
#4085=CARTESIAN_POINT('',(-6.738875E-1,-6.496893662691E-1,-3.12E0));
#4086=VERTEX_POINT('',#4085);
#4087=CARTESIAN_POINT('',(-7.239041547418E-1,-5.986085212946E-1,-3.12E0));
#4088=VERTEX_POINT('',#4087);
#4089=CARTESIAN_POINT('',(-7.489125E-1,-5.475276763201E-1,-3.12E0));
#4090=VERTEX_POINT('',#4089);
#4091=CARTESIAN_POINT('',(-7.614166547418E-1,-4.836765843272E-1,-3.12E0));
#4092=VERTEX_POINT('',#4091);
#4093=CARTESIAN_POINT('',(-7.614166547418E-1,-2.921233977854E-1,-3.12E0));
#4094=VERTEX_POINT('',#4093);
#4095=CARTESIAN_POINT('',(-7.489125E-1,-2.282723415673E-1,-3.12E0));
#4096=VERTEX_POINT('',#4095);
#4097=CARTESIAN_POINT('',(-7.239041547418E-1,-1.771914876491E-1,-3.12E0));
#4098=VERTEX_POINT('',#4097);
#4099=CARTESIAN_POINT('',(-6.738875E-1,-1.261106382027E-1,-3.12E0));
#4100=VERTEX_POINT('',#4099);
#4101=CARTESIAN_POINT('',(-6.238708094835E-1,-1.005702123616E-1,-3.12E0));
#4102=VERTEX_POINT('',#4101);
#4103=CARTESIAN_POINT('',(-5.6135E-1,-8.78E-2,-3.12E0));
#4104=VERTEX_POINT('',#4103);
#4105=CARTESIAN_POINT('',(-4.488125E-1,-8.78E-2,-3.12E0));
#4106=VERTEX_POINT('',#4105);
#4107=CARTESIAN_POINT('',(-3.862916905165E-1,-1.005702123616E-1,-3.12E0));
#4108=VERTEX_POINT('',#4107);
#4109=CARTESIAN_POINT('',(-3.36275E-1,-1.261106382027E-1,-3.12E0));
#4110=VERTEX_POINT('',#4109);
#4111=CARTESIAN_POINT('',(-2.862583094835E-1,-1.771914876491E-1,-3.12E0));
#4112=VERTEX_POINT('',#4111);
#4113=CARTESIAN_POINT('',(2.764291189671E-1,-1.644212764055E-1,-3.12E0));
#4114=CARTESIAN_POINT('',(-9.869588103294E-2,-1.644212764055E-1,-3.12E0));
#4115=VERTEX_POINT('',#4113);
#4116=VERTEX_POINT('',#4114);
#4117=CARTESIAN_POINT('',(-9.869588103294E-2,-3.687446831346E-1,-3.12E0));
#4118=VERTEX_POINT('',#4117);
#4119=CARTESIAN_POINT('',(2.264125E-1,-3.687446831346E-1,-3.12E0));
#4120=VERTEX_POINT('',#4119);
#4121=CARTESIAN_POINT('',(2.264125E-1,-4.453659505963E-1,-3.12E0));
#4122=VERTEX_POINT('',#4121);
#4123=CARTESIAN_POINT('',(-9.869588103294E-2,-4.453659505963E-1,-3.12E0));
#4124=VERTEX_POINT('',#4123);
#4125=CARTESIAN_POINT('',(-9.869588103294E-2,-6.113787325382E-1,-3.12E0));
#4126=VERTEX_POINT('',#4125);
#4127=CARTESIAN_POINT('',(2.764291189671E-1,-6.113787325382E-1,-3.12E0));
#4128=VERTEX_POINT('',#4127);
#4129=CARTESIAN_POINT('',(2.764291189671E-1,-6.88E-1,-3.12E0));
#4130=VERTEX_POINT('',#4129);
#4131=CARTESIAN_POINT('',(-1.737208094835E-1,-6.88E-1,-3.12E0));
#4132=VERTEX_POINT('',#4131);
#4133=CARTESIAN_POINT('',(-1.737208094835E-1,-8.78E-2,-3.12E0));
#4134=VERTEX_POINT('',#4133);
#4135=CARTESIAN_POINT('',(2.764291189671E-1,-8.78E-2,-3.12E0));
#4136=VERTEX_POINT('',#4135);
#4137=CARTESIAN_POINT('',(6.765625E-1,-6.88E-1,-3.12E0));
#4138=CARTESIAN_POINT('',(3.764625E-1,-6.88E-1,-3.12E0));
#4139=VERTEX_POINT('',#4137);
#4140=VERTEX_POINT('',#4138);
#4141=CARTESIAN_POINT('',(3.764625E-1,-8.78E-2,-3.12E0));
#4142=VERTEX_POINT('',#4141);
#4143=CARTESIAN_POINT('',(6.765625E-1,-8.78E-2,-3.12E0));
#4144=VERTEX_POINT('',#4143);
#4145=CARTESIAN_POINT('',(7.390833810329E-1,-1.005702123616E-1,-3.12E0));
#4146=VERTEX_POINT('',#4145);
#4147=CARTESIAN_POINT('',(7.891E-1,-1.261106382027E-1,-3.12E0));
#4148=VERTEX_POINT('',#4147);
#4149=CARTESIAN_POINT('',(8.391166189671E-1,-1.771914876491E-1,-3.12E0));
#4150=VERTEX_POINT('',#4149);
#4151=CARTESIAN_POINT('',(8.64125E-1,-2.282723415673E-1,-3.12E0));
#4152=VERTEX_POINT('',#4151);
#4153=CARTESIAN_POINT('',(8.766291189671E-1,-2.921233977854E-1,-3.12E0));
#4154=VERTEX_POINT('',#4153);
#4155=CARTESIAN_POINT('',(8.766291189671E-1,-4.836765843272E-1,-3.12E0));
#4156=VERTEX_POINT('',#4155);
#4157=CARTESIAN_POINT('',(8.64125E-1,-5.475276763201E-1,-3.12E0));
#4158=VERTEX_POINT('',#4157);
#4159=CARTESIAN_POINT('',(8.391166189671E-1,-5.986085212946E-1,-3.12E0));
#4160=VERTEX_POINT('',#4159);
#4161=CARTESIAN_POINT('',(7.891E-1,-6.496893662691E-1,-3.12E0));
#4162=VERTEX_POINT('',#4161);
#4163=CARTESIAN_POINT('',(7.390833810329E-1,-6.752297887564E-1,-3.12E0));
#4164=VERTEX_POINT('',#4163);
#4165=CARTESIAN_POINT('',(4.514875E-1,-6.113787325382E-1,-3.12E0));
#4166=CARTESIAN_POINT('',(6.765625E-1,-6.113787325382E-1,-3.12E0));
#4167=VERTEX_POINT('',#4165);
#4168=VERTEX_POINT('',#4166);
#4169=CARTESIAN_POINT('',(7.265791189671E-1,-5.986085212946E-1,-3.12E0));
#4170=VERTEX_POINT('',#4169);
#4171=CARTESIAN_POINT('',(7.640916189671E-1,-5.730680988073E-1,-3.12E0));
#4172=VERTEX_POINT('',#4171);
#4173=CARTESIAN_POINT('',(7.891E-1,-5.347574293017E-1,-3.12E0));
#4174=VERTEX_POINT('',#4173);
#4175=CARTESIAN_POINT('',(8.016041189671E-1,-4.836765843272E-1,-3.12E0));
#4176=VERTEX_POINT('',#4175);
#4177=CARTESIAN_POINT('',(8.016041189671E-1,-2.921233977854E-1,-3.12E0));
#4178=VERTEX_POINT('',#4177);
#4179=CARTESIAN_POINT('',(7.891E-1,-2.410425528109E-1,-3.12E0));
#4180=VERTEX_POINT('',#4179);
#4181=CARTESIAN_POINT('',(7.640916189671E-1,-2.027319190800E-1,-3.12E0));
#4182=VERTEX_POINT('',#4181);
#4183=CARTESIAN_POINT('',(7.265791189671E-1,-1.771914876491E-1,-3.12E0));
#4184=VERTEX_POINT('',#4183);
#4185=CARTESIAN_POINT('',(6.765625E-1,-1.644212764055E-1,-3.12E0));
#4186=VERTEX_POINT('',#4185);
#4187=CARTESIAN_POINT('',(4.514875E-1,-1.644212764055E-1,-3.12E0));
#4188=VERTEX_POINT('',#4187);
#4189=CARTESIAN_POINT('',(1.2767625E0,-6.88E-1,-3.12E0));
#4190=CARTESIAN_POINT('',(1.176729262066E0,-6.88E-1,-3.12E0));
#4191=VERTEX_POINT('',#4189);
#4192=VERTEX_POINT('',#4190);
#4193=CARTESIAN_POINT('',(9.766625E-1,-8.78E-2,-3.12E0));
#4194=VERTEX_POINT('',#4193);
#4195=CARTESIAN_POINT('',(1.0516875E0,-8.78E-2,-3.12E0));
#4196=VERTEX_POINT('',#4195);
#4197=CARTESIAN_POINT('',(1.101704262066E0,-2.410425528109E-1,-3.12E0));
#4198=VERTEX_POINT('',#4197);
#4199=CARTESIAN_POINT('',(1.3517875E0,-2.410425528109E-1,-3.12E0));
#4200=VERTEX_POINT('',#4199);
#4201=CARTESIAN_POINT('',(1.401804262066E0,-8.78E-2,-3.12E0));
#4202=VERTEX_POINT('',#4201);
#4203=CARTESIAN_POINT('',(1.476829262066E0,-8.78E-2,-3.12E0));
#4204=VERTEX_POINT('',#4203);
#4205=CARTESIAN_POINT('',(1.226745737934E0,-6.369191550255E-1,-3.12E0));
#4206=CARTESIAN_POINT('',(1.339283237934E0,-2.921233977854E-1,-3.12E0));
#4207=VERTEX_POINT('',#4205);
#4208=VERTEX_POINT('',#4206);
#4209=CARTESIAN_POINT('',(1.114208237934E0,-2.921233977854E-1,-3.12E0));
#4210=VERTEX_POINT('',#4209);
#4211=CARTESIAN_POINT('',(-1.3116E0,-6.88E-1,-3.1E0));
#4212=CARTESIAN_POINT('',(-1.3116E0,-8.78E-2,-3.1E0));
#4213=VERTEX_POINT('',#4211);
#4214=VERTEX_POINT('',#4212);
#4215=CARTESIAN_POINT('',(-8.6145E-1,-8.78E-2,-3.1E0));
#4216=VERTEX_POINT('',#4215);
#4217=CARTESIAN_POINT('',(-8.6145E-1,-1.644212764055E-1,-3.1E0));
#4218=VERTEX_POINT('',#4217);
#4219=CARTESIAN_POINT('',(-1.236575E0,-1.644212764055E-1,-3.1E0));
#4220=VERTEX_POINT('',#4219);
#4221=CARTESIAN_POINT('',(-1.236575E0,-6.88E-1,-3.1E0));
#4222=VERTEX_POINT('',#4221);
#4223=CARTESIAN_POINT('',(-2.737541905165E-1,-2.410425528109E-1,-3.1E0));
#4224=CARTESIAN_POINT('',(-3.487791905165E-1,-2.410425528109E-1,-3.1E0));
#4225=VERTEX_POINT('',#4223);
#4226=VERTEX_POINT('',#4224);
#4227=CARTESIAN_POINT('',(-3.612833094835E-1,-2.027319190800E-1,-3.1E0));
#4228=VERTEX_POINT('',#4227);
#4229=CARTESIAN_POINT('',(-3.987958094835E-1,-1.771914876491E-1,-3.1E0));
#4230=VERTEX_POINT('',#4229);
#4231=CARTESIAN_POINT('',(-4.488125E-1,-1.644212764055E-1,-3.1E0));
#4232=VERTEX_POINT('',#4231);
#4233=CARTESIAN_POINT('',(-5.6135E-1,-1.644212764055E-1,-3.1E0));
#4234=VERTEX_POINT('',#4233);
#4235=CARTESIAN_POINT('',(-6.113666905165E-1,-1.771914876491E-1,-3.1E0));
#4236=VERTEX_POINT('',#4235);
#4237=CARTESIAN_POINT('',(-6.488791905165E-1,-2.027319190800E-1,-3.1E0));
#4238=VERTEX_POINT('',#4237);
#4239=CARTESIAN_POINT('',(-6.738875E-1,-2.410425528109E-1,-3.1E0));
#4240=VERTEX_POINT('',#4239);
#4241=CARTESIAN_POINT('',(-6.863916905165E-1,-2.921233977854E-1,-3.1E0));
#4242=VERTEX_POINT('',#4241);
#4243=CARTESIAN_POINT('',(-6.863916905165E-1,-4.836765843272E-1,-3.1E0));
#4244=VERTEX_POINT('',#4243);
#4245=CARTESIAN_POINT('',(-6.738875E-1,-5.347574293017E-1,-3.1E0));
#4246=VERTEX_POINT('',#4245);
#4247=CARTESIAN_POINT('',(-6.488791905165E-1,-5.730680988073E-1,-3.1E0));
#4248=VERTEX_POINT('',#4247);
#4249=CARTESIAN_POINT('',(-6.113666905165E-1,-5.986085212946E-1,-3.1E0));
#4250=VERTEX_POINT('',#4249);
#4251=CARTESIAN_POINT('',(-5.6135E-1,-6.113787325382E-1,-3.1E0));
#4252=VERTEX_POINT('',#4251);
#4253=CARTESIAN_POINT('',(-4.488125E-1,-6.113787325382E-1,-3.1E0));
#4254=VERTEX_POINT('',#4253);
#4255=CARTESIAN_POINT('',(-3.987958094835E-1,-5.986085212946E-1,-3.1E0));
#4256=VERTEX_POINT('',#4255);
#4257=CARTESIAN_POINT('',(-3.612833094835E-1,-5.730680988073E-1,-3.1E0));
#4258=VERTEX_POINT('',#4257);
#4259=CARTESIAN_POINT('',(-3.487791905165E-1,-5.347574293017E-1,-3.1E0));
#4260=VERTEX_POINT('',#4259);
#4261=CARTESIAN_POINT('',(-2.737541905165E-1,-5.347574293017E-1,-3.1E0));
#4262=VERTEX_POINT('',#4261);
#4263=CARTESIAN_POINT('',(-2.862583094835E-1,-5.986085212946E-1,-3.1E0));
#4264=VERTEX_POINT('',#4263);
#4265=CARTESIAN_POINT('',(-3.36275E-1,-6.496893662691E-1,-3.1E0));
#4266=VERTEX_POINT('',#4265);
#4267=CARTESIAN_POINT('',(-3.862916905165E-1,-6.752297887564E-1,-3.1E0));
#4268=VERTEX_POINT('',#4267);
#4269=CARTESIAN_POINT('',(-4.488125E-1,-6.88E-1,-3.1E0));
#4270=VERTEX_POINT('',#4269);
#4271=CARTESIAN_POINT('',(-5.6135E-1,-6.88E-1,-3.1E0));
#4272=VERTEX_POINT('',#4271);
#4273=CARTESIAN_POINT('',(-6.238708094835E-1,-6.752297887564E-1,-3.1E0));
#4274=VERTEX_POINT('',#4273);
#4275=CARTESIAN_POINT('',(-6.738875E-1,-6.496893662691E-1,-3.1E0));
#4276=VERTEX_POINT('',#4275);
#4277=CARTESIAN_POINT('',(-7.239041547418E-1,-5.986085212946E-1,-3.1E0));
#4278=VERTEX_POINT('',#4277);
#4279=CARTESIAN_POINT('',(-7.489125E-1,-5.475276763201E-1,-3.1E0));
#4280=VERTEX_POINT('',#4279);
#4281=CARTESIAN_POINT('',(-7.614166547418E-1,-4.836765843272E-1,-3.1E0));
#4282=VERTEX_POINT('',#4281);
#4283=CARTESIAN_POINT('',(-7.614166547418E-1,-2.921233977854E-1,-3.1E0));
#4284=VERTEX_POINT('',#4283);
#4285=CARTESIAN_POINT('',(-7.489125E-1,-2.282723415673E-1,-3.1E0));
#4286=VERTEX_POINT('',#4285);
#4287=CARTESIAN_POINT('',(-7.239041547418E-1,-1.771914876491E-1,-3.1E0));
#4288=VERTEX_POINT('',#4287);
#4289=CARTESIAN_POINT('',(-6.738875E-1,-1.261106382027E-1,-3.1E0));
#4290=VERTEX_POINT('',#4289);
#4291=CARTESIAN_POINT('',(-6.238708094835E-1,-1.005702123616E-1,-3.1E0));
#4292=VERTEX_POINT('',#4291);
#4293=CARTESIAN_POINT('',(-5.6135E-1,-8.78E-2,-3.1E0));
#4294=VERTEX_POINT('',#4293);
#4295=CARTESIAN_POINT('',(-4.488125E-1,-8.78E-2,-3.1E0));
#4296=VERTEX_POINT('',#4295);
#4297=CARTESIAN_POINT('',(-3.862916905165E-1,-1.005702123616E-1,-3.1E0));
#4298=VERTEX_POINT('',#4297);
#4299=CARTESIAN_POINT('',(-3.36275E-1,-1.261106382027E-1,-3.1E0));
#4300=VERTEX_POINT('',#4299);
#4301=CARTESIAN_POINT('',(-2.862583094835E-1,-1.771914876491E-1,-3.1E0));
#4302=VERTEX_POINT('',#4301);
#4303=CARTESIAN_POINT('',(2.764291189671E-1,-1.644212764055E-1,-3.1E0));
#4304=CARTESIAN_POINT('',(-9.869588103294E-2,-1.644212764055E-1,-3.1E0));
#4305=VERTEX_POINT('',#4303);
#4306=VERTEX_POINT('',#4304);
#4307=CARTESIAN_POINT('',(-9.869588103294E-2,-3.687446831346E-1,-3.1E0));
#4308=VERTEX_POINT('',#4307);
#4309=CARTESIAN_POINT('',(2.264125E-1,-3.687446831346E-1,-3.1E0));
#4310=VERTEX_POINT('',#4309);
#4311=CARTESIAN_POINT('',(2.264125E-1,-4.453659505963E-1,-3.1E0));
#4312=VERTEX_POINT('',#4311);
#4313=CARTESIAN_POINT('',(-9.869588103294E-2,-4.453659505963E-1,-3.1E0));
#4314=VERTEX_POINT('',#4313);
#4315=CARTESIAN_POINT('',(-9.869588103294E-2,-6.113787325382E-1,-3.1E0));
#4316=VERTEX_POINT('',#4315);
#4317=CARTESIAN_POINT('',(2.764291189671E-1,-6.113787325382E-1,-3.1E0));
#4318=VERTEX_POINT('',#4317);
#4319=CARTESIAN_POINT('',(2.764291189671E-1,-6.88E-1,-3.1E0));
#4320=VERTEX_POINT('',#4319);
#4321=CARTESIAN_POINT('',(-1.737208094835E-1,-6.88E-1,-3.1E0));
#4322=VERTEX_POINT('',#4321);
#4323=CARTESIAN_POINT('',(-1.737208094835E-1,-8.78E-2,-3.1E0));
#4324=VERTEX_POINT('',#4323);
#4325=CARTESIAN_POINT('',(2.764291189671E-1,-8.78E-2,-3.1E0));
#4326=VERTEX_POINT('',#4325);
#4327=CARTESIAN_POINT('',(6.765625E-1,-6.88E-1,-3.1E0));
#4328=CARTESIAN_POINT('',(3.764625E-1,-6.88E-1,-3.1E0));
#4329=VERTEX_POINT('',#4327);
#4330=VERTEX_POINT('',#4328);
#4331=CARTESIAN_POINT('',(3.764625E-1,-8.78E-2,-3.1E0));
#4332=VERTEX_POINT('',#4331);
#4333=CARTESIAN_POINT('',(6.765625E-1,-8.78E-2,-3.1E0));
#4334=VERTEX_POINT('',#4333);
#4335=CARTESIAN_POINT('',(7.390833810329E-1,-1.005702123616E-1,-3.1E0));
#4336=VERTEX_POINT('',#4335);
#4337=CARTESIAN_POINT('',(7.891E-1,-1.261106382027E-1,-3.1E0));
#4338=VERTEX_POINT('',#4337);
#4339=CARTESIAN_POINT('',(8.391166189671E-1,-1.771914876491E-1,-3.1E0));
#4340=VERTEX_POINT('',#4339);
#4341=CARTESIAN_POINT('',(8.64125E-1,-2.282723415673E-1,-3.1E0));
#4342=VERTEX_POINT('',#4341);
#4343=CARTESIAN_POINT('',(8.766291189671E-1,-2.921233977854E-1,-3.1E0));
#4344=VERTEX_POINT('',#4343);
#4345=CARTESIAN_POINT('',(8.766291189671E-1,-4.836765843272E-1,-3.1E0));
#4346=VERTEX_POINT('',#4345);
#4347=CARTESIAN_POINT('',(8.64125E-1,-5.475276763201E-1,-3.1E0));
#4348=VERTEX_POINT('',#4347);
#4349=CARTESIAN_POINT('',(8.391166189671E-1,-5.986085212946E-1,-3.1E0));
#4350=VERTEX_POINT('',#4349);
#4351=CARTESIAN_POINT('',(7.891E-1,-6.496893662691E-1,-3.1E0));
#4352=VERTEX_POINT('',#4351);
#4353=CARTESIAN_POINT('',(7.390833810329E-1,-6.752297887564E-1,-3.1E0));
#4354=VERTEX_POINT('',#4353);
#4355=CARTESIAN_POINT('',(4.514875E-1,-6.113787325382E-1,-3.1E0));
#4356=CARTESIAN_POINT('',(6.765625E-1,-6.113787325382E-1,-3.1E0));
#4357=VERTEX_POINT('',#4355);
#4358=VERTEX_POINT('',#4356);
#4359=CARTESIAN_POINT('',(7.265791189671E-1,-5.986085212946E-1,-3.1E0));
#4360=VERTEX_POINT('',#4359);
#4361=CARTESIAN_POINT('',(7.640916189671E-1,-5.730680988073E-1,-3.1E0));
#4362=VERTEX_POINT('',#4361);
#4363=CARTESIAN_POINT('',(7.891E-1,-5.347574293017E-1,-3.1E0));
#4364=VERTEX_POINT('',#4363);
#4365=CARTESIAN_POINT('',(8.016041189671E-1,-4.836765843272E-1,-3.1E0));
#4366=VERTEX_POINT('',#4365);
#4367=CARTESIAN_POINT('',(8.016041189671E-1,-2.921233977854E-1,-3.1E0));
#4368=VERTEX_POINT('',#4367);
#4369=CARTESIAN_POINT('',(7.891E-1,-2.410425528109E-1,-3.1E0));
#4370=VERTEX_POINT('',#4369);
#4371=CARTESIAN_POINT('',(7.640916189671E-1,-2.027319190800E-1,-3.1E0));
#4372=VERTEX_POINT('',#4371);
#4373=CARTESIAN_POINT('',(7.265791189671E-1,-1.771914876491E-1,-3.1E0));
#4374=VERTEX_POINT('',#4373);
#4375=CARTESIAN_POINT('',(6.765625E-1,-1.644212764055E-1,-3.1E0));
#4376=VERTEX_POINT('',#4375);
#4377=CARTESIAN_POINT('',(4.514875E-1,-1.644212764055E-1,-3.1E0));
#4378=VERTEX_POINT('',#4377);
#4379=CARTESIAN_POINT('',(1.2767625E0,-6.88E-1,-3.1E0));
#4380=CARTESIAN_POINT('',(1.176729262066E0,-6.88E-1,-3.1E0));
#4381=VERTEX_POINT('',#4379);
#4382=VERTEX_POINT('',#4380);
#4383=CARTESIAN_POINT('',(9.766625E-1,-8.78E-2,-3.1E0));
#4384=VERTEX_POINT('',#4383);
#4385=CARTESIAN_POINT('',(1.0516875E0,-8.78E-2,-3.1E0));
#4386=VERTEX_POINT('',#4385);
#4387=CARTESIAN_POINT('',(1.101704262066E0,-2.410425528109E-1,-3.1E0));
#4388=VERTEX_POINT('',#4387);
#4389=CARTESIAN_POINT('',(1.3517875E0,-2.410425528109E-1,-3.1E0));
#4390=VERTEX_POINT('',#4389);
#4391=CARTESIAN_POINT('',(1.401804262066E0,-8.78E-2,-3.1E0));
#4392=VERTEX_POINT('',#4391);
#4393=CARTESIAN_POINT('',(1.476829262066E0,-8.78E-2,-3.1E0));
#4394=VERTEX_POINT('',#4393);
#4395=CARTESIAN_POINT('',(1.226745737934E0,-6.369191550255E-1,-3.1E0));
#4396=CARTESIAN_POINT('',(1.339283237934E0,-2.921233977854E-1,-3.1E0));
#4397=VERTEX_POINT('',#4395);
#4398=VERTEX_POINT('',#4396);
#4399=CARTESIAN_POINT('',(1.114208237934E0,-2.921233977854E-1,-3.1E0));
#4400=VERTEX_POINT('',#4399);
#4401=CARTESIAN_POINT('',(-1.5E0,-1.615E0,0.E0));
#4402=CARTESIAN_POINT('',(1.5E0,-1.615E0,0.E0));
#4403=VERTEX_POINT('',#4401);
#4404=VERTEX_POINT('',#4402);
#4405=CARTESIAN_POINT('',(-1.201648905571E0,-1.5185E1,0.E0));
#4406=CARTESIAN_POINT('',(1.201648905571E0,-1.5185E1,0.E0));
#4407=VERTEX_POINT('',#4405);
#4408=VERTEX_POINT('',#4406);
#4409=CARTESIAN_POINT('',(-1.351639742432E0,-1.503665796798E1,0.E0));
#4410=CARTESIAN_POINT('',(1.351639742432E0,-1.503665796798E1,0.E0));
#4411=VERTEX_POINT('',#4409);
#4412=VERTEX_POINT('',#4410);
#4413=CARTESIAN_POINT('',(-1.9E0,8.15E-1,-7.05E0));
#4414=CARTESIAN_POINT('',(-2.6E0,8.15E-1,-7.05E0));
#4415=VERTEX_POINT('',#4413);
#4416=VERTEX_POINT('',#4414);
#4417=CARTESIAN_POINT('',(-2.6E0,5.15E-1,-7.05E0));
#4418=VERTEX_POINT('',#4417);
#4419=CARTESIAN_POINT('',(-1.9E0,5.15E-1,-7.05E0));
#4420=VERTEX_POINT('',#4419);
#4421=CARTESIAN_POINT('',(2.6E0,5.15E-1,-3.1E0));
#4422=CARTESIAN_POINT('',(1.9E0,5.15E-1,-3.1E0));
#4423=VERTEX_POINT('',#4421);
#4424=VERTEX_POINT('',#4422);
#4425=CARTESIAN_POINT('',(2.6E0,8.15E-1,-3.1E0));
#4426=CARTESIAN_POINT('',(1.9E0,8.15E-1,-3.1E0));
#4427=VERTEX_POINT('',#4425);
#4428=VERTEX_POINT('',#4426);
#4429=CARTESIAN_POINT('',(1.9E0,5.15E-1,-7.05E0));
#4430=CARTESIAN_POINT('',(2.6E0,5.15E-1,-7.05E0));
#4431=VERTEX_POINT('',#4429);
#4432=VERTEX_POINT('',#4430);
#4433=CARTESIAN_POINT('',(2.6E0,8.15E-1,-7.05E0));
#4434=VERTEX_POINT('',#4433);
#4435=CARTESIAN_POINT('',(1.9E0,8.15E-1,-7.05E0));
#4436=VERTEX_POINT('',#4435);
#4437=CARTESIAN_POINT('',(-2.65E0,7.652E-1,3.1264E0));
#4438=CARTESIAN_POINT('',(-2.65E0,8.388E-1,3.2E0));
#4439=VERTEX_POINT('',#4437);
#4440=VERTEX_POINT('',#4438);
#4441=CARTESIAN_POINT('',(-2.65E0,1.6311E0,3.2E0));
#4442=VERTEX_POINT('',#4441);
#4443=CARTESIAN_POINT('',(-2.65E0,1.6311E0,3.4E0));
#4444=VERTEX_POINT('',#4443);
#4445=CARTESIAN_POINT('',(-2.65E0,8.388E-1,3.4E0));
#4446=VERTEX_POINT('',#4445);
#4447=CARTESIAN_POINT('',(-2.65E0,5.652E-1,3.1264E0));
#4448=VERTEX_POINT('',#4447);
#4449=CARTESIAN_POINT('',(-1.85E0,7.652E-1,3.1264E0));
#4450=CARTESIAN_POINT('',(-1.85E0,8.388E-1,3.2E0));
#4451=VERTEX_POINT('',#4449);
#4452=VERTEX_POINT('',#4450);
#4453=CARTESIAN_POINT('',(-1.85E0,1.6311E0,3.2E0));
#4454=VERTEX_POINT('',#4453);
#4455=CARTESIAN_POINT('',(-1.85E0,1.6311E0,3.4E0));
#4456=VERTEX_POINT('',#4455);
#4457=CARTESIAN_POINT('',(-1.85E0,8.388E-1,3.4E0));
#4458=VERTEX_POINT('',#4457);
#4459=CARTESIAN_POINT('',(-1.85E0,5.652E-1,3.1264E0));
#4460=VERTEX_POINT('',#4459);
#4461=CARTESIAN_POINT('',(-2.65E0,7.652E-1,3.1E0));
#4462=CARTESIAN_POINT('',(-2.65E0,5.652E-1,3.1E0));
#4463=VERTEX_POINT('',#4461);
#4464=VERTEX_POINT('',#4462);
#4465=CARTESIAN_POINT('',(-1.85E0,7.652E-1,3.1E0));
#4466=CARTESIAN_POINT('',(-1.85E0,5.652E-1,3.1E0));
#4467=VERTEX_POINT('',#4465);
#4468=VERTEX_POINT('',#4466);
#4469=CARTESIAN_POINT('',(2.65E0,7.652E-1,3.1264E0));
#4470=CARTESIAN_POINT('',(2.65E0,8.388E-1,3.2E0));
#4471=VERTEX_POINT('',#4469);
#4472=VERTEX_POINT('',#4470);
#4473=CARTESIAN_POINT('',(2.65E0,1.6311E0,3.2E0));
#4474=VERTEX_POINT('',#4473);
#4475=CARTESIAN_POINT('',(2.65E0,1.6311E0,3.4E0));
#4476=VERTEX_POINT('',#4475);
#4477=CARTESIAN_POINT('',(2.65E0,8.388E-1,3.4E0));
#4478=VERTEX_POINT('',#4477);
#4479=CARTESIAN_POINT('',(2.65E0,5.652E-1,3.1264E0));
#4480=VERTEX_POINT('',#4479);
#4481=CARTESIAN_POINT('',(1.85E0,7.652E-1,3.1264E0));
#4482=CARTESIAN_POINT('',(1.85E0,8.388E-1,3.2E0));
#4483=VERTEX_POINT('',#4481);
#4484=VERTEX_POINT('',#4482);
#4485=CARTESIAN_POINT('',(1.85E0,1.6311E0,3.2E0));
#4486=VERTEX_POINT('',#4485);
#4487=CARTESIAN_POINT('',(1.85E0,1.6311E0,3.4E0));
#4488=VERTEX_POINT('',#4487);
#4489=CARTESIAN_POINT('',(1.85E0,8.388E-1,3.4E0));
#4490=VERTEX_POINT('',#4489);
#4491=CARTESIAN_POINT('',(1.85E0,5.652E-1,3.1264E0));
#4492=VERTEX_POINT('',#4491);
#4493=CARTESIAN_POINT('',(2.65E0,7.652E-1,3.1E0));
#4494=VERTEX_POINT('',#4493);
#4495=CARTESIAN_POINT('',(2.65E0,5.652E-1,3.1E0));
#4496=VERTEX_POINT('',#4495);
#4497=CARTESIAN_POINT('',(1.85E0,7.652E-1,3.1E0));
#4498=VERTEX_POINT('',#4497);
#4499=CARTESIAN_POINT('',(1.85E0,5.652E-1,3.1E0));
#4500=VERTEX_POINT('',#4499);
#4501=CARTESIAN_POINT('',(-1.3116E0,-8.78E-2,-3.1E0));
#4502=DIRECTION('',(0.E0,1.E0,0.E0));
#4503=DIRECTION('',(1.E0,0.E0,0.E0));
#4504=AXIS2_PLACEMENT_3D('',#4501,#4502,#4503);
#4505=PLANE('',#4504);
#4507=ORIENTED_EDGE('',*,*,#4506,.F.);
#4509=ORIENTED_EDGE('',*,*,#4508,.T.);
#4511=ORIENTED_EDGE('',*,*,#4510,.T.);
#4513=ORIENTED_EDGE('',*,*,#4512,.F.);
#4514=EDGE_LOOP('',(#4507,#4509,#4511,#4513));
#4515=FACE_OUTER_BOUND('',#4514,.F.);
#4516=ADVANCED_FACE('',(#4515),#4505,.T.);
#4517=FILL_AREA_STYLE_COLOUR('',#23);
#4518=FILL_AREA_STYLE('',(#4517));
#4519=SURFACE_STYLE_FILL_AREA(#4518);
#4520=SURFACE_SIDE_STYLE('',(#4519));
#4521=SURFACE_STYLE_USAGE(.POSITIVE.,#4520);
#4522=PRESENTATION_STYLE_ASSIGNMENT((#4521));
#4523=STYLED_ITEM('',(#4522),#4516);
#4524=CARTESIAN_POINT('',(0.E0,0.E0,-3.1E0));
#4525=DIRECTION('',(0.E0,0.E0,1.E0));
#4526=DIRECTION('',(1.E0,0.E0,0.E0));
#4527=AXIS2_PLACEMENT_3D('',#4524,#4525,#4526);
#4528=PLANE('',#4527);
#4530=ORIENTED_EDGE('',*,*,#4529,.F.);
#4532=ORIENTED_EDGE('',*,*,#4531,.T.);
#4534=ORIENTED_EDGE('',*,*,#4533,.F.);
#4536=ORIENTED_EDGE('',*,*,#4535,.T.);
#4537=EDGE_LOOP('',(#4530,#4532,#4534,#4536));
#4538=FACE_OUTER_BOUND('',#4537,.F.);
#4540=ORIENTED_EDGE('',*,*,#4539,.T.);
#4542=ORIENTED_EDGE('',*,*,#4541,.F.);
#4544=ORIENTED_EDGE('',*,*,#4543,.F.);
#4546=ORIENTED_EDGE('',*,*,#4545,.T.);
#4547=EDGE_LOOP('',(#4540,#4542,#4544,#4546));
#4548=FACE_BOUND('',#4547,.F.);
#4550=ORIENTED_EDGE('',*,*,#4549,.T.);
#4552=ORIENTED_EDGE('',*,*,#4551,.F.);
#4554=ORIENTED_EDGE('',*,*,#4553,.F.);
#4556=ORIENTED_EDGE('',*,*,#4555,.T.);
#4557=EDGE_LOOP('',(#4550,#4552,#4554,#4556));
#4558=FACE_BOUND('',#4557,.F.);
#4560=ORIENTED_EDGE('',*,*,#4559,.T.);
#4561=ORIENTED_EDGE('',*,*,#4506,.T.);
#4563=ORIENTED_EDGE('',*,*,#4562,.T.);
#4565=ORIENTED_EDGE('',*,*,#4564,.T.);
#4567=ORIENTED_EDGE('',*,*,#4566,.T.);
#4569=ORIENTED_EDGE('',*,*,#4568,.T.);
#4570=EDGE_LOOP('',(#4560,#4561,#4563,#4565,#4567,#4569));
#4571=FACE_BOUND('',#4570,.F.);
#4573=ORIENTED_EDGE('',*,*,#4572,.T.);
#4575=ORIENTED_EDGE('',*,*,#4574,.T.);
#4577=ORIENTED_EDGE('',*,*,#4576,.T.);
#4579=ORIENTED_EDGE('',*,*,#4578,.T.);
#4581=ORIENTED_EDGE('',*,*,#4580,.T.);
#4583=ORIENTED_EDGE('',*,*,#4582,.T.);
#4585=ORIENTED_EDGE('',*,*,#4584,.T.);
#4587=ORIENTED_EDGE('',*,*,#4586,.T.);
#4589=ORIENTED_EDGE('',*,*,#4588,.T.);
#4591=ORIENTED_EDGE('',*,*,#4590,.T.);
#4593=ORIENTED_EDGE('',*,*,#4592,.T.);
#4595=ORIENTED_EDGE('',*,*,#4594,.T.);
#4597=ORIENTED_EDGE('',*,*,#4596,.T.);
#4599=ORIENTED_EDGE('',*,*,#4598,.T.);
#4601=ORIENTED_EDGE('',*,*,#4600,.T.);
#4603=ORIENTED_EDGE('',*,*,#4602,.T.);
#4605=ORIENTED_EDGE('',*,*,#4604,.T.);
#4607=ORIENTED_EDGE('',*,*,#4606,.T.);
#4609=ORIENTED_EDGE('',*,*,#4608,.T.);
#4611=ORIENTED_EDGE('',*,*,#4610,.T.);
#4613=ORIENTED_EDGE('',*,*,#4612,.T.);
#4615=ORIENTED_EDGE('',*,*,#4614,.T.);
#4617=ORIENTED_EDGE('',*,*,#4616,.T.);
#4619=ORIENTED_EDGE('',*,*,#4618,.T.);
#4621=ORIENTED_EDGE('',*,*,#4620,.T.);
#4623=ORIENTED_EDGE('',*,*,#4622,.T.);
#4625=ORIENTED_EDGE('',*,*,#4624,.T.);
#4627=ORIENTED_EDGE('',*,*,#4626,.T.);
#4629=ORIENTED_EDGE('',*,*,#4628,.T.);
#4631=ORIENTED_EDGE('',*,*,#4630,.T.);
#4633=ORIENTED_EDGE('',*,*,#4632,.T.);
#4635=ORIENTED_EDGE('',*,*,#4634,.T.);
#4637=ORIENTED_EDGE('',*,*,#4636,.T.);
#4639=ORIENTED_EDGE('',*,*,#4638,.T.);
#4641=ORIENTED_EDGE('',*,*,#4640,.T.);
#4643=ORIENTED_EDGE('',*,*,#4642,.T.);
#4645=ORIENTED_EDGE('',*,*,#4644,.T.);
#4647=ORIENTED_EDGE('',*,*,#4646,.T.);
#4649=ORIENTED_EDGE('',*,*,#4648,.T.);
#4651=ORIENTED_EDGE('',*,*,#4650,.T.);
#4652=EDGE_LOOP('',(#4573,#4575,#4577,#4579,#4581,#4583,#4585,#4587,#4589,#4591,
#4593,#4595,#4597,#4599,#4601,#4603,#4605,#4607,#4609,#4611,#4613,#4615,#4617,
#4619,#4621,#4623,#4625,#4627,#4629,#4631,#4633,#4635,#4637,#4639,#4641,#4643,
#4645,#4647,#4649,#4651));
#4653=FACE_BOUND('',#4652,.F.);
#4655=ORIENTED_EDGE('',*,*,#4654,.T.);
#4657=ORIENTED_EDGE('',*,*,#4656,.T.);
#4659=ORIENTED_EDGE('',*,*,#4658,.T.);
#4661=ORIENTED_EDGE('',*,*,#4660,.T.);
#4663=ORIENTED_EDGE('',*,*,#4662,.T.);
#4665=ORIENTED_EDGE('',*,*,#4664,.T.);
#4667=ORIENTED_EDGE('',*,*,#4666,.T.);
#4669=ORIENTED_EDGE('',*,*,#4668,.T.);
#4671=ORIENTED_EDGE('',*,*,#4670,.T.);
#4673=ORIENTED_EDGE('',*,*,#4672,.T.);
#4675=ORIENTED_EDGE('',*,*,#4674,.T.);
#4677=ORIENTED_EDGE('',*,*,#4676,.T.);
#4678=EDGE_LOOP('',(#4655,#4657,#4659,#4661,#4663,#4665,#4667,#4669,#4671,#4673,
#4675,#4677));
#4679=FACE_BOUND('',#4678,.F.);
#4681=ORIENTED_EDGE('',*,*,#4680,.T.);
#4683=ORIENTED_EDGE('',*,*,#4682,.T.);
#4685=ORIENTED_EDGE('',*,*,#4684,.T.);
#4687=ORIENTED_EDGE('',*,*,#4686,.T.);
#4689=ORIENTED_EDGE('',*,*,#4688,.T.);
#4691=ORIENTED_EDGE('',*,*,#4690,.T.);
#4693=ORIENTED_EDGE('',*,*,#4692,.T.);
#4695=ORIENTED_EDGE('',*,*,#4694,.T.);
#4697=ORIENTED_EDGE('',*,*,#4696,.T.);
#4699=ORIENTED_EDGE('',*,*,#4698,.T.);
#4701=ORIENTED_EDGE('',*,*,#4700,.T.);
#4703=ORIENTED_EDGE('',*,*,#4702,.T.);
#4705=ORIENTED_EDGE('',*,*,#4704,.T.);
#4707=ORIENTED_EDGE('',*,*,#4706,.T.);
#4708=EDGE_LOOP('',(#4681,#4683,#4685,#4687,#4689,#4691,#4693,#4695,#4697,#4699,
#4701,#4703,#4705,#4707));
#4709=FACE_BOUND('',#4708,.F.);
#4711=ORIENTED_EDGE('',*,*,#4710,.T.);
#4713=ORIENTED_EDGE('',*,*,#4712,.T.);
#4715=ORIENTED_EDGE('',*,*,#4714,.T.);
#4717=ORIENTED_EDGE('',*,*,#4716,.T.);
#4719=ORIENTED_EDGE('',*,*,#4718,.T.);
#4721=ORIENTED_EDGE('',*,*,#4720,.T.);
#4723=ORIENTED_EDGE('',*,*,#4722,.T.);
#4725=ORIENTED_EDGE('',*,*,#4724,.T.);
#4726=EDGE_LOOP('',(#4711,#4713,#4715,#4717,#4719,#4721,#4723,#4725));
#4727=FACE_BOUND('',#4726,.F.);
#4728=ADVANCED_FACE('',(#4538,#4548,#4558,#4571,#4653,#4679,#4709,#4727),#4528,
.F.);
#4729=FILL_AREA_STYLE_COLOUR('',#7);
#4730=FILL_AREA_STYLE('',(#4729));
#4731=SURFACE_STYLE_FILL_AREA(#4730);
#4732=SURFACE_SIDE_STYLE('',(#4731));
#4733=SURFACE_STYLE_USAGE(.POSITIVE.,#4732);
#4734=PRESENTATION_STYLE_ASSIGNMENT((#4733));
#4735=STYLED_ITEM('',(#4734),#4728);
#4736=CARTESIAN_POINT('',(0.E0,0.E0,-3.1E0));
#4737=DIRECTION('',(0.E0,0.E0,1.E0));
#4738=DIRECTION('',(1.E0,0.E0,0.E0));
#4739=AXIS2_PLACEMENT_3D('',#4736,#4737,#4738);
#4740=PLANE('',#4739);
#4742=ORIENTED_EDGE('',*,*,#4741,.T.);
#4744=ORIENTED_EDGE('',*,*,#4743,.T.);
#4746=ORIENTED_EDGE('',*,*,#4745,.T.);
#4748=ORIENTED_EDGE('',*,*,#4747,.T.);
#4750=ORIENTED_EDGE('',*,*,#4749,.T.);
#4752=ORIENTED_EDGE('',*,*,#4751,.T.);
#4754=ORIENTED_EDGE('',*,*,#4753,.T.);
#4756=ORIENTED_EDGE('',*,*,#4755,.T.);
#4758=ORIENTED_EDGE('',*,*,#4757,.T.);
#4760=ORIENTED_EDGE('',*,*,#4759,.T.);
#4762=ORIENTED_EDGE('',*,*,#4761,.T.);
#4764=ORIENTED_EDGE('',*,*,#4763,.T.);
#4765=EDGE_LOOP('',(#4742,#4744,#4746,#4748,#4750,#4752,#4754,#4756,#4758,#4760,
#4762,#4764));
#4766=FACE_OUTER_BOUND('',#4765,.F.);
#4767=ADVANCED_FACE('',(#4766),#4740,.F.);
#4768=FILL_AREA_STYLE_COLOUR('',#7);
#4769=FILL_AREA_STYLE('',(#4768));
#4770=SURFACE_STYLE_FILL_AREA(#4769);
#4771=SURFACE_SIDE_STYLE('',(#4770));
#4772=SURFACE_STYLE_USAGE(.POSITIVE.,#4771);
#4773=PRESENTATION_STYLE_ASSIGNMENT((#4772));
#4774=STYLED_ITEM('',(#4773),#4767);
#4775=CARTESIAN_POINT('',(0.E0,0.E0,-3.1E0));
#4776=DIRECTION('',(0.E0,0.E0,1.E0));
#4777=DIRECTION('',(1.E0,0.E0,0.E0));
#4778=AXIS2_PLACEMENT_3D('',#4775,#4776,#4777);
#4779=PLANE('',#4778);
#4781=ORIENTED_EDGE('',*,*,#4780,.T.);
#4783=ORIENTED_EDGE('',*,*,#4782,.T.);
#4785=ORIENTED_EDGE('',*,*,#4784,.T.);
#4786=EDGE_LOOP('',(#4781,#4783,#4785));
#4787=FACE_OUTER_BOUND('',#4786,.F.);
#4788=ADVANCED_FACE('',(#4787),#4779,.F.);
#4789=FILL_AREA_STYLE_COLOUR('',#7);
#4790=FILL_AREA_STYLE('',(#4789));
#4791=SURFACE_STYLE_FILL_AREA(#4790);
#4792=SURFACE_SIDE_STYLE('',(#4791));
#4793=SURFACE_STYLE_USAGE(.POSITIVE.,#4792);
#4794=PRESENTATION_STYLE_ASSIGNMENT((#4793));
#4795=STYLED_ITEM('',(#4794),#4788);
#4796=CARTESIAN_POINT('',(-2.8E0,-5.825628E0,-2.8E0));
#4797=DIRECTION('',(0.E0,1.E0,0.E0));
#4798=DIRECTION('',(0.E0,0.E0,-1.E0));
#4799=AXIS2_PLACEMENT_3D('',#4796,#4797,#4798);
#4800=CYLINDRICAL_SURFACE('',#4799,3.E-1);
#4802=ORIENTED_EDGE('',*,*,#4801,.T.);
#4804=ORIENTED_EDGE('',*,*,#4803,.F.);
#4806=ORIENTED_EDGE('',*,*,#4805,.T.);
#4807=ORIENTED_EDGE('',*,*,#4529,.T.);
#4808=EDGE_LOOP('',(#4802,#4804,#4806,#4807));
#4809=FACE_OUTER_BOUND('',#4808,.F.);
#4810=ADVANCED_FACE('',(#4809),#4800,.T.);
#4811=FILL_AREA_STYLE_COLOUR('',#7);
#4812=FILL_AREA_STYLE('',(#4811));
#4813=SURFACE_STYLE_FILL_AREA(#4812);
#4814=SURFACE_SIDE_STYLE('',(#4813));
#4815=SURFACE_STYLE_USAGE(.POSITIVE.,#4814);
#4816=PRESENTATION_STYLE_ASSIGNMENT((#4815));
#4817=STYLED_ITEM('',(#4816),#4810);
#4818=CARTESIAN_POINT('',(3.1E0,1.615E0,-3.1E0));
#4819=DIRECTION('',(0.E0,1.E0,0.E0));
#4820=DIRECTION('',(-1.E0,0.E0,0.E0));
#4821=AXIS2_PLACEMENT_3D('',#4818,#4819,#4820);
#4822=PLANE('',#4821);
#4824=ORIENTED_EDGE('',*,*,#4823,.F.);
#4826=ORIENTED_EDGE('',*,*,#4825,.F.);
#4827=ORIENTED_EDGE('',*,*,#4801,.F.);
#4828=ORIENTED_EDGE('',*,*,#4535,.F.);
#4830=ORIENTED_EDGE('',*,*,#4829,.F.);
#4832=ORIENTED_EDGE('',*,*,#4831,.T.);
#4834=ORIENTED_EDGE('',*,*,#4833,.F.);
#4836=ORIENTED_EDGE('',*,*,#4835,.T.);
#4837=EDGE_LOOP('',(#4824,#4826,#4827,#4828,#4830,#4832,#4834,#4836));
#4838=FACE_OUTER_BOUND('',#4837,.F.);
#4840=ORIENTED_EDGE('',*,*,#4839,.T.);
#4842=ORIENTED_EDGE('',*,*,#4841,.T.);
#4844=ORIENTED_EDGE('',*,*,#4843,.F.);
#4846=ORIENTED_EDGE('',*,*,#4845,.T.);
#4848=ORIENTED_EDGE('',*,*,#4847,.F.);
#4850=ORIENTED_EDGE('',*,*,#4849,.T.);
#4852=ORIENTED_EDGE('',*,*,#4851,.F.);
#4854=ORIENTED_EDGE('',*,*,#4853,.T.);
#4856=ORIENTED_EDGE('',*,*,#4855,.F.);
#4858=ORIENTED_EDGE('',*,*,#4857,.T.);
#4860=ORIENTED_EDGE('',*,*,#4859,.F.);
#4862=ORIENTED_EDGE('',*,*,#4861,.T.);
#4864=ORIENTED_EDGE('',*,*,#4863,.F.);
#4866=ORIENTED_EDGE('',*,*,#4865,.T.);
#4868=ORIENTED_EDGE('',*,*,#4867,.F.);
#4870=ORIENTED_EDGE('',*,*,#4869,.T.);
#4872=ORIENTED_EDGE('',*,*,#4871,.F.);
#4874=ORIENTED_EDGE('',*,*,#4873,.T.);
#4876=ORIENTED_EDGE('',*,*,#4875,.F.);
#4878=ORIENTED_EDGE('',*,*,#4877,.T.);
#4880=ORIENTED_EDGE('',*,*,#4879,.F.);
#4882=ORIENTED_EDGE('',*,*,#4881,.T.);
#4884=ORIENTED_EDGE('',*,*,#4883,.F.);
#4886=ORIENTED_EDGE('',*,*,#4885,.T.);
#4888=ORIENTED_EDGE('',*,*,#4887,.F.);
#4890=ORIENTED_EDGE('',*,*,#4889,.T.);
#4892=ORIENTED_EDGE('',*,*,#4891,.T.);
#4894=ORIENTED_EDGE('',*,*,#4893,.F.);
#4896=ORIENTED_EDGE('',*,*,#4895,.F.);
#4898=ORIENTED_EDGE('',*,*,#4897,.F.);
#4900=ORIENTED_EDGE('',*,*,#4899,.F.);
#4902=ORIENTED_EDGE('',*,*,#4901,.F.);
#4904=ORIENTED_EDGE('',*,*,#4903,.F.);
#4906=ORIENTED_EDGE('',*,*,#4905,.F.);
#4908=ORIENTED_EDGE('',*,*,#4907,.F.);
#4910=ORIENTED_EDGE('',*,*,#4909,.F.);
#4912=ORIENTED_EDGE('',*,*,#4911,.F.);
#4914=ORIENTED_EDGE('',*,*,#4913,.F.);
#4916=ORIENTED_EDGE('',*,*,#4915,.F.);
#4918=ORIENTED_EDGE('',*,*,#4917,.F.);
#4920=ORIENTED_EDGE('',*,*,#4919,.F.);
#4922=ORIENTED_EDGE('',*,*,#4921,.F.);
#4924=ORIENTED_EDGE('',*,*,#4923,.F.);
#4926=ORIENTED_EDGE('',*,*,#4925,.F.);
#4928=ORIENTED_EDGE('',*,*,#4927,.F.);
#4930=ORIENTED_EDGE('',*,*,#4929,.F.);
#4932=ORIENTED_EDGE('',*,*,#4931,.F.);
#4934=ORIENTED_EDGE('',*,*,#4933,.F.);
#4936=ORIENTED_EDGE('',*,*,#4935,.F.);
#4938=ORIENTED_EDGE('',*,*,#4937,.F.);
#4940=ORIENTED_EDGE('',*,*,#4939,.F.);
#4942=ORIENTED_EDGE('',*,*,#4941,.F.);
#4943=EDGE_LOOP('',(#4840,#4842,#4844,#4846,#4848,#4850,#4852,#4854,#4856,#4858,
#4860,#4862,#4864,#4866,#4868,#4870,#4872,#4874,#4876,#4878,#4880,#4882,#4884,
#4886,#4888,#4890,#4892,#4894,#4896,#4898,#4900,#4902,#4904,#4906,#4908,#4910,
#4912,#4914,#4916,#4918,#4920,#4922,#4924,#4926,#4928,#4930,#4932,#4934,#4936,
#4938,#4940,#4942));
#4944=FACE_BOUND('',#4943,.F.);
#4946=ORIENTED_EDGE('',*,*,#4945,.T.);
#4948=ORIENTED_EDGE('',*,*,#4947,.T.);
#4950=ORIENTED_EDGE('',*,*,#4949,.T.);
#4952=ORIENTED_EDGE('',*,*,#4951,.T.);
#4954=ORIENTED_EDGE('',*,*,#4953,.T.);
#4956=ORIENTED_EDGE('',*,*,#4955,.T.);
#4958=ORIENTED_EDGE('',*,*,#4957,.T.);
#4960=ORIENTED_EDGE('',*,*,#4959,.T.);
#4962=ORIENTED_EDGE('',*,*,#4961,.T.);
#4964=ORIENTED_EDGE('',*,*,#4963,.T.);
#4966=ORIENTED_EDGE('',*,*,#4965,.T.);
#4968=ORIENTED_EDGE('',*,*,#4967,.T.);
#4970=ORIENTED_EDGE('',*,*,#4969,.T.);
#4972=ORIENTED_EDGE('',*,*,#4971,.T.);
#4974=ORIENTED_EDGE('',*,*,#4973,.T.);
#4976=ORIENTED_EDGE('',*,*,#4975,.T.);
#4978=ORIENTED_EDGE('',*,*,#4977,.T.);
#4980=ORIENTED_EDGE('',*,*,#4979,.T.);
#4982=ORIENTED_EDGE('',*,*,#4981,.T.);
#4984=ORIENTED_EDGE('',*,*,#4983,.T.);
#4986=ORIENTED_EDGE('',*,*,#4985,.T.);
#4988=ORIENTED_EDGE('',*,*,#4987,.T.);
#4990=ORIENTED_EDGE('',*,*,#4989,.T.);
#4992=ORIENTED_EDGE('',*,*,#4991,.T.);
#4994=ORIENTED_EDGE('',*,*,#4993,.T.);
#4996=ORIENTED_EDGE('',*,*,#4995,.T.);
#4998=ORIENTED_EDGE('',*,*,#4997,.T.);
#5000=ORIENTED_EDGE('',*,*,#4999,.T.);
#5002=ORIENTED_EDGE('',*,*,#5001,.T.);
#5004=ORIENTED_EDGE('',*,*,#5003,.T.);
#5006=ORIENTED_EDGE('',*,*,#5005,.T.);
#5008=ORIENTED_EDGE('',*,*,#5007,.T.);
#5010=ORIENTED_EDGE('',*,*,#5009,.T.);
#5012=ORIENTED_EDGE('',*,*,#5011,.T.);
#5014=ORIENTED_EDGE('',*,*,#5013,.T.);
#5016=ORIENTED_EDGE('',*,*,#5015,.T.);
#5018=ORIENTED_EDGE('',*,*,#5017,.T.);
#5020=ORIENTED_EDGE('',*,*,#5019,.T.);
#5022=ORIENTED_EDGE('',*,*,#5021,.T.);
#5024=ORIENTED_EDGE('',*,*,#5023,.T.);
#5025=EDGE_LOOP('',(#4946,#4948,#4950,#4952,#4954,#4956,#4958,#4960,#4962,#4964,
#4966,#4968,#4970,#4972,#4974,#4976,#4978,#4980,#4982,#4984,#4986,#4988,#4990,
#4992,#4994,#4996,#4998,#5000,#5002,#5004,#5006,#5008,#5010,#5012,#5014,#5016,
#5018,#5020,#5022,#5024));
#5026=FACE_BOUND('',#5025,.F.);
#5028=ORIENTED_EDGE('',*,*,#5027,.T.);
#5030=ORIENTED_EDGE('',*,*,#5029,.T.);
#5032=ORIENTED_EDGE('',*,*,#5031,.T.);
#5034=ORIENTED_EDGE('',*,*,#5033,.T.);
#5036=ORIENTED_EDGE('',*,*,#5035,.T.);
#5038=ORIENTED_EDGE('',*,*,#5037,.T.);
#5040=ORIENTED_EDGE('',*,*,#5039,.T.);
#5042=ORIENTED_EDGE('',*,*,#5041,.T.);
#5044=ORIENTED_EDGE('',*,*,#5043,.T.);
#5046=ORIENTED_EDGE('',*,*,#5045,.T.);
#5048=ORIENTED_EDGE('',*,*,#5047,.T.);
#5049=EDGE_LOOP('',(#5028,#5030,#5032,#5034,#5036,#5038,#5040,#5042,#5044,#5046,
#5048));
#5050=FACE_BOUND('',#5049,.F.);
#5051=ADVANCED_FACE('',(#4838,#4944,#5026,#5050),#4822,.T.);
#5052=FILL_AREA_STYLE_COLOUR('',#7);
#5053=FILL_AREA_STYLE('',(#5052));
#5054=SURFACE_STYLE_FILL_AREA(#5053);
#5055=SURFACE_SIDE_STYLE('',(#5054));
#5056=SURFACE_STYLE_USAGE(.POSITIVE.,#5055);
#5057=PRESENTATION_STYLE_ASSIGNMENT((#5056));
#5058=STYLED_ITEM('',(#5057),#5051);
#5059=CARTESIAN_POINT('',(3.1E0,1.615E0,-3.1E0));
#5060=DIRECTION('',(0.E0,1.E0,0.E0));
#5061=DIRECTION('',(-1.E0,0.E0,0.E0));
#5062=AXIS2_PLACEMENT_3D('',#5059,#5060,#5061);
#5063=PLANE('',#5062);
#5065=ORIENTED_EDGE('',*,*,#5064,.T.);
#5067=ORIENTED_EDGE('',*,*,#5066,.F.);
#5069=ORIENTED_EDGE('',*,*,#5068,.T.);
#5071=ORIENTED_EDGE('',*,*,#5070,.T.);
#5072=EDGE_LOOP('',(#5065,#5067,#5069,#5071));
#5073=FACE_OUTER_BOUND('',#5072,.F.);
#5074=ADVANCED_FACE('',(#5073),#5063,.T.);
#5075=FILL_AREA_STYLE_COLOUR('',#7);
#5076=FILL_AREA_STYLE('',(#5075));
#5077=SURFACE_STYLE_FILL_AREA(#5076);
#5078=SURFACE_SIDE_STYLE('',(#5077));
#5079=SURFACE_STYLE_USAGE(.POSITIVE.,#5078);
#5080=PRESENTATION_STYLE_ASSIGNMENT((#5079));
#5081=STYLED_ITEM('',(#5080),#5074);
#5082=CARTESIAN_POINT('',(3.1E0,1.615E0,-3.1E0));
#5083=DIRECTION('',(0.E0,1.E0,0.E0));
#5084=DIRECTION('',(-1.E0,0.E0,0.E0));
#5085=AXIS2_PLACEMENT_3D('',#5082,#5083,#5084);
#5086=PLANE('',#5085);
#5088=ORIENTED_EDGE('',*,*,#5087,.T.);
#5090=ORIENTED_EDGE('',*,*,#5089,.T.);
#5092=ORIENTED_EDGE('',*,*,#5091,.T.);
#5093=EDGE_LOOP('',(#5088,#5090,#5092));
#5094=FACE_OUTER_BOUND('',#5093,.F.);
#5095=ADVANCED_FACE('',(#5094),#5086,.T.);
#5096=FILL_AREA_STYLE_COLOUR('',#7);
#5097=FILL_AREA_STYLE('',(#5096));
#5098=SURFACE_STYLE_FILL_AREA(#5097);
#5099=SURFACE_SIDE_STYLE('',(#5098));
#5100=SURFACE_STYLE_USAGE(.POSITIVE.,#5099);
#5101=PRESENTATION_STYLE_ASSIGNMENT((#5100));
#5102=STYLED_ITEM('',(#5101),#5095);
#5103=CARTESIAN_POINT('',(-2.8E0,5.825628E0,2.8E0));
#5104=DIRECTION('',(0.E0,-1.E0,0.E0));
#5105=DIRECTION('',(0.E0,0.E0,1.E0));
#5106=AXIS2_PLACEMENT_3D('',#5103,#5104,#5105);
#5107=CYLINDRICAL_SURFACE('',#5106,3.E-1);
#5109=ORIENTED_EDGE('',*,*,#5108,.T.);
#5111=ORIENTED_EDGE('',*,*,#5110,.F.);
#5112=ORIENTED_EDGE('',*,*,#4823,.T.);
#5114=ORIENTED_EDGE('',*,*,#5113,.T.);
#5115=EDGE_LOOP('',(#5109,#5111,#5112,#5114));
#5116=FACE_OUTER_BOUND('',#5115,.F.);
#5117=ADVANCED_FACE('',(#5116),#5107,.T.);
#5118=FILL_AREA_STYLE_COLOUR('',#7);
#5119=FILL_AREA_STYLE('',(#5118));
#5120=SURFACE_STYLE_FILL_AREA(#5119);
#5121=SURFACE_SIDE_STYLE('',(#5120));
#5122=SURFACE_STYLE_USAGE(.POSITIVE.,#5121);
#5123=PRESENTATION_STYLE_ASSIGNMENT((#5122));
#5124=STYLED_ITEM('',(#5123),#5117);
#5125=CARTESIAN_POINT('',(-3.1E0,-1.615E0,-3.1E0));
#5126=DIRECTION('',(0.E0,-1.E0,0.E0));
#5127=DIRECTION('',(1.E0,0.E0,0.E0));
#5128=AXIS2_PLACEMENT_3D('',#5125,#5126,#5127);
#5129=PLANE('',#5128);
#5130=ORIENTED_EDGE('',*,*,#5108,.F.);
#5132=ORIENTED_EDGE('',*,*,#5131,.T.);
#5134=ORIENTED_EDGE('',*,*,#5133,.F.);
#5136=ORIENTED_EDGE('',*,*,#5135,.F.);
#5138=ORIENTED_EDGE('',*,*,#5137,.F.);
#5139=ORIENTED_EDGE('',*,*,#4531,.F.);
#5140=ORIENTED_EDGE('',*,*,#4805,.F.);
#5142=ORIENTED_EDGE('',*,*,#5141,.T.);
#5143=EDGE_LOOP('',(#5130,#5132,#5134,#5136,#5138,#5139,#5140,#5142));
#5144=FACE_OUTER_BOUND('',#5143,.F.);
#5146=ORIENTED_EDGE('',*,*,#5145,.F.);
#5148=ORIENTED_EDGE('',*,*,#5147,.F.);
#5149=EDGE_LOOP('',(#5146,#5148));
#5150=FACE_BOUND('',#5149,.F.);
#5151=ADVANCED_FACE('',(#5144,#5150),#5129,.T.);
#5152=FILL_AREA_STYLE_COLOUR('',#7);
#5153=FILL_AREA_STYLE('',(#5152));
#5154=SURFACE_STYLE_FILL_AREA(#5153);
#5155=SURFACE_SIDE_STYLE('',(#5154));
#5156=SURFACE_STYLE_USAGE(.POSITIVE.,#5155);
#5157=PRESENTATION_STYLE_ASSIGNMENT((#5156));
#5158=STYLED_ITEM('',(#5157),#5151);
#5159=CARTESIAN_POINT('',(0.E0,0.E0,3.1E0));
#5160=DIRECTION('',(0.E0,0.E0,1.E0));
#5161=DIRECTION('',(1.E0,0.E0,0.E0));
#5162=AXIS2_PLACEMENT_3D('',#5159,#5160,#5161);
#5163=PLANE('',#5162);
#5164=ORIENTED_EDGE('',*,*,#5113,.F.);
#5165=ORIENTED_EDGE('',*,*,#4835,.F.);
#5167=ORIENTED_EDGE('',*,*,#5166,.F.);
#5168=ORIENTED_EDGE('',*,*,#5131,.F.);
#5169=EDGE_LOOP('',(#5164,#5165,#5167,#5168));
#5170=FACE_OUTER_BOUND('',#5169,.F.);
#5172=ORIENTED_EDGE('',*,*,#5171,.T.);
#5174=ORIENTED_EDGE('',*,*,#5173,.T.);
#5176=ORIENTED_EDGE('',*,*,#5175,.F.);
#5178=ORIENTED_EDGE('',*,*,#5177,.F.);
#5179=EDGE_LOOP('',(#5172,#5174,#5176,#5178));
#5180=FACE_BOUND('',#5179,.F.);
#5182=ORIENTED_EDGE('',*,*,#5181,.F.);
#5184=ORIENTED_EDGE('',*,*,#5183,.T.);
#5186=ORIENTED_EDGE('',*,*,#5185,.T.);
#5188=ORIENTED_EDGE('',*,*,#5187,.F.);
#5189=EDGE_LOOP('',(#5182,#5184,#5186,#5188));
#5190=FACE_BOUND('',#5189,.F.);
#5191=ADVANCED_FACE('',(#5170,#5180,#5190),#5163,.T.);
#5192=FILL_AREA_STYLE_COLOUR('',#7);
#5193=FILL_AREA_STYLE('',(#5192));
#5194=SURFACE_STYLE_FILL_AREA(#5193);
#5195=SURFACE_SIDE_STYLE('',(#5194));
#5196=SURFACE_STYLE_USAGE(.POSITIVE.,#5195);
#5197=PRESENTATION_STYLE_ASSIGNMENT((#5196));
#5198=STYLED_ITEM('',(#5197),#5191);
#5199=CARTESIAN_POINT('',(2.8E0,-5.825628E0,2.8E0));
#5200=DIRECTION('',(0.E0,1.E0,0.E0));
#5201=DIRECTION('',(0.E0,0.E0,1.E0));
#5202=AXIS2_PLACEMENT_3D('',#5199,#5200,#5201);
#5203=CYLINDRICAL_SURFACE('',#5202,3.E-1);
#5204=ORIENTED_EDGE('',*,*,#4833,.T.);
#5206=ORIENTED_EDGE('',*,*,#5205,.F.);
#5207=ORIENTED_EDGE('',*,*,#5133,.T.);
#5208=ORIENTED_EDGE('',*,*,#5166,.T.);
#5209=EDGE_LOOP('',(#5204,#5206,#5207,#5208));
#5210=FACE_OUTER_BOUND('',#5209,.F.);
#5211=ADVANCED_FACE('',(#5210),#5203,.T.);
#5212=FILL_AREA_STYLE_COLOUR('',#7);
#5213=FILL_AREA_STYLE('',(#5212));
#5214=SURFACE_STYLE_FILL_AREA(#5213);
#5215=SURFACE_SIDE_STYLE('',(#5214));
#5216=SURFACE_STYLE_USAGE(.POSITIVE.,#5215);
#5217=PRESENTATION_STYLE_ASSIGNMENT((#5216));
#5218=STYLED_ITEM('',(#5217),#5211);
#5219=CARTESIAN_POINT('',(3.1E0,-1.615E0,-3.1E0));
#5220=DIRECTION('',(1.E0,0.E0,0.E0));
#5221=DIRECTION('',(0.E0,1.E0,0.E0));
#5222=AXIS2_PLACEMENT_3D('',#5219,#5220,#5221);
#5223=PLANE('',#5222);
#5225=ORIENTED_EDGE('',*,*,#5224,.T.);
#5226=ORIENTED_EDGE('',*,*,#5135,.T.);
#5227=ORIENTED_EDGE('',*,*,#5205,.T.);
#5228=ORIENTED_EDGE('',*,*,#4831,.F.);
#5229=EDGE_LOOP('',(#5225,#5226,#5227,#5228));
#5230=FACE_OUTER_BOUND('',#5229,.F.);
#5231=ADVANCED_FACE('',(#5230),#5223,.T.);
#5232=FILL_AREA_STYLE_COLOUR('',#7);
#5233=FILL_AREA_STYLE('',(#5232));
#5234=SURFACE_STYLE_FILL_AREA(#5233);
#5235=SURFACE_SIDE_STYLE('',(#5234));
#5236=SURFACE_STYLE_USAGE(.POSITIVE.,#5235);
#5237=PRESENTATION_STYLE_ASSIGNMENT((#5236));
#5238=STYLED_ITEM('',(#5237),#5231);
#5239=CARTESIAN_POINT('',(2.8E0,5.825628E0,-2.8E0));
#5240=DIRECTION('',(0.E0,-1.E0,0.E0));
#5241=DIRECTION('',(0.E0,0.E0,-1.E0));
#5242=AXIS2_PLACEMENT_3D('',#5239,#5240,#5241);
#5243=CYLINDRICAL_SURFACE('',#5242,3.E-1);
#5244=ORIENTED_EDGE('',*,*,#5137,.T.);
#5245=ORIENTED_EDGE('',*,*,#5224,.F.);
#5246=ORIENTED_EDGE('',*,*,#4829,.T.);
#5247=ORIENTED_EDGE('',*,*,#4533,.T.);
#5248=EDGE_LOOP('',(#5244,#5245,#5246,#5247));
#5249=FACE_OUTER_BOUND('',#5248,.F.);
#5250=ADVANCED_FACE('',(#5249),#5243,.T.);
#5251=FILL_AREA_STYLE_COLOUR('',#7);
#5252=FILL_AREA_STYLE('',(#5251));
#5253=SURFACE_STYLE_FILL_AREA(#5252);
#5254=SURFACE_SIDE_STYLE('',(#5253));
#5255=SURFACE_STYLE_USAGE(.POSITIVE.,#5254);
#5256=PRESENTATION_STYLE_ASSIGNMENT((#5255));
#5257=STYLED_ITEM('',(#5256),#5250);
#5258=CARTESIAN_POINT('',(-2.65E0,0.E0,0.E0));
#5259=DIRECTION('',(1.E0,0.E0,0.E0));
#5260=DIRECTION('',(0.E0,1.E0,0.E0));
#5261=AXIS2_PLACEMENT_3D('',#5258,#5259,#5260);
#5262=PLANE('',#5261);
#5263=ORIENTED_EDGE('',*,*,#5171,.F.);
#5265=ORIENTED_EDGE('',*,*,#5264,.T.);
#5267=ORIENTED_EDGE('',*,*,#5266,.T.);
#5269=ORIENTED_EDGE('',*,*,#5268,.T.);
#5271=ORIENTED_EDGE('',*,*,#5270,.T.);
#5273=ORIENTED_EDGE('',*,*,#5272,.T.);
#5275=ORIENTED_EDGE('',*,*,#5274,.T.);
#5277=ORIENTED_EDGE('',*,*,#5276,.T.);
#5278=EDGE_LOOP('',(#5263,#5265,#5267,#5269,#5271,#5273,#5275,#5277));
#5279=FACE_OUTER_BOUND('',#5278,.F.);
#5280=ADVANCED_FACE('',(#5279),#5262,.F.);
#5281=FILL_AREA_STYLE_COLOUR('',#19);
#5282=FILL_AREA_STYLE('',(#5281));
#5283=SURFACE_STYLE_FILL_AREA(#5282);
#5284=SURFACE_SIDE_STYLE('',(#5283));
#5285=SURFACE_STYLE_USAGE(.POSITIVE.,#5284);
#5286=PRESENTATION_STYLE_ASSIGNMENT((#5285));
#5287=STYLED_ITEM('',(#5286),#5280);
#5288=CARTESIAN_POINT('',(-2.65E0,7.652E-1,3.1E0));
#5289=DIRECTION('',(0.E0,1.E0,0.E0));
#5290=DIRECTION('',(0.E0,0.E0,1.E0));
#5291=AXIS2_PLACEMENT_3D('',#5288,#5289,#5290);
#5292=PLANE('',#5291);
#5293=ORIENTED_EDGE('',*,*,#5177,.T.);
#5295=ORIENTED_EDGE('',*,*,#5294,.T.);
#5297=ORIENTED_EDGE('',*,*,#5296,.F.);
#5298=ORIENTED_EDGE('',*,*,#5264,.F.);
#5299=EDGE_LOOP('',(#5293,#5295,#5297,#5298));
#5300=FACE_OUTER_BOUND('',#5299,.F.);
#5301=ADVANCED_FACE('',(#5300),#5292,.T.);
#5302=FILL_AREA_STYLE_COLOUR('',#19);
#5303=FILL_AREA_STYLE('',(#5302));
#5304=SURFACE_STYLE_FILL_AREA(#5303);
#5305=SURFACE_SIDE_STYLE('',(#5304));
#5306=SURFACE_STYLE_USAGE(.POSITIVE.,#5305);
#5307=PRESENTATION_STYLE_ASSIGNMENT((#5306));
#5308=STYLED_ITEM('',(#5307),#5301);
#5309=CARTESIAN_POINT('',(-1.85E0,0.E0,0.E0));
#5310=DIRECTION('',(1.E0,0.E0,0.E0));
#5311=DIRECTION('',(0.E0,1.E0,0.E0));
#5312=AXIS2_PLACEMENT_3D('',#5309,#5310,#5311);
#5313=PLANE('',#5312);
#5314=ORIENTED_EDGE('',*,*,#5175,.T.);
#5316=ORIENTED_EDGE('',*,*,#5315,.F.);
#5318=ORIENTED_EDGE('',*,*,#5317,.F.);
#5320=ORIENTED_EDGE('',*,*,#5319,.F.);
#5322=ORIENTED_EDGE('',*,*,#5321,.F.);
#5324=ORIENTED_EDGE('',*,*,#5323,.F.);
#5326=ORIENTED_EDGE('',*,*,#5325,.F.);
#5327=ORIENTED_EDGE('',*,*,#5294,.F.);
#5328=EDGE_LOOP('',(#5314,#5316,#5318,#5320,#5322,#5324,#5326,#5327));
#5329=FACE_OUTER_BOUND('',#5328,.F.);
#5330=ADVANCED_FACE('',(#5329),#5313,.T.);
#5331=FILL_AREA_STYLE_COLOUR('',#19);
#5332=FILL_AREA_STYLE('',(#5331));
#5333=SURFACE_STYLE_FILL_AREA(#5332);
#5334=SURFACE_SIDE_STYLE('',(#5333));
#5335=SURFACE_STYLE_USAGE(.POSITIVE.,#5334);
#5336=PRESENTATION_STYLE_ASSIGNMENT((#5335));
#5337=STYLED_ITEM('',(#5336),#5330);
#5338=CARTESIAN_POINT('',(-2.65E0,5.652E-1,3.1264E0));
#5339=DIRECTION('',(0.E0,-1.E0,0.E0));
#5340=DIRECTION('',(0.E0,0.E0,-1.E0));
#5341=AXIS2_PLACEMENT_3D('',#5338,#5339,#5340);
#5342=PLANE('',#5341);
#5343=ORIENTED_EDGE('',*,*,#5173,.F.);
#5344=ORIENTED_EDGE('',*,*,#5276,.F.);
#5346=ORIENTED_EDGE('',*,*,#5345,.T.);
#5347=ORIENTED_EDGE('',*,*,#5315,.T.);
#5348=EDGE_LOOP('',(#5343,#5344,#5346,#5347));
#5349=FACE_OUTER_BOUND('',#5348,.F.);
#5350=ADVANCED_FACE('',(#5349),#5342,.T.);
#5351=FILL_AREA_STYLE_COLOUR('',#19);
#5352=FILL_AREA_STYLE('',(#5351));
#5353=SURFACE_STYLE_FILL_AREA(#5352);
#5354=SURFACE_SIDE_STYLE('',(#5353));
#5355=SURFACE_STYLE_USAGE(.POSITIVE.,#5354);
#5356=PRESENTATION_STYLE_ASSIGNMENT((#5355));
#5357=STYLED_ITEM('',(#5356),#5350);
#5358=CARTESIAN_POINT('',(-2.65E0,8.388E-1,3.1264E0));
#5359=DIRECTION('',(1.E0,0.E0,0.E0));
#5360=DIRECTION('',(0.E0,1.E0,0.E0));
#5361=AXIS2_PLACEMENT_3D('',#5358,#5359,#5360);
#5362=CYLINDRICAL_SURFACE('',#5361,2.736E-1);
#5363=ORIENTED_EDGE('',*,*,#5274,.F.);
#5365=ORIENTED_EDGE('',*,*,#5364,.T.);
#5366=ORIENTED_EDGE('',*,*,#5317,.T.);
#5367=ORIENTED_EDGE('',*,*,#5345,.F.);
#5368=EDGE_LOOP('',(#5363,#5365,#5366,#5367));
#5369=FACE_OUTER_BOUND('',#5368,.F.);
#5370=ADVANCED_FACE('',(#5369),#5362,.T.);
#5371=FILL_AREA_STYLE_COLOUR('',#19);
#5372=FILL_AREA_STYLE('',(#5371));
#5373=SURFACE_STYLE_FILL_AREA(#5372);
#5374=SURFACE_SIDE_STYLE('',(#5373));
#5375=SURFACE_STYLE_USAGE(.POSITIVE.,#5374);
#5376=PRESENTATION_STYLE_ASSIGNMENT((#5375));
#5377=STYLED_ITEM('',(#5376),#5370);
#5378=CARTESIAN_POINT('',(-2.65E0,1.6311E0,3.4E0));
#5379=DIRECTION('',(0.E0,0.E0,1.E0));
#5380=DIRECTION('',(0.E0,-1.E0,0.E0));
#5381=AXIS2_PLACEMENT_3D('',#5378,#5379,#5380);
#5382=PLANE('',#5381);
#5383=ORIENTED_EDGE('',*,*,#5272,.F.);
#5385=ORIENTED_EDGE('',*,*,#5384,.T.);
#5386=ORIENTED_EDGE('',*,*,#5319,.T.);
#5387=ORIENTED_EDGE('',*,*,#5364,.F.);
#5388=EDGE_LOOP('',(#5383,#5385,#5386,#5387));
#5389=FACE_OUTER_BOUND('',#5388,.F.);
#5390=ADVANCED_FACE('',(#5389),#5382,.T.);
#5391=FILL_AREA_STYLE_COLOUR('',#19);
#5392=FILL_AREA_STYLE('',(#5391));
#5393=SURFACE_STYLE_FILL_AREA(#5392);
#5394=SURFACE_SIDE_STYLE('',(#5393));
#5395=SURFACE_STYLE_USAGE(.POSITIVE.,#5394);
#5396=PRESENTATION_STYLE_ASSIGNMENT((#5395));
#5397=STYLED_ITEM('',(#5396),#5390);
#5398=CARTESIAN_POINT('',(-2.65E0,1.6311E0,3.2E0));
#5399=DIRECTION('',(0.E0,1.E0,0.E0));
#5400=DIRECTION('',(0.E0,0.E0,1.E0));
#5401=AXIS2_PLACEMENT_3D('',#5398,#5399,#5400);
#5402=PLANE('',#5401);
#5403=ORIENTED_EDGE('',*,*,#5270,.F.);
#5405=ORIENTED_EDGE('',*,*,#5404,.T.);
#5406=ORIENTED_EDGE('',*,*,#5321,.T.);
#5407=ORIENTED_EDGE('',*,*,#5384,.F.);
#5408=EDGE_LOOP('',(#5403,#5405,#5406,#5407));
#5409=FACE_OUTER_BOUND('',#5408,.F.);
#5410=ADVANCED_FACE('',(#5409),#5402,.T.);
#5411=FILL_AREA_STYLE_COLOUR('',#19);
#5412=FILL_AREA_STYLE('',(#5411));
#5413=SURFACE_STYLE_FILL_AREA(#5412);
#5414=SURFACE_SIDE_STYLE('',(#5413));
#5415=SURFACE_STYLE_USAGE(.POSITIVE.,#5414);
#5416=PRESENTATION_STYLE_ASSIGNMENT((#5415));
#5417=STYLED_ITEM('',(#5416),#5410);
#5418=CARTESIAN_POINT('',(-2.65E0,8.388E-1,3.2E0));
#5419=DIRECTION('',(0.E0,0.E0,-1.E0));
#5420=DIRECTION('',(0.E0,1.E0,0.E0));
#5421=AXIS2_PLACEMENT_3D('',#5418,#5419,#5420);
#5422=PLANE('',#5421);
#5423=ORIENTED_EDGE('',*,*,#5268,.F.);
#5425=ORIENTED_EDGE('',*,*,#5424,.T.);
#5426=ORIENTED_EDGE('',*,*,#5323,.T.);
#5427=ORIENTED_EDGE('',*,*,#5404,.F.);
#5428=EDGE_LOOP('',(#5423,#5425,#5426,#5427));
#5429=FACE_OUTER_BOUND('',#5428,.F.);
#5430=ADVANCED_FACE('',(#5429),#5422,.T.);
#5431=FILL_AREA_STYLE_COLOUR('',#19);
#5432=FILL_AREA_STYLE('',(#5431));
#5433=SURFACE_STYLE_FILL_AREA(#5432);
#5434=SURFACE_SIDE_STYLE('',(#5433));
#5435=SURFACE_STYLE_USAGE(.POSITIVE.,#5434);
#5436=PRESENTATION_STYLE_ASSIGNMENT((#5435));
#5437=STYLED_ITEM('',(#5436),#5430);
#5438=CARTESIAN_POINT('',(-2.65E0,8.388E-1,3.1264E0));
#5439=DIRECTION('',(1.E0,0.E0,0.E0));
#5440=DIRECTION('',(0.E0,1.E0,0.E0));
#5441=AXIS2_PLACEMENT_3D('',#5438,#5439,#5440);
#5442=CYLINDRICAL_SURFACE('',#5441,7.36E-2);
#5443=ORIENTED_EDGE('',*,*,#5266,.F.);
#5444=ORIENTED_EDGE('',*,*,#5296,.T.);
#5445=ORIENTED_EDGE('',*,*,#5325,.T.);
#5446=ORIENTED_EDGE('',*,*,#5424,.F.);
#5447=EDGE_LOOP('',(#5443,#5444,#5445,#5446));
#5448=FACE_OUTER_BOUND('',#5447,.F.);
#5449=ADVANCED_FACE('',(#5448),#5442,.F.);
#5450=FILL_AREA_STYLE_COLOUR('',#19);
#5451=FILL_AREA_STYLE('',(#5450));
#5452=SURFACE_STYLE_FILL_AREA(#5451);
#5453=SURFACE_SIDE_STYLE('',(#5452));
#5454=SURFACE_STYLE_USAGE(.POSITIVE.,#5453);
#5455=PRESENTATION_STYLE_ASSIGNMENT((#5454));
#5456=STYLED_ITEM('',(#5455),#5449);
#5457=CARTESIAN_POINT('',(2.65E0,0.E0,0.E0));
#5458=DIRECTION('',(1.E0,0.E0,0.E0));
#5459=DIRECTION('',(0.E0,1.E0,0.E0));
#5460=AXIS2_PLACEMENT_3D('',#5457,#5458,#5459);
#5461=PLANE('',#5460);
#5463=ORIENTED_EDGE('',*,*,#5462,.F.);
#5464=ORIENTED_EDGE('',*,*,#5181,.T.);
#5466=ORIENTED_EDGE('',*,*,#5465,.F.);
#5468=ORIENTED_EDGE('',*,*,#5467,.F.);
#5470=ORIENTED_EDGE('',*,*,#5469,.F.);
#5472=ORIENTED_EDGE('',*,*,#5471,.F.);
#5474=ORIENTED_EDGE('',*,*,#5473,.F.);
#5476=ORIENTED_EDGE('',*,*,#5475,.F.);
#5477=EDGE_LOOP('',(#5463,#5464,#5466,#5468,#5470,#5472,#5474,#5476));
#5478=FACE_OUTER_BOUND('',#5477,.F.);
#5479=ADVANCED_FACE('',(#5478),#5461,.T.);
#5480=FILL_AREA_STYLE_COLOUR('',#19);
#5481=FILL_AREA_STYLE('',(#5480));
#5482=SURFACE_STYLE_FILL_AREA(#5481);
#5483=SURFACE_SIDE_STYLE('',(#5482));
#5484=SURFACE_STYLE_USAGE(.POSITIVE.,#5483);
#5485=PRESENTATION_STYLE_ASSIGNMENT((#5484));
#5486=STYLED_ITEM('',(#5485),#5479);
#5487=CARTESIAN_POINT('',(2.65E0,7.652E-1,3.1E0));
#5488=DIRECTION('',(0.E0,-1.E0,0.E0));
#5489=DIRECTION('',(0.E0,0.E0,1.E0));
#5490=AXIS2_PLACEMENT_3D('',#5487,#5488,#5489);
#5491=PLANE('',#5490);
#5492=ORIENTED_EDGE('',*,*,#5462,.T.);
#5494=ORIENTED_EDGE('',*,*,#5493,.T.);
#5496=ORIENTED_EDGE('',*,*,#5495,.F.);
#5497=ORIENTED_EDGE('',*,*,#5183,.F.);
#5498=EDGE_LOOP('',(#5492,#5494,#5496,#5497));
#5499=FACE_OUTER_BOUND('',#5498,.F.);
#5500=ADVANCED_FACE('',(#5499),#5491,.F.);
#5501=FILL_AREA_STYLE_COLOUR('',#19);
#5502=FILL_AREA_STYLE('',(#5501));
#5503=SURFACE_STYLE_FILL_AREA(#5502);
#5504=SURFACE_SIDE_STYLE('',(#5503));
#5505=SURFACE_STYLE_USAGE(.POSITIVE.,#5504);
#5506=PRESENTATION_STYLE_ASSIGNMENT((#5505));
#5507=STYLED_ITEM('',(#5506),#5500);
#5508=CARTESIAN_POINT('',(2.65E0,8.388E-1,3.1264E0));
#5509=DIRECTION('',(1.E0,0.E0,0.E0));
#5510=DIRECTION('',(0.E0,1.E0,0.E0));
#5511=AXIS2_PLACEMENT_3D('',#5508,#5509,#5510);
#5512=CYLINDRICAL_SURFACE('',#5511,7.36E-2);
#5513=ORIENTED_EDGE('',*,*,#5475,.T.);
#5515=ORIENTED_EDGE('',*,*,#5514,.T.);
#5517=ORIENTED_EDGE('',*,*,#5516,.F.);
#5518=ORIENTED_EDGE('',*,*,#5493,.F.);
#5519=EDGE_LOOP('',(#5513,#5515,#5517,#5518));
#5520=FACE_OUTER_BOUND('',#5519,.F.);
#5521=ADVANCED_FACE('',(#5520),#5512,.F.);
#5522=FILL_AREA_STYLE_COLOUR('',#19);
#5523=FILL_AREA_STYLE('',(#5522));
#5524=SURFACE_STYLE_FILL_AREA(#5523);
#5525=SURFACE_SIDE_STYLE('',(#5524));
#5526=SURFACE_STYLE_USAGE(.POSITIVE.,#5525);
#5527=PRESENTATION_STYLE_ASSIGNMENT((#5526));
#5528=STYLED_ITEM('',(#5527),#5521);
#5529=CARTESIAN_POINT('',(2.65E0,8.388E-1,3.2E0));
#5530=DIRECTION('',(0.E0,0.E0,1.E0));
#5531=DIRECTION('',(0.E0,1.E0,0.E0));
#5532=AXIS2_PLACEMENT_3D('',#5529,#5530,#5531);
#5533=PLANE('',#5532);
#5534=ORIENTED_EDGE('',*,*,#5473,.T.);
#5536=ORIENTED_EDGE('',*,*,#5535,.T.);
#5538=ORIENTED_EDGE('',*,*,#5537,.F.);
#5539=ORIENTED_EDGE('',*,*,#5514,.F.);
#5540=EDGE_LOOP('',(#5534,#5536,#5538,#5539));
#5541=FACE_OUTER_BOUND('',#5540,.F.);
#5542=ADVANCED_FACE('',(#5541),#5533,.F.);
#5543=FILL_AREA_STYLE_COLOUR('',#19);
#5544=FILL_AREA_STYLE('',(#5543));
#5545=SURFACE_STYLE_FILL_AREA(#5544);
#5546=SURFACE_SIDE_STYLE('',(#5545));
#5547=SURFACE_STYLE_USAGE(.POSITIVE.,#5546);
#5548=PRESENTATION_STYLE_ASSIGNMENT((#5547));
#5549=STYLED_ITEM('',(#5548),#5542);
#5550=CARTESIAN_POINT('',(2.65E0,1.6311E0,3.2E0));
#5551=DIRECTION('',(0.E0,-1.E0,0.E0));
#5552=DIRECTION('',(0.E0,0.E0,1.E0));
#5553=AXIS2_PLACEMENT_3D('',#5550,#5551,#5552);
#5554=PLANE('',#5553);
#5555=ORIENTED_EDGE('',*,*,#5471,.T.);
#5557=ORIENTED_EDGE('',*,*,#5556,.T.);
#5559=ORIENTED_EDGE('',*,*,#5558,.F.);
#5560=ORIENTED_EDGE('',*,*,#5535,.F.);
#5561=EDGE_LOOP('',(#5555,#5557,#5559,#5560));
#5562=FACE_OUTER_BOUND('',#5561,.F.);
#5563=ADVANCED_FACE('',(#5562),#5554,.F.);
#5564=FILL_AREA_STYLE_COLOUR('',#19);
#5565=FILL_AREA_STYLE('',(#5564));
#5566=SURFACE_STYLE_FILL_AREA(#5565);
#5567=SURFACE_SIDE_STYLE('',(#5566));
#5568=SURFACE_STYLE_USAGE(.POSITIVE.,#5567);
#5569=PRESENTATION_STYLE_ASSIGNMENT((#5568));
#5570=STYLED_ITEM('',(#5569),#5563);
#5571=CARTESIAN_POINT('',(2.65E0,1.6311E0,3.4E0));
#5572=DIRECTION('',(0.E0,0.E0,-1.E0));
#5573=DIRECTION('',(0.E0,-1.E0,0.E0));
#5574=AXIS2_PLACEMENT_3D('',#5571,#5572,#5573);
#5575=PLANE('',#5574);
#5576=ORIENTED_EDGE('',*,*,#5469,.T.);
#5578=ORIENTED_EDGE('',*,*,#5577,.T.);
#5580=ORIENTED_EDGE('',*,*,#5579,.F.);
#5581=ORIENTED_EDGE('',*,*,#5556,.F.);
#5582=EDGE_LOOP('',(#5576,#5578,#5580,#5581));
#5583=FACE_OUTER_BOUND('',#5582,.F.);
#5584=ADVANCED_FACE('',(#5583),#5575,.F.);
#5585=FILL_AREA_STYLE_COLOUR('',#19);
#5586=FILL_AREA_STYLE('',(#5585));
#5587=SURFACE_STYLE_FILL_AREA(#5586);
#5588=SURFACE_SIDE_STYLE('',(#5587));
#5589=SURFACE_STYLE_USAGE(.POSITIVE.,#5588);
#5590=PRESENTATION_STYLE_ASSIGNMENT((#5589));
#5591=STYLED_ITEM('',(#5590),#5584);
#5592=CARTESIAN_POINT('',(2.65E0,8.388E-1,3.1264E0));
#5593=DIRECTION('',(1.E0,0.E0,0.E0));
#5594=DIRECTION('',(0.E0,1.E0,0.E0));
#5595=AXIS2_PLACEMENT_3D('',#5592,#5593,#5594);
#5596=CYLINDRICAL_SURFACE('',#5595,2.736E-1);
#5597=ORIENTED_EDGE('',*,*,#5467,.T.);
#5599=ORIENTED_EDGE('',*,*,#5598,.T.);
#5601=ORIENTED_EDGE('',*,*,#5600,.F.);
#5602=ORIENTED_EDGE('',*,*,#5577,.F.);
#5603=EDGE_LOOP('',(#5597,#5599,#5601,#5602));
#5604=FACE_OUTER_BOUND('',#5603,.F.);
#5605=ADVANCED_FACE('',(#5604),#5596,.T.);
#5606=FILL_AREA_STYLE_COLOUR('',#19);
#5607=FILL_AREA_STYLE('',(#5606));
#5608=SURFACE_STYLE_FILL_AREA(#5607);
#5609=SURFACE_SIDE_STYLE('',(#5608));
#5610=SURFACE_STYLE_USAGE(.POSITIVE.,#5609);
#5611=PRESENTATION_STYLE_ASSIGNMENT((#5610));
#5612=STYLED_ITEM('',(#5611),#5605);
#5613=CARTESIAN_POINT('',(2.65E0,5.652E-1,3.1264E0));
#5614=DIRECTION('',(0.E0,1.E0,0.E0));
#5615=DIRECTION('',(0.E0,0.E0,-1.E0));
#5616=AXIS2_PLACEMENT_3D('',#5613,#5614,#5615);
#5617=PLANE('',#5616);
#5618=ORIENTED_EDGE('',*,*,#5465,.T.);
#5619=ORIENTED_EDGE('',*,*,#5187,.T.);
#5621=ORIENTED_EDGE('',*,*,#5620,.F.);
#5622=ORIENTED_EDGE('',*,*,#5598,.F.);
#5623=EDGE_LOOP('',(#5618,#5619,#5621,#5622));
#5624=FACE_OUTER_BOUND('',#5623,.F.);
#5625=ADVANCED_FACE('',(#5624),#5617,.F.);
#5626=FILL_AREA_STYLE_COLOUR('',#19);
#5627=FILL_AREA_STYLE('',(#5626));
#5628=SURFACE_STYLE_FILL_AREA(#5627);
#5629=SURFACE_SIDE_STYLE('',(#5628));
#5630=SURFACE_STYLE_USAGE(.POSITIVE.,#5629);
#5631=PRESENTATION_STYLE_ASSIGNMENT((#5630));
#5632=STYLED_ITEM('',(#5631),#5625);
#5633=CARTESIAN_POINT('',(1.85E0,0.E0,0.E0));
#5634=DIRECTION('',(1.E0,0.E0,0.E0));
#5635=DIRECTION('',(0.E0,1.E0,0.E0));
#5636=AXIS2_PLACEMENT_3D('',#5633,#5634,#5635);
#5637=PLANE('',#5636);
#5638=ORIENTED_EDGE('',*,*,#5495,.T.);
#5639=ORIENTED_EDGE('',*,*,#5516,.T.);
#5640=ORIENTED_EDGE('',*,*,#5537,.T.);
#5641=ORIENTED_EDGE('',*,*,#5558,.T.);
#5642=ORIENTED_EDGE('',*,*,#5579,.T.);
#5643=ORIENTED_EDGE('',*,*,#5600,.T.);
#5644=ORIENTED_EDGE('',*,*,#5620,.T.);
#5645=ORIENTED_EDGE('',*,*,#5185,.F.);
#5646=EDGE_LOOP('',(#5638,#5639,#5640,#5641,#5642,#5643,#5644,#5645));
#5647=FACE_OUTER_BOUND('',#5646,.F.);
#5648=ADVANCED_FACE('',(#5647),#5637,.F.);
#5649=FILL_AREA_STYLE_COLOUR('',#19);
#5650=FILL_AREA_STYLE('',(#5649));
#5651=SURFACE_STYLE_FILL_AREA(#5650);
#5652=SURFACE_SIDE_STYLE('',(#5651));
#5653=SURFACE_STYLE_USAGE(.POSITIVE.,#5652);
#5654=PRESENTATION_STYLE_ASSIGNMENT((#5653));
#5655=STYLED_ITEM('',(#5654),#5648);
#5656=CARTESIAN_POINT('',(-3.1E0,1.615E0,-3.1E0));
#5657=DIRECTION('',(-1.E0,0.E0,0.E0));
#5658=DIRECTION('',(0.E0,-1.E0,0.E0));
#5659=AXIS2_PLACEMENT_3D('',#5656,#5657,#5658);
#5660=PLANE('',#5659);
#5661=ORIENTED_EDGE('',*,*,#5110,.T.);
#5662=ORIENTED_EDGE('',*,*,#5141,.F.);
#5663=ORIENTED_EDGE('',*,*,#4803,.T.);
#5664=ORIENTED_EDGE('',*,*,#4825,.T.);
#5665=EDGE_LOOP('',(#5661,#5662,#5663,#5664));
#5666=FACE_OUTER_BOUND('',#5665,.F.);
#5667=ADVANCED_FACE('',(#5666),#5660,.T.);
#5668=FILL_AREA_STYLE_COLOUR('',#7);
#5669=FILL_AREA_STYLE('',(#5668));
#5670=SURFACE_STYLE_FILL_AREA(#5669);
#5671=SURFACE_SIDE_STYLE('',(#5670));
#5672=SURFACE_STYLE_USAGE(.POSITIVE.,#5671);
#5673=PRESENTATION_STYLE_ASSIGNMENT((#5672));
#5674=STYLED_ITEM('',(#5673),#5667);
#5675=CARTESIAN_POINT('',(0.E0,-8.325828983991E0,0.E0));
#5676=DIRECTION('',(0.E0,1.E0,0.E0));
#5677=DIRECTION('',(-1.E0,0.E0,0.E0));
#5678=AXIS2_PLACEMENT_3D('',#5675,#5676,#5677);
#5679=CONICAL_SURFACE('',#5678,1.425819871216E0,6.333100158001E-1);
#5681=ORIENTED_EDGE('',*,*,#5680,.T.);
#5683=ORIENTED_EDGE('',*,*,#5682,.F.);
#5684=ORIENTED_EDGE('',*,*,#5145,.T.);
#5686=ORIENTED_EDGE('',*,*,#5685,.T.);
#5687=EDGE_LOOP('',(#5681,#5683,#5684,#5686));
#5688=FACE_OUTER_BOUND('',#5687,.F.);
#5689=ADVANCED_FACE('',(#5688),#5679,.T.);
#5690=FILL_AREA_STYLE_COLOUR('',#4);
#5691=FILL_AREA_STYLE('',(#5690));
#5692=SURFACE_STYLE_FILL_AREA(#5691);
#5693=SURFACE_SIDE_STYLE('',(#5692));
#5694=SURFACE_STYLE_USAGE(.POSITIVE.,#5693);
#5695=PRESENTATION_STYLE_ASSIGNMENT((#5694));
#5696=STYLED_ITEM('',(#5695),#5689);
#5697=CARTESIAN_POINT('',(0.E0,-1.5035E1,0.E0));
#5698=DIRECTION('',(0.E0,1.E0,0.E0));
#5699=DIRECTION('',(9.993226902945E-1,0.E0,-3.679892202958E-2));
#5700=AXIS2_PLACEMENT_3D('',#5697,#5698,#5699);
#5701=TOROIDAL_SURFACE('',#5700,1.201648905571E0,1.5E-1);
#5703=ORIENTED_EDGE('',*,*,#5702,.T.);
#5705=ORIENTED_EDGE('',*,*,#5704,.T.);
#5706=ORIENTED_EDGE('',*,*,#5680,.F.);
#5708=ORIENTED_EDGE('',*,*,#5707,.F.);
#5709=EDGE_LOOP('',(#5703,#5705,#5706,#5708));
#5710=FACE_OUTER_BOUND('',#5709,.F.);
#5711=ADVANCED_FACE('',(#5710),#5701,.T.);
#5712=FILL_AREA_STYLE_COLOUR('',#4);
#5713=FILL_AREA_STYLE('',(#5712));
#5714=SURFACE_STYLE_FILL_AREA(#5713);
#5715=SURFACE_SIDE_STYLE('',(#5714));
#5716=SURFACE_STYLE_USAGE(.POSITIVE.,#5715);
#5717=PRESENTATION_STYLE_ASSIGNMENT((#5716));
#5718=STYLED_ITEM('',(#5717),#5711);
#5719=CARTESIAN_POINT('',(0.E0,-1.5185E1,-3.1E0));
#5720=DIRECTION('',(0.E0,-1.E0,0.E0));
#5721=DIRECTION('',(1.E0,0.E0,0.E0));
#5722=AXIS2_PLACEMENT_3D('',#5719,#5720,#5721);
#5723=PLANE('',#5722);
#5725=ORIENTED_EDGE('',*,*,#5724,.F.);
#5726=ORIENTED_EDGE('',*,*,#5702,.F.);
#5727=EDGE_LOOP('',(#5725,#5726));
#5728=FACE_OUTER_BOUND('',#5727,.F.);
#5729=ADVANCED_FACE('',(#5728),#5723,.T.);
#5730=FILL_AREA_STYLE_COLOUR('',#4);
#5731=FILL_AREA_STYLE('',(#5730));
#5732=SURFACE_STYLE_FILL_AREA(#5731);
#5733=SURFACE_SIDE_STYLE('',(#5732));
#5734=SURFACE_STYLE_USAGE(.POSITIVE.,#5733);
#5735=PRESENTATION_STYLE_ASSIGNMENT((#5734));
#5736=STYLED_ITEM('',(#5735),#5729);
#5737=CARTESIAN_POINT('',(0.E0,-1.5035E1,0.E0));
#5738=DIRECTION('',(0.E0,1.E0,0.E0));
#5739=DIRECTION('',(-9.993226902945E-1,0.E0,3.679892202958E-2));
#5740=AXIS2_PLACEMENT_3D('',#5737,#5738,#5739);
#5741=TOROIDAL_SURFACE('',#5740,1.201648905571E0,1.5E-1);
#5742=ORIENTED_EDGE('',*,*,#5724,.T.);
#5743=ORIENTED_EDGE('',*,*,#5707,.T.);
#5745=ORIENTED_EDGE('',*,*,#5744,.F.);
#5746=ORIENTED_EDGE('',*,*,#5704,.F.);
#5747=EDGE_LOOP('',(#5742,#5743,#5745,#5746));
#5748=FACE_OUTER_BOUND('',#5747,.F.);
#5749=ADVANCED_FACE('',(#5748),#5741,.T.);
#5750=FILL_AREA_STYLE_COLOUR('',#4);
#5751=FILL_AREA_STYLE('',(#5750));
#5752=SURFACE_STYLE_FILL_AREA(#5751);
#5753=SURFACE_SIDE_STYLE('',(#5752));
#5754=SURFACE_STYLE_USAGE(.POSITIVE.,#5753);
#5755=PRESENTATION_STYLE_ASSIGNMENT((#5754));
#5756=STYLED_ITEM('',(#5755),#5749);
#5757=CARTESIAN_POINT('',(0.E0,-8.325828983991E0,0.E0));
#5758=DIRECTION('',(0.E0,1.E0,0.E0));
#5759=DIRECTION('',(1.E0,0.E0,0.E0));
#5760=AXIS2_PLACEMENT_3D('',#5757,#5758,#5759);
#5761=CONICAL_SURFACE('',#5760,1.425819871216E0,6.333100158001E-1);
#5762=ORIENTED_EDGE('',*,*,#5744,.T.);
#5763=ORIENTED_EDGE('',*,*,#5685,.F.);
#5764=ORIENTED_EDGE('',*,*,#5147,.T.);
#5765=ORIENTED_EDGE('',*,*,#5682,.T.);
#5766=EDGE_LOOP('',(#5762,#5763,#5764,#5765));
#5767=FACE_OUTER_BOUND('',#5766,.F.);
#5768=ADVANCED_FACE('',(#5767),#5761,.T.);
#5769=FILL_AREA_STYLE_COLOUR('',#4);
#5770=FILL_AREA_STYLE('',(#5769));
#5771=SURFACE_STYLE_FILL_AREA(#5770);
#5772=SURFACE_SIDE_STYLE('',(#5771));
#5773=SURFACE_STYLE_USAGE(.POSITIVE.,#5772);
#5774=PRESENTATION_STYLE_ASSIGNMENT((#5773));
#5775=STYLED_ITEM('',(#5774),#5768);
#5776=CARTESIAN_POINT('',(9.E-1,1.615E0,1.3E0));
#5777=DIRECTION('',(0.E0,0.E0,-1.E0));
#5778=DIRECTION('',(-1.E0,0.E0,0.E0));
#5779=AXIS2_PLACEMENT_3D('',#5776,#5777,#5778);
#5780=PLANE('',#5779);
#5781=ORIENTED_EDGE('',*,*,#5064,.F.);
#5783=ORIENTED_EDGE('',*,*,#5782,.T.);
#5785=ORIENTED_EDGE('',*,*,#5784,.T.);
#5787=ORIENTED_EDGE('',*,*,#5786,.F.);
#5788=EDGE_LOOP('',(#5781,#5783,#5785,#5787));
#5789=FACE_OUTER_BOUND('',#5788,.F.);
#5790=ADVANCED_FACE('',(#5789),#5780,.F.);
#5791=FILL_AREA_STYLE_COLOUR('',#6);
#5792=FILL_AREA_STYLE('',(#5791));
#5793=SURFACE_STYLE_FILL_AREA(#5792);
#5794=SURFACE_SIDE_STYLE('',(#5793));
#5795=SURFACE_STYLE_USAGE(.POSITIVE.,#5794);
#5796=PRESENTATION_STYLE_ASSIGNMENT((#5795));
#5797=STYLED_ITEM('',(#5796),#5790);
#5798=CARTESIAN_POINT('',(9.E-1,1.615E0,-3.E0));
#5799=DIRECTION('',(-1.E0,0.E0,0.E0));
#5800=DIRECTION('',(0.E0,0.E0,1.E0));
#5801=AXIS2_PLACEMENT_3D('',#5798,#5799,#5800);
#5802=PLANE('',#5801);
#5803=ORIENTED_EDGE('',*,*,#5070,.F.);
#5805=ORIENTED_EDGE('',*,*,#5804,.T.);
#5807=ORIENTED_EDGE('',*,*,#5806,.T.);
#5809=ORIENTED_EDGE('',*,*,#5808,.F.);
#5810=ORIENTED_EDGE('',*,*,#4889,.F.);
#5812=ORIENTED_EDGE('',*,*,#5811,.F.);
#5814=ORIENTED_EDGE('',*,*,#5813,.T.);
#5816=ORIENTED_EDGE('',*,*,#5815,.T.);
#5817=ORIENTED_EDGE('',*,*,#4841,.F.);
#5819=ORIENTED_EDGE('',*,*,#5818,.T.);
#5821=ORIENTED_EDGE('',*,*,#5820,.T.);
#5822=ORIENTED_EDGE('',*,*,#5782,.F.);
#5823=EDGE_LOOP('',(#5803,#5805,#5807,#5809,#5810,#5812,#5814,#5816,#5817,#5819,
#5821,#5822));
#5824=FACE_OUTER_BOUND('',#5823,.F.);
#5825=ADVANCED_FACE('',(#5824),#5802,.T.);
#5826=FILL_AREA_STYLE_COLOUR('',#6);
#5827=FILL_AREA_STYLE('',(#5826));
#5828=SURFACE_STYLE_FILL_AREA(#5827);
#5829=SURFACE_SIDE_STYLE('',(#5828));
#5830=SURFACE_STYLE_USAGE(.POSITIVE.,#5829);
#5831=PRESENTATION_STYLE_ASSIGNMENT((#5830));
#5832=STYLED_ITEM('',(#5831),#5825);
#5833=CARTESIAN_POINT('',(-9.E-1,1.615E0,-1.5E0));
#5834=DIRECTION('',(0.E0,0.E0,1.E0));
#5835=DIRECTION('',(1.E0,0.E0,0.E0));
#5836=AXIS2_PLACEMENT_3D('',#5833,#5834,#5835);
#5837=PLANE('',#5836);
#5838=ORIENTED_EDGE('',*,*,#5068,.F.);
#5840=ORIENTED_EDGE('',*,*,#5839,.T.);
#5842=ORIENTED_EDGE('',*,*,#5841,.T.);
#5843=ORIENTED_EDGE('',*,*,#5804,.F.);
#5844=EDGE_LOOP('',(#5838,#5840,#5842,#5843));
#5845=FACE_OUTER_BOUND('',#5844,.F.);
#5846=ADVANCED_FACE('',(#5845),#5837,.F.);
#5847=FILL_AREA_STYLE_COLOUR('',#6);
#5848=FILL_AREA_STYLE('',(#5847));
#5849=SURFACE_STYLE_FILL_AREA(#5848);
#5850=SURFACE_SIDE_STYLE('',(#5849));
#5851=SURFACE_STYLE_USAGE(.POSITIVE.,#5850);
#5852=PRESENTATION_STYLE_ASSIGNMENT((#5851));
#5853=STYLED_ITEM('',(#5852),#5846);
#5854=CARTESIAN_POINT('',(-9.E-1,1.615E0,-3.E0));
#5855=DIRECTION('',(-1.E0,0.E0,0.E0));
#5856=DIRECTION('',(0.E0,0.E0,1.E0));
#5857=AXIS2_PLACEMENT_3D('',#5854,#5855,#5856);
#5858=PLANE('',#5857);
#5859=ORIENTED_EDGE('',*,*,#4893,.T.);
#5861=ORIENTED_EDGE('',*,*,#5860,.T.);
#5863=ORIENTED_EDGE('',*,*,#5862,.T.);
#5864=ORIENTED_EDGE('',*,*,#5839,.F.);
#5865=ORIENTED_EDGE('',*,*,#5066,.T.);
#5866=ORIENTED_EDGE('',*,*,#5786,.T.);
#5868=ORIENTED_EDGE('',*,*,#5867,.T.);
#5870=ORIENTED_EDGE('',*,*,#5869,.F.);
#5871=ORIENTED_EDGE('',*,*,#4941,.T.);
#5873=ORIENTED_EDGE('',*,*,#5872,.T.);
#5875=ORIENTED_EDGE('',*,*,#5874,.T.);
#5877=ORIENTED_EDGE('',*,*,#5876,.F.);
#5878=EDGE_LOOP('',(#5859,#5861,#5863,#5864,#5865,#5866,#5868,#5870,#5871,#5873,
#5875,#5877));
#5879=FACE_OUTER_BOUND('',#5878,.F.);
#5880=ADVANCED_FACE('',(#5879),#5858,.F.);
#5881=FILL_AREA_STYLE_COLOUR('',#6);
#5882=FILL_AREA_STYLE('',(#5881));
#5883=SURFACE_STYLE_FILL_AREA(#5882);
#5884=SURFACE_SIDE_STYLE('',(#5883));
#5885=SURFACE_STYLE_USAGE(.POSITIVE.,#5884);
#5886=PRESENTATION_STYLE_ASSIGNMENT((#5885));
#5887=STYLED_ITEM('',(#5886),#5880);
#5888=CARTESIAN_POINT('',(9.E-1,1.615E0,-2.3E0));
#5889=DIRECTION('',(0.E0,0.E0,-1.E0));
#5890=DIRECTION('',(-1.E0,0.E0,0.E0));
#5891=AXIS2_PLACEMENT_3D('',#5888,#5889,#5890);
#5892=PLANE('',#5891);
#5893=ORIENTED_EDGE('',*,*,#4891,.F.);
#5894=ORIENTED_EDGE('',*,*,#5808,.T.);
#5896=ORIENTED_EDGE('',*,*,#5895,.T.);
#5897=ORIENTED_EDGE('',*,*,#5860,.F.);
#5898=EDGE_LOOP('',(#5893,#5894,#5896,#5897));
#5899=FACE_OUTER_BOUND('',#5898,.F.);
#5900=ADVANCED_FACE('',(#5899),#5892,.F.);
#5901=FILL_AREA_STYLE_COLOUR('',#6);
#5902=FILL_AREA_STYLE('',(#5901));
#5903=SURFACE_STYLE_FILL_AREA(#5902);
#5904=SURFACE_SIDE_STYLE('',(#5903));
#5905=SURFACE_STYLE_USAGE(.POSITIVE.,#5904);
#5906=PRESENTATION_STYLE_ASSIGNMENT((#5905));
#5907=STYLED_ITEM('',(#5906),#5900);
#5908=CARTESIAN_POINT('',(0.E0,1.315E0,-3.1E0));
#5909=DIRECTION('',(0.E0,1.E0,0.E0));
#5910=DIRECTION('',(-1.E0,0.E0,0.E0));
#5911=AXIS2_PLACEMENT_3D('',#5908,#5909,#5910);
#5912=PLANE('',#5911);
#5913=ORIENTED_EDGE('',*,*,#5820,.F.);
#5915=ORIENTED_EDGE('',*,*,#5914,.F.);
#5916=ORIENTED_EDGE('',*,*,#5867,.F.);
#5917=ORIENTED_EDGE('',*,*,#5784,.F.);
#5918=EDGE_LOOP('',(#5913,#5915,#5916,#5917));
#5919=FACE_OUTER_BOUND('',#5918,.F.);
#5920=ADVANCED_FACE('',(#5919),#5912,.T.);
#5921=FILL_AREA_STYLE_COLOUR('',#6);
#5922=FILL_AREA_STYLE('',(#5921));
#5923=SURFACE_STYLE_FILL_AREA(#5922);
#5924=SURFACE_SIDE_STYLE('',(#5923));
#5925=SURFACE_STYLE_USAGE(.POSITIVE.,#5924);
#5926=PRESENTATION_STYLE_ASSIGNMENT((#5925));
#5927=STYLED_ITEM('',(#5926),#5920);
#5928=CARTESIAN_POINT('',(0.E0,1.315E0,-3.1E0));
#5929=DIRECTION('',(0.E0,1.E0,0.E0));
#5930=DIRECTION('',(-1.E0,0.E0,0.E0));
#5931=AXIS2_PLACEMENT_3D('',#5928,#5929,#5930);
#5932=PLANE('',#5931);
#5933=ORIENTED_EDGE('',*,*,#5895,.F.);
#5934=ORIENTED_EDGE('',*,*,#5806,.F.);
#5935=ORIENTED_EDGE('',*,*,#5841,.F.);
#5936=ORIENTED_EDGE('',*,*,#5862,.F.);
#5937=EDGE_LOOP('',(#5933,#5934,#5935,#5936));
#5938=FACE_OUTER_BOUND('',#5937,.F.);
#5939=ADVANCED_FACE('',(#5938),#5932,.T.);
#5940=FILL_AREA_STYLE_COLOUR('',#6);
#5941=FILL_AREA_STYLE('',(#5940));
#5942=SURFACE_STYLE_FILL_AREA(#5941);
#5943=SURFACE_SIDE_STYLE('',(#5942));
#5944=SURFACE_STYLE_USAGE(.POSITIVE.,#5943);
#5945=PRESENTATION_STYLE_ASSIGNMENT((#5944));
#5946=STYLED_ITEM('',(#5945),#5939);
#5947=CARTESIAN_POINT('',(-9.E-1,1.615E0,2.1E0));
#5948=DIRECTION('',(0.E0,0.E0,1.E0));
#5949=DIRECTION('',(1.E0,0.E0,0.E0));
#5950=AXIS2_PLACEMENT_3D('',#5947,#5948,#5949);
#5951=PLANE('',#5950);
#5952=ORIENTED_EDGE('',*,*,#4839,.F.);
#5953=ORIENTED_EDGE('',*,*,#5869,.T.);
#5954=ORIENTED_EDGE('',*,*,#5914,.T.);
#5955=ORIENTED_EDGE('',*,*,#5818,.F.);
#5956=EDGE_LOOP('',(#5952,#5953,#5954,#5955));
#5957=FACE_OUTER_BOUND('',#5956,.F.);
#5958=ADVANCED_FACE('',(#5957),#5951,.F.);
#5959=FILL_AREA_STYLE_COLOUR('',#6);
#5960=FILL_AREA_STYLE('',(#5959));
#5961=SURFACE_STYLE_FILL_AREA(#5960);
#5962=SURFACE_SIDE_STYLE('',(#5961));
#5963=SURFACE_STYLE_USAGE(.POSITIVE.,#5962);
#5964=PRESENTATION_STYLE_ASSIGNMENT((#5963));
#5965=STYLED_ITEM('',(#5964),#5958);
#5966=CARTESIAN_POINT('',(-1.1E0,-1.134502E1,2.6E0));
#5967=DIRECTION('',(0.E0,1.E0,0.E0));
#5968=DIRECTION('',(0.E0,0.E0,1.E0));
#5969=AXIS2_PLACEMENT_3D('',#5966,#5967,#5968);
#5970=CYLINDRICAL_SURFACE('',#5969,2.E-1);
#5972=ORIENTED_EDGE('',*,*,#5971,.T.);
#5973=ORIENTED_EDGE('',*,*,#5872,.F.);
#5974=ORIENTED_EDGE('',*,*,#4939,.T.);
#5976=ORIENTED_EDGE('',*,*,#5975,.T.);
#5977=EDGE_LOOP('',(#5972,#5973,#5974,#5976));
#5978=FACE_OUTER_BOUND('',#5977,.F.);
#5979=ADVANCED_FACE('',(#5978),#5970,.T.);
#5980=FILL_AREA_STYLE_COLOUR('',#6);
#5981=FILL_AREA_STYLE('',(#5980));
#5982=SURFACE_STYLE_FILL_AREA(#5981);
#5983=SURFACE_SIDE_STYLE('',(#5982));
#5984=SURFACE_STYLE_USAGE(.POSITIVE.,#5983);
#5985=PRESENTATION_STYLE_ASSIGNMENT((#5984));
#5986=STYLED_ITEM('',(#5985),#5979);
#5987=CARTESIAN_POINT('',(-1.155664618852E0,1.986581859298E0,2.787801145027E0));
#5988=CARTESIAN_POINT('',(-1.162929578459E0,2.072831350443E0,2.812311646685E0));
#5989=CARTESIAN_POINT('',(-1.144852737132E0,2.136441566024E0,2.751324046848E0));
#5990=CARTESIAN_POINT('',(-1.120342234350E0,2.110877052933E0,2.668630576875E0));
#5991=CARTESIAN_POINT('',(-9.867216565078E-1,1.986581859298E0,
2.837876162436E0));
#5992=CARTESIAN_POINT('',(-9.719373535390E-1,2.072831350443E0,
2.868922107726E0));
#5993=CARTESIAN_POINT('',(-1.008723999766E0,2.136441566024E0,2.791672865165E0));
#5994=CARTESIAN_POINT('',(-1.058603244617E0,2.110877052933E0,2.686930131605E0));
#5995=CARTESIAN_POINT('',(-8.621238389578E-1,1.986581859298E0,
2.713278346420E0));
#5996=CARTESIAN_POINT('',(-8.310778938505E-1,2.072831350443E0,
2.728062649771E0));
#5997=CARTESIAN_POINT('',(-9.083271359587E-1,2.136441566024E0,
2.691276002593E0));
#5998=CARTESIAN_POINT('',(-1.013069868905E0,2.110877052933E0,2.641396756453E0));
#5999=CARTESIAN_POINT('',(-9.121988542876E-1,1.986581859298E0,
2.544335383459E0));
#6000=CARTESIAN_POINT('',(-8.876883525403E-1,2.072831350443E0,
2.537070424154E0));
#6001=CARTESIAN_POINT('',(-9.486759525998E-1,2.136441566024E0,
2.555147264731E0));
#6002=CARTESIAN_POINT('',(-1.031369422875E0,2.110877052933E0,2.579657766495E0));
#6003=(BOUNDED_SURFACE()B_SPLINE_SURFACE(3,3,((#5987,#5988,#5989,#5990),(#5991,
#5992,#5993,#5994),(#5995,#5996,#5997,#5998),(#5999,#6000,#6001,#6002)),
.UNSPECIFIED.,.F.,.F.,.F.)B_SPLINE_SURFACE_WITH_KNOTS((4,4),(4,4),(0.E0,1.E0),(
0.E0,1.E0),.UNSPECIFIED.)GEOMETRIC_REPRESENTATION_ITEM()RATIONAL_B_SPLINE_SURFACE(((1.833560120673E0,1.194266823126E0,1.194266823126E0,1.833560120673E0),(
1.194266816314E0,7.778709956674E-1,7.778709956674E-1,1.194266816314E0),(
1.194266816314E0,7.778709956674E-1,7.778709956674E-1,1.194266816314E0),(
1.833560120673E0,1.194266823126E0,1.194266823126E0,1.833560120673E0)))REPRESENTATION_ITEM('')SURFACE());
#6005=ORIENTED_EDGE('',*,*,#6004,.T.);
#6007=ORIENTED_EDGE('',*,*,#6006,.T.);
#6008=ORIENTED_EDGE('',*,*,#5971,.F.);
#6010=ORIENTED_EDGE('',*,*,#6009,.F.);
#6011=EDGE_LOOP('',(#6005,#6007,#6008,#6010));
#6012=FACE_OUTER_BOUND('',#6011,.F.);
#6013=ADVANCED_FACE('',(#6012),#6003,.T.);
#6014=FILL_AREA_STYLE_COLOUR('',#6);
#6015=FILL_AREA_STYLE('',(#6014));
#6016=SURFACE_STYLE_FILL_AREA(#6015);
#6017=SURFACE_SIDE_STYLE('',(#6016));
#6018=SURFACE_STYLE_USAGE(.POSITIVE.,#6017);
#6019=PRESENTATION_STYLE_ASSIGNMENT((#6018));
#6020=STYLED_ITEM('',(#6019),#6013);
#6021=CARTESIAN_POINT('',(0.E0,2.115E0,-3.1E0));
#6022=DIRECTION('',(0.E0,-1.E0,0.E0));
#6023=DIRECTION('',(1.E0,0.E0,0.E0));
#6024=AXIS2_PLACEMENT_3D('',#6021,#6022,#6023);
#6025=PLANE('',#6024);
#6027=ORIENTED_EDGE('',*,*,#6026,.F.);
#6029=ORIENTED_EDGE('',*,*,#6028,.F.);
#6031=ORIENTED_EDGE('',*,*,#6030,.F.);
#6033=ORIENTED_EDGE('',*,*,#6032,.F.);
#6035=ORIENTED_EDGE('',*,*,#6034,.F.);
#6037=ORIENTED_EDGE('',*,*,#6036,.F.);
#6039=ORIENTED_EDGE('',*,*,#6038,.F.);
#6041=ORIENTED_EDGE('',*,*,#6040,.F.);
#6042=ORIENTED_EDGE('',*,*,#6004,.F.);
#6044=ORIENTED_EDGE('',*,*,#6043,.F.);
#6046=ORIENTED_EDGE('',*,*,#6045,.F.);
#6048=ORIENTED_EDGE('',*,*,#6047,.F.);
#6050=ORIENTED_EDGE('',*,*,#6049,.F.);
#6052=ORIENTED_EDGE('',*,*,#6051,.F.);
#6054=ORIENTED_EDGE('',*,*,#6053,.F.);
#6056=ORIENTED_EDGE('',*,*,#6055,.F.);
#6058=ORIENTED_EDGE('',*,*,#6057,.F.);
#6060=ORIENTED_EDGE('',*,*,#6059,.F.);
#6062=ORIENTED_EDGE('',*,*,#6061,.F.);
#6064=ORIENTED_EDGE('',*,*,#6063,.F.);
#6066=ORIENTED_EDGE('',*,*,#6065,.F.);
#6068=ORIENTED_EDGE('',*,*,#6067,.F.);
#6070=ORIENTED_EDGE('',*,*,#6069,.F.);
#6072=ORIENTED_EDGE('',*,*,#6071,.F.);
#6073=EDGE_LOOP('',(#6027,#6029,#6031,#6033,#6035,#6037,#6039,#6041,#6042,#6044,
#6046,#6048,#6050,#6052,#6054,#6056,#6058,#6060,#6062,#6064,#6066,#6068,#6070,
#6072));
#6074=FACE_OUTER_BOUND('',#6073,.F.);
#6075=ADVANCED_FACE('',(#6074),#6025,.F.);
#6076=FILL_AREA_STYLE_COLOUR('',#6);
#6077=FILL_AREA_STYLE('',(#6076));
#6078=SURFACE_STYLE_FILL_AREA(#6077);
#6079=SURFACE_SIDE_STYLE('',(#6078));
#6080=SURFACE_STYLE_USAGE(.POSITIVE.,#6079);
#6081=PRESENTATION_STYLE_ASSIGNMENT((#6080));
#6082=STYLED_ITEM('',(#6081),#6075);
#6083=CARTESIAN_POINT('',(-2.694335381148E0,1.986581859298E0,
-2.287801145027E0));
#6084=CARTESIAN_POINT('',(-2.687070421541E0,2.072831350443E0,
-2.312311646685E0));
#6085=CARTESIAN_POINT('',(-2.705147262868E0,2.136441566024E0,
-2.251324046848E0));
#6086=CARTESIAN_POINT('',(-2.729657765650E0,2.110877052933E0,
-2.168630576875E0));
#6087=CARTESIAN_POINT('',(-2.863278343492E0,1.986581859298E0,
-2.337876162436E0));
#6088=CARTESIAN_POINT('',(-2.878062646461E0,2.072831350443E0,
-2.368922107726E0));
#6089=CARTESIAN_POINT('',(-2.841276000234E0,2.136441566024E0,
-2.291672865165E0));
#6090=CARTESIAN_POINT('',(-2.791396755383E0,2.110877052933E0,
-2.186930131605E0));
#6091=CARTESIAN_POINT('',(-2.987876161042E0,1.986581859298E0,
-2.213278346420E0));
#6092=CARTESIAN_POINT('',(-3.018922106149E0,2.072831350443E0,
-2.228062649771E0));
#6093=CARTESIAN_POINT('',(-2.941672864041E0,2.136441566024E0,
-2.191276002593E0));
#6094=CARTESIAN_POINT('',(-2.836930131095E0,2.110877052933E0,
-2.141396756453E0));
#6095=CARTESIAN_POINT('',(-2.937801145712E0,1.986581859298E0,
-2.044335383459E0));
#6096=CARTESIAN_POINT('',(-2.962311647460E0,2.072831350443E0,
-2.037070424154E0));
#6097=CARTESIAN_POINT('',(-2.901324047400E0,2.136441566024E0,
-2.055147264731E0));
#6098=CARTESIAN_POINT('',(-2.818630577125E0,2.110877052933E0,
-2.079657766495E0));
#6099=(BOUNDED_SURFACE()B_SPLINE_SURFACE(3,3,((#6083,#6084,#6085,#6086),(#6087,
#6088,#6089,#6090),(#6091,#6092,#6093,#6094),(#6095,#6096,#6097,#6098)),
.UNSPECIFIED.,.F.,.F.,.F.)B_SPLINE_SURFACE_WITH_KNOTS((4,4),(4,4),(0.E0,1.E0),(
0.E0,1.E0),.UNSPECIFIED.)GEOMETRIC_REPRESENTATION_ITEM()RATIONAL_B_SPLINE_SURFACE(((1.833560120673E0,1.194266823126E0,1.194266823126E0,1.833560120673E0),(
1.194266816314E0,7.778709956674E-1,7.778709956674E-1,1.194266816314E0),(
1.194266816314E0,7.778709956674E-1,7.778709956674E-1,1.194266816314E0),(
1.833560120673E0,1.194266823126E0,1.194266823126E0,1.833560120673E0)))REPRESENTATION_ITEM('')SURFACE());
#6100=ORIENTED_EDGE('',*,*,#6026,.T.);
#6102=ORIENTED_EDGE('',*,*,#6101,.T.);
#6104=ORIENTED_EDGE('',*,*,#6103,.F.);
#6106=ORIENTED_EDGE('',*,*,#6105,.F.);
#6107=EDGE_LOOP('',(#6100,#6102,#6104,#6106));
#6108=FACE_OUTER_BOUND('',#6107,.F.);
#6109=ADVANCED_FACE('',(#6108),#6099,.T.);
#6110=FILL_AREA_STYLE_COLOUR('',#6);
#6111=FILL_AREA_STYLE('',(#6110));
#6112=SURFACE_STYLE_FILL_AREA(#6111);
#6113=SURFACE_SIDE_STYLE('',(#6112));
#6114=SURFACE_STYLE_USAGE(.POSITIVE.,#6113);
#6115=PRESENTATION_STYLE_ASSIGNMENT((#6114));
#6116=STYLED_ITEM('',(#6115),#6109);
#6117=CARTESIAN_POINT('',(-2.85E0,2.015E0,-2.133190183452E0));
#6118=DIRECTION('',(0.E0,0.E0,1.E0));
#6119=DIRECTION('',(0.E0,1.E0,0.E0));
#6120=AXIS2_PLACEMENT_3D('',#6117,#6118,#6119);
#6121=CYLINDRICAL_SURFACE('',#6120,1.E-1);
#6122=ORIENTED_EDGE('',*,*,#6071,.T.);
#6124=ORIENTED_EDGE('',*,*,#6123,.T.);
#6126=ORIENTED_EDGE('',*,*,#6125,.F.);
#6127=ORIENTED_EDGE('',*,*,#6101,.F.);
#6128=EDGE_LOOP('',(#6122,#6124,#6126,#6127));
#6129=FACE_OUTER_BOUND('',#6128,.F.);
#6130=ADVANCED_FACE('',(#6129),#6121,.T.);
#6131=FILL_AREA_STYLE_COLOUR('',#6);
#6132=FILL_AREA_STYLE('',(#6131));
#6133=SURFACE_STYLE_FILL_AREA(#6132);
#6134=SURFACE_SIDE_STYLE('',(#6133));
#6135=SURFACE_STYLE_USAGE(.POSITIVE.,#6134);
#6136=PRESENTATION_STYLE_ASSIGNMENT((#6135));
#6137=STYLED_ITEM('',(#6136),#6130);
#6138=CARTESIAN_POINT('',(-2.937801145027E0,1.986581859298E0,
-1.755664618852E0));
#6139=CARTESIAN_POINT('',(-2.962311646685E0,2.072831350443E0,
-1.762929578459E0));
#6140=CARTESIAN_POINT('',(-2.901324046848E0,2.136441566024E0,
-1.744852737132E0));
#6141=CARTESIAN_POINT('',(-2.818630576875E0,2.110877052933E0,
-1.720342234350E0));
#6142=CARTESIAN_POINT('',(-2.987876162436E0,1.986581859298E0,
-1.586721656508E0));
#6143=CARTESIAN_POINT('',(-3.018922107726E0,2.072831350443E0,
-1.571937353539E0));
#6144=CARTESIAN_POINT('',(-2.941672865165E0,2.136441566024E0,
-1.608723999766E0));
#6145=CARTESIAN_POINT('',(-2.836930131605E0,2.110877052933E0,
-1.658603244617E0));
#6146=CARTESIAN_POINT('',(-2.863278346420E0,1.986581859298E0,
-1.462123838958E0));
#6147=CARTESIAN_POINT('',(-2.878062649771E0,2.072831350443E0,
-1.431077893851E0));
#6148=CARTESIAN_POINT('',(-2.841276002593E0,2.136441566024E0,
-1.508327135959E0));
#6149=CARTESIAN_POINT('',(-2.791396756453E0,2.110877052933E0,
-1.613069868905E0));
#6150=CARTESIAN_POINT('',(-2.694335383459E0,1.986581859298E0,
-1.512198854288E0));
#6151=CARTESIAN_POINT('',(-2.687070424154E0,2.072831350443E0,
-1.487688352540E0));
#6152=CARTESIAN_POINT('',(-2.705147264731E0,2.136441566024E0,
-1.548675952600E0));
#6153=CARTESIAN_POINT('',(-2.729657766495E0,2.110877052933E0,
-1.631369422875E0));
#6154=(BOUNDED_SURFACE()B_SPLINE_SURFACE(3,3,((#6138,#6139,#6140,#6141),(#6142,
#6143,#6144,#6145),(#6146,#6147,#6148,#6149),(#6150,#6151,#6152,#6153)),
.UNSPECIFIED.,.F.,.F.,.F.)B_SPLINE_SURFACE_WITH_KNOTS((4,4),(4,4),(0.E0,1.E0),(
0.E0,1.E0),.UNSPECIFIED.)GEOMETRIC_REPRESENTATION_ITEM()RATIONAL_B_SPLINE_SURFACE(((1.833560120673E0,1.194266823126E0,1.194266823126E0,1.833560120673E0),(
1.194266816314E0,7.778709956674E-1,7.778709956674E-1,1.194266816314E0),(
1.194266816314E0,7.778709956674E-1,7.778709956674E-1,1.194266816314E0),(
1.833560120673E0,1.194266823126E0,1.194266823126E0,1.833560120673E0)))REPRESENTATION_ITEM('')SURFACE());
#6155=ORIENTED_EDGE('',*,*,#6069,.T.);
#6157=ORIENTED_EDGE('',*,*,#6156,.T.);
#6159=ORIENTED_EDGE('',*,*,#6158,.F.);
#6160=ORIENTED_EDGE('',*,*,#6123,.F.);
#6161=EDGE_LOOP('',(#6155,#6157,#6159,#6160));
#6162=FACE_OUTER_BOUND('',#6161,.F.);
#6163=ADVANCED_FACE('',(#6162),#6154,.T.);
#6164=FILL_AREA_STYLE_COLOUR('',#6);
#6165=FILL_AREA_STYLE('',(#6164));
#6166=SURFACE_STYLE_FILL_AREA(#6165);
#6167=SURFACE_SIDE_STYLE('',(#6166));
#6168=SURFACE_STYLE_USAGE(.POSITIVE.,#6167);
#6169=PRESENTATION_STYLE_ASSIGNMENT((#6168));
#6170=STYLED_ITEM('',(#6169),#6163);
#6171=CARTESIAN_POINT('',(-2.783190183452E0,2.015E0,-1.6E0));
#6172=DIRECTION('',(1.E0,0.E0,0.E0));
#6173=DIRECTION('',(0.E0,1.E0,0.E0));
#6174=AXIS2_PLACEMENT_3D('',#6171,#6172,#6173);
#6175=CYLINDRICAL_SURFACE('',#6174,1.E-1);
#6176=ORIENTED_EDGE('',*,*,#6067,.T.);
#6178=ORIENTED_EDGE('',*,*,#6177,.T.);
#6180=ORIENTED_EDGE('',*,*,#6179,.F.);
#6181=ORIENTED_EDGE('',*,*,#6156,.F.);
#6182=EDGE_LOOP('',(#6176,#6178,#6180,#6181));
#6183=FACE_OUTER_BOUND('',#6182,.F.);
#6184=ADVANCED_FACE('',(#6183),#6175,.T.);
#6185=FILL_AREA_STYLE_COLOUR('',#6);
#6186=FILL_AREA_STYLE('',(#6185));
#6187=SURFACE_STYLE_FILL_AREA(#6186);
#6188=SURFACE_SIDE_STYLE('',(#6187));
#6189=SURFACE_STYLE_USAGE(.POSITIVE.,#6188);
#6190=PRESENTATION_STYLE_ASSIGNMENT((#6189));
#6191=STYLED_ITEM('',(#6190),#6184);
#6192=CARTESIAN_POINT('',(-1.7E0,2.015E0,-1.3E0));
#6193=DIRECTION('',(0.E0,-1.E0,0.E0));
#6194=DIRECTION('',(-1.165555994876E-1,0.E0,-9.931841683334E-1));
#6195=AXIS2_PLACEMENT_3D('',#6192,#6193,#6194);
#6196=TOROIDAL_SURFACE('',#6195,3.E-1,1.E-1);
#6197=ORIENTED_EDGE('',*,*,#6065,.T.);
#6199=ORIENTED_EDGE('',*,*,#6198,.T.);
#6201=ORIENTED_EDGE('',*,*,#6200,.F.);
#6202=ORIENTED_EDGE('',*,*,#6177,.F.);
#6203=EDGE_LOOP('',(#6197,#6199,#6201,#6202));
#6204=FACE_OUTER_BOUND('',#6203,.F.);
#6205=ADVANCED_FACE('',(#6204),#6196,.T.);
#6206=FILL_AREA_STYLE_COLOUR('',#6);
#6207=FILL_AREA_STYLE('',(#6206));
#6208=SURFACE_STYLE_FILL_AREA(#6207);
#6209=SURFACE_SIDE_STYLE('',(#6208));
#6210=SURFACE_STYLE_USAGE(.POSITIVE.,#6209);
#6211=PRESENTATION_STYLE_ASSIGNMENT((#6210));
#6212=STYLED_ITEM('',(#6211),#6205);
#6213=CARTESIAN_POINT('',(-1.4E0,2.015E0,-1.333190183452E0));
#6214=DIRECTION('',(0.E0,0.E0,1.E0));
#6215=DIRECTION('',(0.E0,1.E0,0.E0));
#6216=AXIS2_PLACEMENT_3D('',#6213,#6214,#6215);
#6217=CYLINDRICAL_SURFACE('',#6216,1.E-1);
#6218=ORIENTED_EDGE('',*,*,#6063,.T.);
#6220=ORIENTED_EDGE('',*,*,#6219,.T.);
#6222=ORIENTED_EDGE('',*,*,#6221,.F.);
#6223=ORIENTED_EDGE('',*,*,#6198,.F.);
#6224=EDGE_LOOP('',(#6218,#6220,#6222,#6223));
#6225=FACE_OUTER_BOUND('',#6224,.F.);
#6226=ADVANCED_FACE('',(#6225),#6217,.T.);
#6227=FILL_AREA_STYLE_COLOUR('',#6);
#6228=FILL_AREA_STYLE('',(#6227));
#6229=SURFACE_STYLE_FILL_AREA(#6228);
#6230=SURFACE_SIDE_STYLE('',(#6229));
#6231=SURFACE_STYLE_USAGE(.POSITIVE.,#6230);
#6232=PRESENTATION_STYLE_ASSIGNMENT((#6231));
#6233=STYLED_ITEM('',(#6232),#6226);
#6234=CARTESIAN_POINT('',(-1.7E0,2.015E0,1.1E0));
#6235=DIRECTION('',(0.E0,-1.E0,0.E0));
#6236=DIRECTION('',(9.931841683334E-1,0.E0,-1.165555994876E-1));
#6237=AXIS2_PLACEMENT_3D('',#6234,#6235,#6236);
#6238=TOROIDAL_SURFACE('',#6237,3.E-1,1.E-1);
#6239=ORIENTED_EDGE('',*,*,#6061,.T.);
#6241=ORIENTED_EDGE('',*,*,#6240,.T.);
#6243=ORIENTED_EDGE('',*,*,#6242,.F.);
#6244=ORIENTED_EDGE('',*,*,#6219,.F.);
#6245=EDGE_LOOP('',(#6239,#6241,#6243,#6244));
#6246=FACE_OUTER_BOUND('',#6245,.F.);
#6247=ADVANCED_FACE('',(#6246),#6238,.T.);
#6248=FILL_AREA_STYLE_COLOUR('',#6);
#6249=FILL_AREA_STYLE('',(#6248));
#6250=SURFACE_STYLE_FILL_AREA(#6249);
#6251=SURFACE_SIDE_STYLE('',(#6250));
#6252=SURFACE_STYLE_USAGE(.POSITIVE.,#6251);
#6253=PRESENTATION_STYLE_ASSIGNMENT((#6252));
#6254=STYLED_ITEM('',(#6253),#6247);
#6255=CARTESIAN_POINT('',(-1.666809816548E0,2.015E0,1.4E0));
#6256=DIRECTION('',(-1.E0,0.E0,0.E0));
#6257=DIRECTION('',(0.E0,1.E0,0.E0));
#6258=AXIS2_PLACEMENT_3D('',#6255,#6256,#6257);
#6259=CYLINDRICAL_SURFACE('',#6258,1.E-1);
#6260=ORIENTED_EDGE('',*,*,#6059,.T.);
#6262=ORIENTED_EDGE('',*,*,#6261,.T.);
#6264=ORIENTED_EDGE('',*,*,#6263,.F.);
#6265=ORIENTED_EDGE('',*,*,#6240,.F.);
#6266=EDGE_LOOP('',(#6260,#6262,#6264,#6265));
#6267=FACE_OUTER_BOUND('',#6266,.F.);
#6268=ADVANCED_FACE('',(#6267),#6259,.T.);
#6269=FILL_AREA_STYLE_COLOUR('',#6);
#6270=FILL_AREA_STYLE('',(#6269));
#6271=SURFACE_STYLE_FILL_AREA(#6270);
#6272=SURFACE_SIDE_STYLE('',(#6271));
#6273=SURFACE_STYLE_USAGE(.POSITIVE.,#6272);
#6274=PRESENTATION_STYLE_ASSIGNMENT((#6273));
#6275=STYLED_ITEM('',(#6274),#6268);
#6276=CARTESIAN_POINT('',(-2.75E0,2.015E0,1.5E0));
#6277=DIRECTION('',(0.E0,1.E0,0.E0));
#6278=DIRECTION('',(1.165555994876E-1,0.E0,-9.931841683334E-1));
#6279=AXIS2_PLACEMENT_3D('',#6276,#6277,#6278);
#6280=TOROIDAL_SURFACE('',#6279,1.E-1,1.E-1);
#6281=ORIENTED_EDGE('',*,*,#6057,.T.);
#6283=ORIENTED_EDGE('',*,*,#6282,.T.);
#6285=ORIENTED_EDGE('',*,*,#6284,.F.);
#6286=ORIENTED_EDGE('',*,*,#6261,.F.);
#6287=EDGE_LOOP('',(#6281,#6283,#6285,#6286));
#6288=FACE_OUTER_BOUND('',#6287,.F.);
#6289=ADVANCED_FACE('',(#6288),#6280,.T.);
#6290=FILL_AREA_STYLE_COLOUR('',#6);
#6291=FILL_AREA_STYLE('',(#6290));
#6292=SURFACE_STYLE_FILL_AREA(#6291);
#6293=SURFACE_SIDE_STYLE('',(#6292));
#6294=SURFACE_STYLE_USAGE(.POSITIVE.,#6293);
#6295=PRESENTATION_STYLE_ASSIGNMENT((#6294));
#6296=STYLED_ITEM('',(#6295),#6289);
#6297=CARTESIAN_POINT('',(-2.85E0,2.015E0,1.466809816548E0));
#6298=DIRECTION('',(0.E0,0.E0,1.E0));
#6299=DIRECTION('',(0.E0,1.E0,0.E0));
#6300=AXIS2_PLACEMENT_3D('',#6297,#6298,#6299);
#6301=CYLINDRICAL_SURFACE('',#6300,1.E-1);
#6302=ORIENTED_EDGE('',*,*,#6055,.T.);
#6304=ORIENTED_EDGE('',*,*,#6303,.T.);
#6306=ORIENTED_EDGE('',*,*,#6305,.F.);
#6307=ORIENTED_EDGE('',*,*,#6282,.F.);
#6308=EDGE_LOOP('',(#6302,#6304,#6306,#6307));
#6309=FACE_OUTER_BOUND('',#6308,.F.);
#6310=ADVANCED_FACE('',(#6309),#6301,.T.);
#6311=FILL_AREA_STYLE_COLOUR('',#6);
#6312=FILL_AREA_STYLE('',(#6311));
#6313=SURFACE_STYLE_FILL_AREA(#6312);
#6314=SURFACE_SIDE_STYLE('',(#6313));
#6315=SURFACE_STYLE_USAGE(.POSITIVE.,#6314);
#6316=PRESENTATION_STYLE_ASSIGNMENT((#6315));
#6317=STYLED_ITEM('',(#6316),#6310);
#6318=CARTESIAN_POINT('',(-2.937801145027E0,1.986581859298E0,1.844335381148E0));
#6319=CARTESIAN_POINT('',(-2.962311646685E0,2.072831350443E0,1.837070421541E0));
#6320=CARTESIAN_POINT('',(-2.901324046848E0,2.136441566024E0,1.855147262868E0));
#6321=CARTESIAN_POINT('',(-2.818630576875E0,2.110877052933E0,1.879657765650E0));
#6322=CARTESIAN_POINT('',(-2.987876162436E0,1.986581859298E0,2.013278343492E0));
#6323=CARTESIAN_POINT('',(-3.018922107726E0,2.072831350443E0,2.028062646461E0));
#6324=CARTESIAN_POINT('',(-2.941672865165E0,2.136441566024E0,1.991276000234E0));
#6325=CARTESIAN_POINT('',(-2.836930131605E0,2.110877052933E0,1.941396755383E0));
#6326=CARTESIAN_POINT('',(-2.863278346420E0,1.986581859298E0,2.137876161042E0));
#6327=CARTESIAN_POINT('',(-2.878062649771E0,2.072831350443E0,2.168922106149E0));
#6328=CARTESIAN_POINT('',(-2.841276002593E0,2.136441566024E0,2.091672864041E0));
#6329=CARTESIAN_POINT('',(-2.791396756453E0,2.110877052933E0,1.986930131095E0));
#6330=CARTESIAN_POINT('',(-2.694335383459E0,1.986581859298E0,2.087801145712E0));
#6331=CARTESIAN_POINT('',(-2.687070424154E0,2.072831350443E0,2.112311647460E0));
#6332=CARTESIAN_POINT('',(-2.705147264731E0,2.136441566024E0,2.051324047400E0));
#6333=CARTESIAN_POINT('',(-2.729657766495E0,2.110877052933E0,1.968630577125E0));
#6334=(BOUNDED_SURFACE()B_SPLINE_SURFACE(3,3,((#6318,#6319,#6320,#6321),(#6322,
#6323,#6324,#6325),(#6326,#6327,#6328,#6329),(#6330,#6331,#6332,#6333)),
.UNSPECIFIED.,.F.,.F.,.F.)B_SPLINE_SURFACE_WITH_KNOTS((4,4),(4,4),(0.E0,1.E0),(
0.E0,1.E0),.UNSPECIFIED.)GEOMETRIC_REPRESENTATION_ITEM()RATIONAL_B_SPLINE_SURFACE(((1.833560120673E0,1.194266823126E0,1.194266823126E0,1.833560120673E0),(
1.194266816314E0,7.778709956674E-1,7.778709956674E-1,1.194266816314E0),(
1.194266816314E0,7.778709956674E-1,7.778709956674E-1,1.194266816314E0),(
1.833560120673E0,1.194266823126E0,1.194266823126E0,1.833560120673E0)))REPRESENTATION_ITEM('')SURFACE());
#6335=ORIENTED_EDGE('',*,*,#6053,.T.);
#6337=ORIENTED_EDGE('',*,*,#6336,.T.);
#6339=ORIENTED_EDGE('',*,*,#6338,.F.);
#6340=ORIENTED_EDGE('',*,*,#6303,.F.);
#6341=EDGE_LOOP('',(#6335,#6337,#6339,#6340));
#6342=FACE_OUTER_BOUND('',#6341,.F.);
#6343=ADVANCED_FACE('',(#6342),#6334,.T.);
#6344=FILL_AREA_STYLE_COLOUR('',#6);
#6345=FILL_AREA_STYLE('',(#6344));
#6346=SURFACE_STYLE_FILL_AREA(#6345);
#6347=SURFACE_SIDE_STYLE('',(#6346));
#6348=SURFACE_STYLE_USAGE(.POSITIVE.,#6347);
#6349=PRESENTATION_STYLE_ASSIGNMENT((#6348));
#6350=STYLED_ITEM('',(#6349),#6343);
#6351=CARTESIAN_POINT('',(-2.783190183452E0,2.015E0,2.E0));
#6352=DIRECTION('',(1.E0,0.E0,0.E0));
#6353=DIRECTION('',(0.E0,1.E0,0.E0));
#6354=AXIS2_PLACEMENT_3D('',#6351,#6352,#6353);
#6355=CYLINDRICAL_SURFACE('',#6354,1.E-1);
#6356=ORIENTED_EDGE('',*,*,#6051,.T.);
#6358=ORIENTED_EDGE('',*,*,#6357,.T.);
#6360=ORIENTED_EDGE('',*,*,#6359,.F.);
#6361=ORIENTED_EDGE('',*,*,#6336,.F.);
#6362=EDGE_LOOP('',(#6356,#6358,#6360,#6361));
#6363=FACE_OUTER_BOUND('',#6362,.F.);
#6364=ADVANCED_FACE('',(#6363),#6355,.T.);
#6365=FILL_AREA_STYLE_COLOUR('',#6);
#6366=FILL_AREA_STYLE('',(#6365));
#6367=SURFACE_STYLE_FILL_AREA(#6366);
#6368=SURFACE_SIDE_STYLE('',(#6367));
#6369=SURFACE_STYLE_USAGE(.POSITIVE.,#6368);
#6370=PRESENTATION_STYLE_ASSIGNMENT((#6369));
#6371=STYLED_ITEM('',(#6370),#6364);
#6372=CARTESIAN_POINT('',(-1.7E0,2.015E0,2.3E0));
#6373=DIRECTION('',(0.E0,-1.E0,0.E0));
#6374=DIRECTION('',(-1.165555994876E-1,0.E0,-9.931841683334E-1));
#6375=AXIS2_PLACEMENT_3D('',#6372,#6373,#6374);
#6376=TOROIDAL_SURFACE('',#6375,3.E-1,1.E-1);
#6377=ORIENTED_EDGE('',*,*,#6049,.T.);
#6379=ORIENTED_EDGE('',*,*,#6378,.T.);
#6381=ORIENTED_EDGE('',*,*,#6380,.F.);
#6382=ORIENTED_EDGE('',*,*,#6357,.F.);
#6383=EDGE_LOOP('',(#6377,#6379,#6381,#6382));
#6384=FACE_OUTER_BOUND('',#6383,.F.);
#6385=ADVANCED_FACE('',(#6384),#6376,.T.);
#6386=FILL_AREA_STYLE_COLOUR('',#6);
#6387=FILL_AREA_STYLE('',(#6386));
#6388=SURFACE_STYLE_FILL_AREA(#6387);
#6389=SURFACE_SIDE_STYLE('',(#6388));
#6390=SURFACE_STYLE_USAGE(.POSITIVE.,#6389);
#6391=PRESENTATION_STYLE_ASSIGNMENT((#6390));
#6392=STYLED_ITEM('',(#6391),#6385);
#6393=CARTESIAN_POINT('',(-1.4E0,2.015E0,2.266809816548E0));
#6394=DIRECTION('',(0.E0,0.E0,1.E0));
#6395=DIRECTION('',(0.E0,1.E0,0.E0));
#6396=AXIS2_PLACEMENT_3D('',#6393,#6394,#6395);
#6397=CYLINDRICAL_SURFACE('',#6396,1.E-1);
#6398=ORIENTED_EDGE('',*,*,#6047,.T.);
#6400=ORIENTED_EDGE('',*,*,#6399,.T.);
#6402=ORIENTED_EDGE('',*,*,#6401,.F.);
#6403=ORIENTED_EDGE('',*,*,#6378,.F.);
#6404=EDGE_LOOP('',(#6398,#6400,#6402,#6403));
#6405=FACE_OUTER_BOUND('',#6404,.F.);
#6406=ADVANCED_FACE('',(#6405),#6397,.T.);
#6407=FILL_AREA_STYLE_COLOUR('',#6);
#6408=FILL_AREA_STYLE('',(#6407));
#6409=SURFACE_STYLE_FILL_AREA(#6408);
#6410=SURFACE_SIDE_STYLE('',(#6409));
#6411=SURFACE_STYLE_USAGE(.POSITIVE.,#6410);
#6412=PRESENTATION_STYLE_ASSIGNMENT((#6411));
#6413=STYLED_ITEM('',(#6412),#6406);
#6414=CARTESIAN_POINT('',(-1.3E0,2.015E0,2.6E0));
#6415=DIRECTION('',(0.E0,1.E0,0.E0));
#6416=DIRECTION('',(-9.931841683334E-1,0.E0,-1.165555994876E-1));
#6417=AXIS2_PLACEMENT_3D('',#6414,#6415,#6416);
#6418=TOROIDAL_SURFACE('',#6417,1.E-1,1.E-1);
#6419=ORIENTED_EDGE('',*,*,#6045,.T.);
#6421=ORIENTED_EDGE('',*,*,#6420,.T.);
#6423=ORIENTED_EDGE('',*,*,#6422,.F.);
#6424=ORIENTED_EDGE('',*,*,#6399,.F.);
#6425=EDGE_LOOP('',(#6419,#6421,#6423,#6424));
#6426=FACE_OUTER_BOUND('',#6425,.F.);
#6427=ADVANCED_FACE('',(#6426),#6418,.T.);
#6428=FILL_AREA_STYLE_COLOUR('',#6);
#6429=FILL_AREA_STYLE('',(#6428));
#6430=SURFACE_STYLE_FILL_AREA(#6429);
#6431=SURFACE_SIDE_STYLE('',(#6430));
#6432=SURFACE_STYLE_USAGE(.POSITIVE.,#6431);
#6433=PRESENTATION_STYLE_ASSIGNMENT((#6432));
#6434=STYLED_ITEM('',(#6433),#6427);
#6435=CARTESIAN_POINT('',(-1.333190183452E0,2.015E0,2.7E0));
#6436=DIRECTION('',(1.E0,0.E0,0.E0));
#6437=DIRECTION('',(0.E0,1.E0,0.E0));
#6438=AXIS2_PLACEMENT_3D('',#6435,#6436,#6437);
#6439=CYLINDRICAL_SURFACE('',#6438,1.E-1);
#6440=ORIENTED_EDGE('',*,*,#6043,.T.);
#6441=ORIENTED_EDGE('',*,*,#6009,.T.);
#6443=ORIENTED_EDGE('',*,*,#6442,.F.);
#6444=ORIENTED_EDGE('',*,*,#6420,.F.);
#6445=EDGE_LOOP('',(#6440,#6441,#6443,#6444));
#6446=FACE_OUTER_BOUND('',#6445,.F.);
#6447=ADVANCED_FACE('',(#6446),#6439,.T.);
#6448=FILL_AREA_STYLE_COLOUR('',#6);
#6449=FILL_AREA_STYLE('',(#6448));
#6450=SURFACE_STYLE_FILL_AREA(#6449);
#6451=SURFACE_SIDE_STYLE('',(#6450));
#6452=SURFACE_STYLE_USAGE(.POSITIVE.,#6451);
#6453=PRESENTATION_STYLE_ASSIGNMENT((#6452));
#6454=STYLED_ITEM('',(#6453),#6447);
#6455=CARTESIAN_POINT('',(-9.E-1,1.615E0,2.8E0));
#6456=DIRECTION('',(0.E0,0.E0,-1.E0));
#6457=DIRECTION('',(-1.E0,0.E0,0.E0));
#6458=AXIS2_PLACEMENT_3D('',#6455,#6456,#6457);
#6459=PLANE('',#6458);
#6460=ORIENTED_EDGE('',*,*,#6442,.T.);
#6461=ORIENTED_EDGE('',*,*,#5975,.F.);
#6462=ORIENTED_EDGE('',*,*,#4937,.T.);
#6464=ORIENTED_EDGE('',*,*,#6463,.T.);
#6465=EDGE_LOOP('',(#6460,#6461,#6462,#6464));
#6466=FACE_OUTER_BOUND('',#6465,.F.);
#6467=ADVANCED_FACE('',(#6466),#6459,.F.);
#6468=FILL_AREA_STYLE_COLOUR('',#6);
#6469=FILL_AREA_STYLE('',(#6468));
#6470=SURFACE_STYLE_FILL_AREA(#6469);
#6471=SURFACE_SIDE_STYLE('',(#6470));
#6472=SURFACE_STYLE_USAGE(.POSITIVE.,#6471);
#6473=PRESENTATION_STYLE_ASSIGNMENT((#6472));
#6474=STYLED_ITEM('',(#6473),#6467);
#6475=CARTESIAN_POINT('',(-1.3E0,-1.134502E1,2.6E0));
#6476=DIRECTION('',(0.E0,1.E0,0.E0));
#6477=DIRECTION('',(-1.E0,0.E0,0.E0));
#6478=AXIS2_PLACEMENT_3D('',#6475,#6476,#6477);
#6479=CYLINDRICAL_SURFACE('',#6478,2.E-1);
#6480=ORIENTED_EDGE('',*,*,#6422,.T.);
#6481=ORIENTED_EDGE('',*,*,#6463,.F.);
#6482=ORIENTED_EDGE('',*,*,#4935,.T.);
#6484=ORIENTED_EDGE('',*,*,#6483,.T.);
#6485=EDGE_LOOP('',(#6480,#6481,#6482,#6484));
#6486=FACE_OUTER_BOUND('',#6485,.F.);
#6487=ADVANCED_FACE('',(#6486),#6479,.T.);
#6488=FILL_AREA_STYLE_COLOUR('',#6);
#6489=FILL_AREA_STYLE('',(#6488));
#6490=SURFACE_STYLE_FILL_AREA(#6489);
#6491=SURFACE_SIDE_STYLE('',(#6490));
#6492=SURFACE_STYLE_USAGE(.POSITIVE.,#6491);
#6493=PRESENTATION_STYLE_ASSIGNMENT((#6492));
#6494=STYLED_ITEM('',(#6493),#6487);
#6495=CARTESIAN_POINT('',(-1.5E0,1.615E0,2.8E0));
#6496=DIRECTION('',(1.E0,0.E0,0.E0));
#6497=DIRECTION('',(0.E0,0.E0,-1.E0));
#6498=AXIS2_PLACEMENT_3D('',#6495,#6496,#6497);
#6499=PLANE('',#6498);
#6500=ORIENTED_EDGE('',*,*,#6401,.T.);
#6501=ORIENTED_EDGE('',*,*,#6483,.F.);
#6502=ORIENTED_EDGE('',*,*,#4933,.T.);
#6504=ORIENTED_EDGE('',*,*,#6503,.F.);
#6505=EDGE_LOOP('',(#6500,#6501,#6502,#6504));
#6506=FACE_OUTER_BOUND('',#6505,.F.);
#6507=ADVANCED_FACE('',(#6506),#6499,.F.);
#6508=FILL_AREA_STYLE_COLOUR('',#6);
#6509=FILL_AREA_STYLE('',(#6508));
#6510=SURFACE_STYLE_FILL_AREA(#6509);
#6511=SURFACE_SIDE_STYLE('',(#6510));
#6512=SURFACE_STYLE_USAGE(.POSITIVE.,#6511);
#6513=PRESENTATION_STYLE_ASSIGNMENT((#6512));
#6514=STYLED_ITEM('',(#6513),#6507);
#6515=CARTESIAN_POINT('',(-1.7E0,1.372502E1,2.3E0));
#6516=DIRECTION('',(0.E0,-1.E0,0.E0));
#6517=DIRECTION('',(0.E0,0.E0,-1.E0));
#6518=AXIS2_PLACEMENT_3D('',#6515,#6516,#6517);
#6519=CYLINDRICAL_SURFACE('',#6518,2.E-1);
#6520=ORIENTED_EDGE('',*,*,#6380,.T.);
#6521=ORIENTED_EDGE('',*,*,#6503,.T.);
#6522=ORIENTED_EDGE('',*,*,#4931,.T.);
#6524=ORIENTED_EDGE('',*,*,#6523,.F.);
#6525=EDGE_LOOP('',(#6520,#6521,#6522,#6524));
#6526=FACE_OUTER_BOUND('',#6525,.F.);
#6527=ADVANCED_FACE('',(#6526),#6519,.F.);
#6528=FILL_AREA_STYLE_COLOUR('',#6);
#6529=FILL_AREA_STYLE('',(#6528));
#6530=SURFACE_STYLE_FILL_AREA(#6529);
#6531=SURFACE_SIDE_STYLE('',(#6530));
#6532=SURFACE_STYLE_USAGE(.POSITIVE.,#6531);
#6533=PRESENTATION_STYLE_ASSIGNMENT((#6532));
#6534=STYLED_ITEM('',(#6533),#6527);
#6535=CARTESIAN_POINT('',(-1.5E0,1.615E0,2.1E0));
#6536=DIRECTION('',(0.E0,0.E0,-1.E0));
#6537=DIRECTION('',(-1.E0,0.E0,0.E0));
#6538=AXIS2_PLACEMENT_3D('',#6535,#6536,#6537);
#6539=PLANE('',#6538);
#6540=ORIENTED_EDGE('',*,*,#6359,.T.);
#6541=ORIENTED_EDGE('',*,*,#6523,.T.);
#6542=ORIENTED_EDGE('',*,*,#4929,.T.);
#6544=ORIENTED_EDGE('',*,*,#6543,.T.);
#6545=EDGE_LOOP('',(#6540,#6541,#6542,#6544));
#6546=FACE_OUTER_BOUND('',#6545,.F.);
#6547=ADVANCED_FACE('',(#6546),#6539,.F.);
#6548=FILL_AREA_STYLE_COLOUR('',#6);
#6549=FILL_AREA_STYLE('',(#6548));
#6550=SURFACE_STYLE_FILL_AREA(#6549);
#6551=SURFACE_SIDE_STYLE('',(#6550));
#6552=SURFACE_STYLE_USAGE(.POSITIVE.,#6551);
#6553=PRESENTATION_STYLE_ASSIGNMENT((#6552));
#6554=STYLED_ITEM('',(#6553),#6547);
#6555=CARTESIAN_POINT('',(-2.75E0,-1.134502E1,1.9E0));
#6556=DIRECTION('',(0.E0,1.E0,0.E0));
#6557=DIRECTION('',(-1.E0,0.E0,0.E0));
#6558=AXIS2_PLACEMENT_3D('',#6555,#6556,#6557);
#6559=CYLINDRICAL_SURFACE('',#6558,2.E-1);
#6560=ORIENTED_EDGE('',*,*,#6338,.T.);
#6561=ORIENTED_EDGE('',*,*,#6543,.F.);
#6562=ORIENTED_EDGE('',*,*,#4927,.T.);
#6564=ORIENTED_EDGE('',*,*,#6563,.T.);
#6565=EDGE_LOOP('',(#6560,#6561,#6562,#6564));
#6566=FACE_OUTER_BOUND('',#6565,.F.);
#6567=ADVANCED_FACE('',(#6566),#6559,.T.);
#6568=FILL_AREA_STYLE_COLOUR('',#6);
#6569=FILL_AREA_STYLE('',(#6568));
#6570=SURFACE_STYLE_FILL_AREA(#6569);
#6571=SURFACE_SIDE_STYLE('',(#6570));
#6572=SURFACE_STYLE_USAGE(.POSITIVE.,#6571);
#6573=PRESENTATION_STYLE_ASSIGNMENT((#6572));
#6574=STYLED_ITEM('',(#6573),#6567);
#6575=CARTESIAN_POINT('',(-2.95E0,1.615E0,2.1E0));
#6576=DIRECTION('',(1.E0,0.E0,0.E0));
#6577=DIRECTION('',(0.E0,0.E0,-1.E0));
#6578=AXIS2_PLACEMENT_3D('',#6575,#6576,#6577);
#6579=PLANE('',#6578);
#6580=ORIENTED_EDGE('',*,*,#6305,.T.);
#6581=ORIENTED_EDGE('',*,*,#6563,.F.);
#6582=ORIENTED_EDGE('',*,*,#4925,.T.);
#6584=ORIENTED_EDGE('',*,*,#6583,.T.);
#6585=EDGE_LOOP('',(#6580,#6581,#6582,#6584));
#6586=FACE_OUTER_BOUND('',#6585,.F.);
#6587=ADVANCED_FACE('',(#6586),#6579,.F.);
#6588=FILL_AREA_STYLE_COLOUR('',#6);
#6589=FILL_AREA_STYLE('',(#6588));
#6590=SURFACE_STYLE_FILL_AREA(#6589);
#6591=SURFACE_SIDE_STYLE('',(#6590));
#6592=SURFACE_STYLE_USAGE(.POSITIVE.,#6591);
#6593=PRESENTATION_STYLE_ASSIGNMENT((#6592));
#6594=STYLED_ITEM('',(#6593),#6587);
#6595=CARTESIAN_POINT('',(-2.75E0,-1.134502E1,1.5E0));
#6596=DIRECTION('',(0.E0,1.E0,0.E0));
#6597=DIRECTION('',(0.E0,0.E0,-1.E0));
#6598=AXIS2_PLACEMENT_3D('',#6595,#6596,#6597);
#6599=CYLINDRICAL_SURFACE('',#6598,2.E-1);
#6600=ORIENTED_EDGE('',*,*,#6284,.T.);
#6601=ORIENTED_EDGE('',*,*,#6583,.F.);
#6602=ORIENTED_EDGE('',*,*,#4923,.T.);
#6604=ORIENTED_EDGE('',*,*,#6603,.T.);
#6605=EDGE_LOOP('',(#6600,#6601,#6602,#6604));
#6606=FACE_OUTER_BOUND('',#6605,.F.);
#6607=ADVANCED_FACE('',(#6606),#6599,.T.);
#6608=FILL_AREA_STYLE_COLOUR('',#6);
#6609=FILL_AREA_STYLE('',(#6608));
#6610=SURFACE_STYLE_FILL_AREA(#6609);
#6611=SURFACE_SIDE_STYLE('',(#6610));
#6612=SURFACE_STYLE_USAGE(.POSITIVE.,#6611);
#6613=PRESENTATION_STYLE_ASSIGNMENT((#6612));
#6614=STYLED_ITEM('',(#6613),#6607);
#6615=CARTESIAN_POINT('',(-2.95E0,1.615E0,1.3E0));
#6616=DIRECTION('',(0.E0,0.E0,1.E0));
#6617=DIRECTION('',(1.E0,0.E0,0.E0));
#6618=AXIS2_PLACEMENT_3D('',#6615,#6616,#6617);
#6619=PLANE('',#6618);
#6620=ORIENTED_EDGE('',*,*,#6263,.T.);
#6621=ORIENTED_EDGE('',*,*,#6603,.F.);
#6622=ORIENTED_EDGE('',*,*,#4921,.T.);
#6624=ORIENTED_EDGE('',*,*,#6623,.F.);
#6625=EDGE_LOOP('',(#6620,#6621,#6622,#6624));
#6626=FACE_OUTER_BOUND('',#6625,.F.);
#6627=ADVANCED_FACE('',(#6626),#6619,.F.);
#6628=FILL_AREA_STYLE_COLOUR('',#6);
#6629=FILL_AREA_STYLE('',(#6628));
#6630=SURFACE_STYLE_FILL_AREA(#6629);
#6631=SURFACE_SIDE_STYLE('',(#6630));
#6632=SURFACE_STYLE_USAGE(.POSITIVE.,#6631);
#6633=PRESENTATION_STYLE_ASSIGNMENT((#6632));
#6634=STYLED_ITEM('',(#6633),#6627);
#6635=CARTESIAN_POINT('',(-1.7E0,1.372502E1,1.1E0));
#6636=DIRECTION('',(0.E0,-1.E0,0.E0));
#6637=DIRECTION('',(1.E0,0.E0,0.E0));
#6638=AXIS2_PLACEMENT_3D('',#6635,#6636,#6637);
#6639=CYLINDRICAL_SURFACE('',#6638,2.E-1);
#6640=ORIENTED_EDGE('',*,*,#6242,.T.);
#6641=ORIENTED_EDGE('',*,*,#6623,.T.);
#6642=ORIENTED_EDGE('',*,*,#4919,.T.);
#6644=ORIENTED_EDGE('',*,*,#6643,.F.);
#6645=EDGE_LOOP('',(#6640,#6641,#6642,#6644));
#6646=FACE_OUTER_BOUND('',#6645,.F.);
#6647=ADVANCED_FACE('',(#6646),#6639,.F.);
#6648=FILL_AREA_STYLE_COLOUR('',#6);
#6649=FILL_AREA_STYLE('',(#6648));
#6650=SURFACE_STYLE_FILL_AREA(#6649);
#6651=SURFACE_SIDE_STYLE('',(#6650));
#6652=SURFACE_STYLE_USAGE(.POSITIVE.,#6651);
#6653=PRESENTATION_STYLE_ASSIGNMENT((#6652));
#6654=STYLED_ITEM('',(#6653),#6647);
#6655=CARTESIAN_POINT('',(-1.5E0,1.615E0,1.3E0));
#6656=DIRECTION('',(1.E0,0.E0,0.E0));
#6657=DIRECTION('',(0.E0,0.E0,-1.E0));
#6658=AXIS2_PLACEMENT_3D('',#6655,#6656,#6657);
#6659=PLANE('',#6658);
#6660=ORIENTED_EDGE('',*,*,#6221,.T.);
#6661=ORIENTED_EDGE('',*,*,#6643,.T.);
#6662=ORIENTED_EDGE('',*,*,#4917,.T.);
#6664=ORIENTED_EDGE('',*,*,#6663,.F.);
#6665=EDGE_LOOP('',(#6660,#6661,#6662,#6664));
#6666=FACE_OUTER_BOUND('',#6665,.F.);
#6667=ADVANCED_FACE('',(#6666),#6659,.F.);
#6668=FILL_AREA_STYLE_COLOUR('',#6);
#6669=FILL_AREA_STYLE('',(#6668));
#6670=SURFACE_STYLE_FILL_AREA(#6669);
#6671=SURFACE_SIDE_STYLE('',(#6670));
#6672=SURFACE_STYLE_USAGE(.POSITIVE.,#6671);
#6673=PRESENTATION_STYLE_ASSIGNMENT((#6672));
#6674=STYLED_ITEM('',(#6673),#6667);
#6675=CARTESIAN_POINT('',(-1.7E0,1.372502E1,-1.3E0));
#6676=DIRECTION('',(0.E0,-1.E0,0.E0));
#6677=DIRECTION('',(0.E0,0.E0,-1.E0));
#6678=AXIS2_PLACEMENT_3D('',#6675,#6676,#6677);
#6679=CYLINDRICAL_SURFACE('',#6678,2.E-1);
#6680=ORIENTED_EDGE('',*,*,#6200,.T.);
#6681=ORIENTED_EDGE('',*,*,#6663,.T.);
#6682=ORIENTED_EDGE('',*,*,#4915,.T.);
#6684=ORIENTED_EDGE('',*,*,#6683,.F.);
#6685=EDGE_LOOP('',(#6680,#6681,#6682,#6684));
#6686=FACE_OUTER_BOUND('',#6685,.F.);
#6687=ADVANCED_FACE('',(#6686),#6679,.F.);
#6688=FILL_AREA_STYLE_COLOUR('',#6);
#6689=FILL_AREA_STYLE('',(#6688));
#6690=SURFACE_STYLE_FILL_AREA(#6689);
#6691=SURFACE_SIDE_STYLE('',(#6690));
#6692=SURFACE_STYLE_USAGE(.POSITIVE.,#6691);
#6693=PRESENTATION_STYLE_ASSIGNMENT((#6692));
#6694=STYLED_ITEM('',(#6693),#6687);
#6695=CARTESIAN_POINT('',(-1.5E0,1.615E0,-1.5E0));
#6696=DIRECTION('',(0.E0,0.E0,-1.E0));
#6697=DIRECTION('',(-1.E0,0.E0,0.E0));
#6698=AXIS2_PLACEMENT_3D('',#6695,#6696,#6697);
#6699=PLANE('',#6698);
#6700=ORIENTED_EDGE('',*,*,#6179,.T.);
#6701=ORIENTED_EDGE('',*,*,#6683,.T.);
#6702=ORIENTED_EDGE('',*,*,#4913,.T.);
#6704=ORIENTED_EDGE('',*,*,#6703,.T.);
#6705=EDGE_LOOP('',(#6700,#6701,#6702,#6704));
#6706=FACE_OUTER_BOUND('',#6705,.F.);
#6707=ADVANCED_FACE('',(#6706),#6699,.F.);
#6708=FILL_AREA_STYLE_COLOUR('',#6);
#6709=FILL_AREA_STYLE('',(#6708));
#6710=SURFACE_STYLE_FILL_AREA(#6709);
#6711=SURFACE_SIDE_STYLE('',(#6710));
#6712=SURFACE_STYLE_USAGE(.POSITIVE.,#6711);
#6713=PRESENTATION_STYLE_ASSIGNMENT((#6712));
#6714=STYLED_ITEM('',(#6713),#6707);
#6715=CARTESIAN_POINT('',(-2.75E0,-1.134502E1,-1.7E0));
#6716=DIRECTION('',(0.E0,1.E0,0.E0));
#6717=DIRECTION('',(-1.E0,0.E0,0.E0));
#6718=AXIS2_PLACEMENT_3D('',#6715,#6716,#6717);
#6719=CYLINDRICAL_SURFACE('',#6718,2.E-1);
#6720=ORIENTED_EDGE('',*,*,#6158,.T.);
#6721=ORIENTED_EDGE('',*,*,#6703,.F.);
#6722=ORIENTED_EDGE('',*,*,#4911,.T.);
#6724=ORIENTED_EDGE('',*,*,#6723,.T.);
#6725=EDGE_LOOP('',(#6720,#6721,#6722,#6724));
#6726=FACE_OUTER_BOUND('',#6725,.F.);
#6727=ADVANCED_FACE('',(#6726),#6719,.T.);
#6728=FILL_AREA_STYLE_COLOUR('',#6);
#6729=FILL_AREA_STYLE('',(#6728));
#6730=SURFACE_STYLE_FILL_AREA(#6729);
#6731=SURFACE_SIDE_STYLE('',(#6730));
#6732=SURFACE_STYLE_USAGE(.POSITIVE.,#6731);
#6733=PRESENTATION_STYLE_ASSIGNMENT((#6732));
#6734=STYLED_ITEM('',(#6733),#6727);
#6735=CARTESIAN_POINT('',(-2.95E0,1.615E0,-1.5E0));
#6736=DIRECTION('',(1.E0,0.E0,0.E0));
#6737=DIRECTION('',(0.E0,0.E0,-1.E0));
#6738=AXIS2_PLACEMENT_3D('',#6735,#6736,#6737);
#6739=PLANE('',#6738);
#6740=ORIENTED_EDGE('',*,*,#6125,.T.);
#6741=ORIENTED_EDGE('',*,*,#6723,.F.);
#6742=ORIENTED_EDGE('',*,*,#4909,.T.);
#6744=ORIENTED_EDGE('',*,*,#6743,.T.);
#6745=EDGE_LOOP('',(#6740,#6741,#6742,#6744));
#6746=FACE_OUTER_BOUND('',#6745,.F.);
#6747=ADVANCED_FACE('',(#6746),#6739,.F.);
#6748=FILL_AREA_STYLE_COLOUR('',#6);
#6749=FILL_AREA_STYLE('',(#6748));
#6750=SURFACE_STYLE_FILL_AREA(#6749);
#6751=SURFACE_SIDE_STYLE('',(#6750));
#6752=SURFACE_STYLE_USAGE(.POSITIVE.,#6751);
#6753=PRESENTATION_STYLE_ASSIGNMENT((#6752));
#6754=STYLED_ITEM('',(#6753),#6747);
#6755=CARTESIAN_POINT('',(-2.75E0,-1.134502E1,-2.1E0));
#6756=DIRECTION('',(0.E0,1.E0,0.E0));
#6757=DIRECTION('',(0.E0,0.E0,-1.E0));
#6758=AXIS2_PLACEMENT_3D('',#6755,#6756,#6757);
#6759=CYLINDRICAL_SURFACE('',#6758,2.E-1);
#6760=ORIENTED_EDGE('',*,*,#6103,.T.);
#6761=ORIENTED_EDGE('',*,*,#6743,.F.);
#6762=ORIENTED_EDGE('',*,*,#4907,.T.);
#6764=ORIENTED_EDGE('',*,*,#6763,.T.);
#6765=EDGE_LOOP('',(#6760,#6761,#6762,#6764));
#6766=FACE_OUTER_BOUND('',#6765,.F.);
#6767=ADVANCED_FACE('',(#6766),#6759,.T.);
#6768=FILL_AREA_STYLE_COLOUR('',#6);
#6769=FILL_AREA_STYLE('',(#6768));
#6770=SURFACE_STYLE_FILL_AREA(#6769);
#6771=SURFACE_SIDE_STYLE('',(#6770));
#6772=SURFACE_STYLE_USAGE(.POSITIVE.,#6771);
#6773=PRESENTATION_STYLE_ASSIGNMENT((#6772));
#6774=STYLED_ITEM('',(#6773),#6767);
#6775=CARTESIAN_POINT('',(-2.95E0,1.615E0,-2.3E0));
#6776=DIRECTION('',(0.E0,0.E0,1.E0));
#6777=DIRECTION('',(1.E0,0.E0,0.E0));
#6778=AXIS2_PLACEMENT_3D('',#6775,#6776,#6777);
#6779=PLANE('',#6778);
#6781=ORIENTED_EDGE('',*,*,#6780,.T.);
#6782=ORIENTED_EDGE('',*,*,#6763,.F.);
#6783=ORIENTED_EDGE('',*,*,#4905,.T.);
#6785=ORIENTED_EDGE('',*,*,#6784,.F.);
#6786=EDGE_LOOP('',(#6781,#6782,#6783,#6785));
#6787=FACE_OUTER_BOUND('',#6786,.F.);
#6788=ADVANCED_FACE('',(#6787),#6779,.F.);
#6789=FILL_AREA_STYLE_COLOUR('',#6);
#6790=FILL_AREA_STYLE('',(#6789));
#6791=SURFACE_STYLE_FILL_AREA(#6790);
#6792=SURFACE_SIDE_STYLE('',(#6791));
#6793=SURFACE_STYLE_USAGE(.POSITIVE.,#6792);
#6794=PRESENTATION_STYLE_ASSIGNMENT((#6793));
#6795=STYLED_ITEM('',(#6794),#6788);
#6796=CARTESIAN_POINT('',(-1.666809816548E0,2.015E0,-2.2E0));
#6797=DIRECTION('',(-1.E0,0.E0,0.E0));
#6798=DIRECTION('',(0.E0,1.E0,0.E0));
#6799=AXIS2_PLACEMENT_3D('',#6796,#6797,#6798);
#6800=CYLINDRICAL_SURFACE('',#6799,1.E-1);
#6801=ORIENTED_EDGE('',*,*,#6028,.T.);
#6802=ORIENTED_EDGE('',*,*,#6105,.T.);
#6803=ORIENTED_EDGE('',*,*,#6780,.F.);
#6805=ORIENTED_EDGE('',*,*,#6804,.F.);
#6806=EDGE_LOOP('',(#6801,#6802,#6803,#6805));
#6807=FACE_OUTER_BOUND('',#6806,.F.);
#6808=ADVANCED_FACE('',(#6807),#6800,.T.);
#6809=FILL_AREA_STYLE_COLOUR('',#6);
#6810=FILL_AREA_STYLE('',(#6809));
#6811=SURFACE_STYLE_FILL_AREA(#6810);
#6812=SURFACE_SIDE_STYLE('',(#6811));
#6813=SURFACE_STYLE_USAGE(.POSITIVE.,#6812);
#6814=PRESENTATION_STYLE_ASSIGNMENT((#6813));
#6815=STYLED_ITEM('',(#6814),#6808);
#6816=CARTESIAN_POINT('',(-1.7E0,2.015E0,-2.5E0));
#6817=DIRECTION('',(0.E0,-1.E0,0.E0));
#6818=DIRECTION('',(9.931841683334E-1,0.E0,-1.165555994876E-1));
#6819=AXIS2_PLACEMENT_3D('',#6816,#6817,#6818);
#6820=TOROIDAL_SURFACE('',#6819,3.E-1,1.E-1);
#6821=ORIENTED_EDGE('',*,*,#6030,.T.);
#6822=ORIENTED_EDGE('',*,*,#6804,.T.);
#6824=ORIENTED_EDGE('',*,*,#6823,.F.);
#6826=ORIENTED_EDGE('',*,*,#6825,.F.);
#6827=EDGE_LOOP('',(#6821,#6822,#6824,#6826));
#6828=FACE_OUTER_BOUND('',#6827,.F.);
#6829=ADVANCED_FACE('',(#6828),#6820,.T.);
#6830=FILL_AREA_STYLE_COLOUR('',#6);
#6831=FILL_AREA_STYLE('',(#6830));
#6832=SURFACE_STYLE_FILL_AREA(#6831);
#6833=SURFACE_SIDE_STYLE('',(#6832));
#6834=SURFACE_STYLE_USAGE(.POSITIVE.,#6833);
#6835=PRESENTATION_STYLE_ASSIGNMENT((#6834));
#6836=STYLED_ITEM('',(#6835),#6829);
#6837=CARTESIAN_POINT('',(-1.7E0,1.372502E1,-2.5E0));
#6838=DIRECTION('',(0.E0,-1.E0,0.E0));
#6839=DIRECTION('',(1.E0,0.E0,0.E0));
#6840=AXIS2_PLACEMENT_3D('',#6837,#6838,#6839);
#6841=CYLINDRICAL_SURFACE('',#6840,2.E-1);
#6842=ORIENTED_EDGE('',*,*,#6823,.T.);
#6843=ORIENTED_EDGE('',*,*,#6784,.T.);
#6844=ORIENTED_EDGE('',*,*,#4903,.T.);
#6846=ORIENTED_EDGE('',*,*,#6845,.F.);
#6847=EDGE_LOOP('',(#6842,#6843,#6844,#6846));
#6848=FACE_OUTER_BOUND('',#6847,.F.);
#6849=ADVANCED_FACE('',(#6848),#6841,.F.);
#6850=FILL_AREA_STYLE_COLOUR('',#6);
#6851=FILL_AREA_STYLE('',(#6850));
#6852=SURFACE_STYLE_FILL_AREA(#6851);
#6853=SURFACE_SIDE_STYLE('',(#6852));
#6854=SURFACE_STYLE_USAGE(.POSITIVE.,#6853);
#6855=PRESENTATION_STYLE_ASSIGNMENT((#6854));
#6856=STYLED_ITEM('',(#6855),#6849);
#6857=CARTESIAN_POINT('',(-1.5E0,1.615E0,-2.3E0));
#6858=DIRECTION('',(1.E0,0.E0,0.E0));
#6859=DIRECTION('',(0.E0,0.E0,-1.E0));
#6860=AXIS2_PLACEMENT_3D('',#6857,#6858,#6859);
#6861=PLANE('',#6860);
#6863=ORIENTED_EDGE('',*,*,#6862,.T.);
#6864=ORIENTED_EDGE('',*,*,#6845,.T.);
#6865=ORIENTED_EDGE('',*,*,#4901,.T.);
#6867=ORIENTED_EDGE('',*,*,#6866,.T.);
#6868=EDGE_LOOP('',(#6863,#6864,#6865,#6867));
#6869=FACE_OUTER_BOUND('',#6868,.F.);
#6870=ADVANCED_FACE('',(#6869),#6861,.F.);
#6871=FILL_AREA_STYLE_COLOUR('',#6);
#6872=FILL_AREA_STYLE('',(#6871));
#6873=SURFACE_STYLE_FILL_AREA(#6872);
#6874=SURFACE_SIDE_STYLE('',(#6873));
#6875=SURFACE_STYLE_USAGE(.POSITIVE.,#6874);
#6876=PRESENTATION_STYLE_ASSIGNMENT((#6875));
#6877=STYLED_ITEM('',(#6876),#6870);
#6878=CARTESIAN_POINT('',(-1.4E0,2.015E0,-2.833190183452E0));
#6879=DIRECTION('',(0.E0,0.E0,1.E0));
#6880=DIRECTION('',(0.E0,1.E0,0.E0));
#6881=AXIS2_PLACEMENT_3D('',#6878,#6879,#6880);
#6882=CYLINDRICAL_SURFACE('',#6881,1.E-1);
#6883=ORIENTED_EDGE('',*,*,#6032,.T.);
#6884=ORIENTED_EDGE('',*,*,#6825,.T.);
#6885=ORIENTED_EDGE('',*,*,#6862,.F.);
#6887=ORIENTED_EDGE('',*,*,#6886,.F.);
#6888=EDGE_LOOP('',(#6883,#6884,#6885,#6887));
#6889=FACE_OUTER_BOUND('',#6888,.F.);
#6890=ADVANCED_FACE('',(#6889),#6882,.T.);
#6891=FILL_AREA_STYLE_COLOUR('',#6);
#6892=FILL_AREA_STYLE('',(#6891));
#6893=SURFACE_STYLE_FILL_AREA(#6892);
#6894=SURFACE_SIDE_STYLE('',(#6893));
#6895=SURFACE_STYLE_USAGE(.POSITIVE.,#6894);
#6896=PRESENTATION_STYLE_ASSIGNMENT((#6895));
#6897=STYLED_ITEM('',(#6896),#6890);
#6898=CARTESIAN_POINT('',(-1.3E0,2.015E0,-2.8E0));
#6899=DIRECTION('',(0.E0,1.E0,0.E0));
#6900=DIRECTION('',(1.165555994876E-1,0.E0,-9.931841683334E-1));
#6901=AXIS2_PLACEMENT_3D('',#6898,#6899,#6900);
#6902=TOROIDAL_SURFACE('',#6901,1.E-1,1.E-1);
#6903=ORIENTED_EDGE('',*,*,#6034,.T.);
#6904=ORIENTED_EDGE('',*,*,#6886,.T.);
#6906=ORIENTED_EDGE('',*,*,#6905,.F.);
#6908=ORIENTED_EDGE('',*,*,#6907,.F.);
#6909=EDGE_LOOP('',(#6903,#6904,#6906,#6908));
#6910=FACE_OUTER_BOUND('',#6909,.F.);
#6911=ADVANCED_FACE('',(#6910),#6902,.T.);
#6912=FILL_AREA_STYLE_COLOUR('',#6);
#6913=FILL_AREA_STYLE('',(#6912));
#6914=SURFACE_STYLE_FILL_AREA(#6913);
#6915=SURFACE_SIDE_STYLE('',(#6914));
#6916=SURFACE_STYLE_USAGE(.POSITIVE.,#6915);
#6917=PRESENTATION_STYLE_ASSIGNMENT((#6916));
#6918=STYLED_ITEM('',(#6917),#6911);
#6919=CARTESIAN_POINT('',(-1.3E0,-1.134502E1,-2.8E0));
#6920=DIRECTION('',(0.E0,1.E0,0.E0));
#6921=DIRECTION('',(0.E0,0.E0,-1.E0));
#6922=AXIS2_PLACEMENT_3D('',#6919,#6920,#6921);
#6923=CYLINDRICAL_SURFACE('',#6922,2.E-1);
#6924=ORIENTED_EDGE('',*,*,#6905,.T.);
#6925=ORIENTED_EDGE('',*,*,#6866,.F.);
#6926=ORIENTED_EDGE('',*,*,#4899,.T.);
#6928=ORIENTED_EDGE('',*,*,#6927,.T.);
#6929=EDGE_LOOP('',(#6924,#6925,#6926,#6928));
#6930=FACE_OUTER_BOUND('',#6929,.F.);
#6931=ADVANCED_FACE('',(#6930),#6923,.T.);
#6932=FILL_AREA_STYLE_COLOUR('',#6);
#6933=FILL_AREA_STYLE('',(#6932));
#6934=SURFACE_STYLE_FILL_AREA(#6933);
#6935=SURFACE_SIDE_STYLE('',(#6934));
#6936=SURFACE_STYLE_USAGE(.POSITIVE.,#6935);
#6937=PRESENTATION_STYLE_ASSIGNMENT((#6936));
#6938=STYLED_ITEM('',(#6937),#6931);
#6939=CARTESIAN_POINT('',(-1.5E0,1.615E0,-3.E0));
#6940=DIRECTION('',(0.E0,0.E0,1.E0));
#6941=DIRECTION('',(1.E0,0.E0,0.E0));
#6942=AXIS2_PLACEMENT_3D('',#6939,#6940,#6941);
#6943=PLANE('',#6942);
#6945=ORIENTED_EDGE('',*,*,#6944,.T.);
#6946=ORIENTED_EDGE('',*,*,#6927,.F.);
#6947=ORIENTED_EDGE('',*,*,#4897,.T.);
#6949=ORIENTED_EDGE('',*,*,#6948,.T.);
#6950=EDGE_LOOP('',(#6945,#6946,#6947,#6949));
#6951=FACE_OUTER_BOUND('',#6950,.F.);
#6952=ADVANCED_FACE('',(#6951),#6943,.F.);
#6953=FILL_AREA_STYLE_COLOUR('',#6);
#6954=FILL_AREA_STYLE('',(#6953));
#6955=SURFACE_STYLE_FILL_AREA(#6954);
#6956=SURFACE_SIDE_STYLE('',(#6955));
#6957=SURFACE_STYLE_USAGE(.POSITIVE.,#6956);
#6958=PRESENTATION_STYLE_ASSIGNMENT((#6957));
#6959=STYLED_ITEM('',(#6958),#6952);
#6960=CARTESIAN_POINT('',(-1.066809816548E0,2.015E0,-2.9E0));
#6961=DIRECTION('',(-1.E0,0.E0,0.E0));
#6962=DIRECTION('',(0.E0,1.E0,0.E0));
#6963=AXIS2_PLACEMENT_3D('',#6960,#6961,#6962);
#6964=CYLINDRICAL_SURFACE('',#6963,1.E-1);
#6965=ORIENTED_EDGE('',*,*,#6036,.T.);
#6966=ORIENTED_EDGE('',*,*,#6907,.T.);
#6967=ORIENTED_EDGE('',*,*,#6944,.F.);
#6969=ORIENTED_EDGE('',*,*,#6968,.F.);
#6970=EDGE_LOOP('',(#6965,#6966,#6967,#6969));
#6971=FACE_OUTER_BOUND('',#6970,.F.);
#6972=ADVANCED_FACE('',(#6971),#6964,.T.);
#6973=FILL_AREA_STYLE_COLOUR('',#6);
#6974=FILL_AREA_STYLE('',(#6973));
#6975=SURFACE_STYLE_FILL_AREA(#6974);
#6976=SURFACE_SIDE_STYLE('',(#6975));
#6977=SURFACE_STYLE_USAGE(.POSITIVE.,#6976);
#6978=PRESENTATION_STYLE_ASSIGNMENT((#6977));
#6979=STYLED_ITEM('',(#6978),#6972);
#6980=CARTESIAN_POINT('',(-1.1E0,2.015E0,-2.8E0));
#6981=DIRECTION('',(0.E0,1.E0,0.E0));
#6982=DIRECTION('',(9.931841683334E-1,0.E0,1.165555994876E-1));
#6983=AXIS2_PLACEMENT_3D('',#6980,#6981,#6982);
#6984=TOROIDAL_SURFACE('',#6983,1.E-1,1.E-1);
#6985=ORIENTED_EDGE('',*,*,#6038,.T.);
#6986=ORIENTED_EDGE('',*,*,#6968,.T.);
#6988=ORIENTED_EDGE('',*,*,#6987,.F.);
#6990=ORIENTED_EDGE('',*,*,#6989,.F.);
#6991=EDGE_LOOP('',(#6985,#6986,#6988,#6990));
#6992=FACE_OUTER_BOUND('',#6991,.F.);
#6993=ADVANCED_FACE('',(#6992),#6984,.T.);
#6994=FILL_AREA_STYLE_COLOUR('',#6);
#6995=FILL_AREA_STYLE('',(#6994));
#6996=SURFACE_STYLE_FILL_AREA(#6995);
#6997=SURFACE_SIDE_STYLE('',(#6996));
#6998=SURFACE_STYLE_USAGE(.POSITIVE.,#6997);
#6999=PRESENTATION_STYLE_ASSIGNMENT((#6998));
#7000=STYLED_ITEM('',(#6999),#6993);
#7001=CARTESIAN_POINT('',(-1.1E0,-1.134502E1,-2.8E0));
#7002=DIRECTION('',(0.E0,1.E0,0.E0));
#7003=DIRECTION('',(1.E0,0.E0,0.E0));
#7004=AXIS2_PLACEMENT_3D('',#7001,#7002,#7003);
#7005=CYLINDRICAL_SURFACE('',#7004,2.E-1);
#7006=ORIENTED_EDGE('',*,*,#6987,.T.);
#7007=ORIENTED_EDGE('',*,*,#6948,.F.);
#7008=ORIENTED_EDGE('',*,*,#4895,.T.);
#7009=ORIENTED_EDGE('',*,*,#5876,.T.);
#7010=EDGE_LOOP('',(#7006,#7007,#7008,#7009));
#7011=FACE_OUTER_BOUND('',#7010,.F.);
#7012=ADVANCED_FACE('',(#7011),#7005,.T.);
#7013=FILL_AREA_STYLE_COLOUR('',#6);
#7014=FILL_AREA_STYLE('',(#7013));
#7015=SURFACE_STYLE_FILL_AREA(#7014);
#7016=SURFACE_SIDE_STYLE('',(#7015));
#7017=SURFACE_STYLE_USAGE(.POSITIVE.,#7016);
#7018=PRESENTATION_STYLE_ASSIGNMENT((#7017));
#7019=STYLED_ITEM('',(#7018),#7012);
#7020=CARTESIAN_POINT('',(-1.E0,2.015E0,2.633190183452E0));
#7021=DIRECTION('',(0.E0,0.E0,-1.E0));
#7022=DIRECTION('',(0.E0,1.E0,0.E0));
#7023=AXIS2_PLACEMENT_3D('',#7020,#7021,#7022);
#7024=CYLINDRICAL_SURFACE('',#7023,1.E-1);
#7025=ORIENTED_EDGE('',*,*,#6040,.T.);
#7026=ORIENTED_EDGE('',*,*,#6989,.T.);
#7027=ORIENTED_EDGE('',*,*,#5874,.F.);
#7028=ORIENTED_EDGE('',*,*,#6006,.F.);
#7029=EDGE_LOOP('',(#7025,#7026,#7027,#7028));
#7030=FACE_OUTER_BOUND('',#7029,.F.);
#7031=ADVANCED_FACE('',(#7030),#7024,.T.);
#7032=FILL_AREA_STYLE_COLOUR('',#6);
#7033=FILL_AREA_STYLE('',(#7032));
#7034=SURFACE_STYLE_FILL_AREA(#7033);
#7035=SURFACE_SIDE_STYLE('',(#7034));
#7036=SURFACE_STYLE_USAGE(.POSITIVE.,#7035);
#7037=PRESENTATION_STYLE_ASSIGNMENT((#7036));
#7038=STYLED_ITEM('',(#7037),#7031);
#7039=CARTESIAN_POINT('',(1.1E0,1.372502E1,-2.8E0));
#7040=DIRECTION('',(0.E0,-1.E0,0.E0));
#7041=DIRECTION('',(-1.E0,0.E0,0.E0));
#7042=AXIS2_PLACEMENT_3D('',#7039,#7040,#7041);
#7043=CYLINDRICAL_SURFACE('',#7042,2.E-1);
#7045=ORIENTED_EDGE('',*,*,#7044,.T.);
#7046=ORIENTED_EDGE('',*,*,#5811,.T.);
#7047=ORIENTED_EDGE('',*,*,#4887,.T.);
#7049=ORIENTED_EDGE('',*,*,#7048,.F.);
#7050=EDGE_LOOP('',(#7045,#7046,#7047,#7049));
#7051=FACE_OUTER_BOUND('',#7050,.F.);
#7052=ADVANCED_FACE('',(#7051),#7043,.T.);
#7053=FILL_AREA_STYLE_COLOUR('',#6);
#7054=FILL_AREA_STYLE('',(#7053));
#7055=SURFACE_STYLE_FILL_AREA(#7054);
#7056=SURFACE_SIDE_STYLE('',(#7055));
#7057=SURFACE_STYLE_USAGE(.POSITIVE.,#7056);
#7058=PRESENTATION_STYLE_ASSIGNMENT((#7057));
#7059=STYLED_ITEM('',(#7058),#7052);
#7060=CARTESIAN_POINT('',(1.1E0,2.015E0,-2.8E0));
#7061=DIRECTION('',(0.E0,-1.E0,0.E0));
#7062=DIRECTION('',(1.651902588263E-1,0.E0,-9.862617190122E-1));
#7063=AXIS2_PLACEMENT_3D('',#7060,#7061,#7062);
#7064=TOROIDAL_SURFACE('',#7063,1.E-1,1.E-1);
#7066=ORIENTED_EDGE('',*,*,#7065,.T.);
#7068=ORIENTED_EDGE('',*,*,#7067,.T.);
#7069=ORIENTED_EDGE('',*,*,#7044,.F.);
#7071=ORIENTED_EDGE('',*,*,#7070,.F.);
#7072=EDGE_LOOP('',(#7066,#7068,#7069,#7071));
#7073=FACE_OUTER_BOUND('',#7072,.F.);
#7074=ADVANCED_FACE('',(#7073),#7064,.T.);
#7075=FILL_AREA_STYLE_COLOUR('',#6);
#7076=FILL_AREA_STYLE('',(#7075));
#7077=SURFACE_STYLE_FILL_AREA(#7076);
#7078=SURFACE_SIDE_STYLE('',(#7077));
#7079=SURFACE_STYLE_USAGE(.POSITIVE.,#7078);
#7080=PRESENTATION_STYLE_ASSIGNMENT((#7079));
#7081=STYLED_ITEM('',(#7080),#7074);
#7082=CARTESIAN_POINT('',(0.E0,2.115E0,-3.1E0));
#7083=DIRECTION('',(0.E0,1.E0,0.E0));
#7084=DIRECTION('',(-1.E0,0.E0,0.E0));
#7085=AXIS2_PLACEMENT_3D('',#7082,#7083,#7084);
#7086=PLANE('',#7085);
#7088=ORIENTED_EDGE('',*,*,#7087,.F.);
#7090=ORIENTED_EDGE('',*,*,#7089,.F.);
#7092=ORIENTED_EDGE('',*,*,#7091,.F.);
#7094=ORIENTED_EDGE('',*,*,#7093,.F.);
#7096=ORIENTED_EDGE('',*,*,#7095,.F.);
#7098=ORIENTED_EDGE('',*,*,#7097,.F.);
#7100=ORIENTED_EDGE('',*,*,#7099,.F.);
#7102=ORIENTED_EDGE('',*,*,#7101,.F.);
#7104=ORIENTED_EDGE('',*,*,#7103,.F.);
#7106=ORIENTED_EDGE('',*,*,#7105,.F.);
#7108=ORIENTED_EDGE('',*,*,#7107,.F.);
#7110=ORIENTED_EDGE('',*,*,#7109,.F.);
#7112=ORIENTED_EDGE('',*,*,#7111,.F.);
#7114=ORIENTED_EDGE('',*,*,#7113,.F.);
#7116=ORIENTED_EDGE('',*,*,#7115,.F.);
#7118=ORIENTED_EDGE('',*,*,#7117,.F.);
#7120=ORIENTED_EDGE('',*,*,#7119,.F.);
#7122=ORIENTED_EDGE('',*,*,#7121,.F.);
#7124=ORIENTED_EDGE('',*,*,#7123,.F.);
#7126=ORIENTED_EDGE('',*,*,#7125,.F.);
#7127=ORIENTED_EDGE('',*,*,#7065,.F.);
#7129=ORIENTED_EDGE('',*,*,#7128,.F.);
#7131=ORIENTED_EDGE('',*,*,#7130,.F.);
#7133=ORIENTED_EDGE('',*,*,#7132,.F.);
#7134=EDGE_LOOP('',(#7088,#7090,#7092,#7094,#7096,#7098,#7100,#7102,#7104,#7106,
#7108,#7110,#7112,#7114,#7116,#7118,#7120,#7122,#7124,#7126,#7127,#7129,#7131,
#7133));
#7135=FACE_OUTER_BOUND('',#7134,.F.);
#7136=ADVANCED_FACE('',(#7135),#7086,.T.);
#7137=FILL_AREA_STYLE_COLOUR('',#6);
#7138=FILL_AREA_STYLE('',(#7137));
#7139=SURFACE_STYLE_FILL_AREA(#7138);
#7140=SURFACE_SIDE_STYLE('',(#7139));
#7141=SURFACE_STYLE_USAGE(.POSITIVE.,#7140);
#7142=PRESENTATION_STYLE_ASSIGNMENT((#7141));
#7143=STYLED_ITEM('',(#7142),#7136);
#7144=CARTESIAN_POINT('',(1.7E0,2.015E0,-2.5E0));
#7145=DIRECTION('',(0.E0,1.E0,0.E0));
#7146=DIRECTION('',(1.651902588263E-1,0.E0,9.862617190122E-1));
#7147=AXIS2_PLACEMENT_3D('',#7144,#7145,#7146);
#7148=TOROIDAL_SURFACE('',#7147,3.E-1,1.E-1);
#7149=ORIENTED_EDGE('',*,*,#7087,.T.);
#7151=ORIENTED_EDGE('',*,*,#7150,.T.);
#7153=ORIENTED_EDGE('',*,*,#7152,.F.);
#7155=ORIENTED_EDGE('',*,*,#7154,.F.);
#7156=EDGE_LOOP('',(#7149,#7151,#7153,#7155));
#7157=FACE_OUTER_BOUND('',#7156,.F.);
#7158=ADVANCED_FACE('',(#7157),#7148,.T.);
#7159=FILL_AREA_STYLE_COLOUR('',#6);
#7160=FILL_AREA_STYLE('',(#7159));
#7161=SURFACE_STYLE_FILL_AREA(#7160);
#7162=SURFACE_SIDE_STYLE('',(#7161));
#7163=SURFACE_STYLE_USAGE(.POSITIVE.,#7162);
#7164=PRESENTATION_STYLE_ASSIGNMENT((#7163));
#7165=STYLED_ITEM('',(#7164),#7158);
#7166=CARTESIAN_POINT('',(1.4E0,2.015E0,-2.476635773732E0));
#7167=DIRECTION('',(0.E0,0.E0,-1.E0));
#7168=DIRECTION('',(0.E0,1.E0,0.E0));
#7169=AXIS2_PLACEMENT_3D('',#7166,#7167,#7168);
#7170=CYLINDRICAL_SURFACE('',#7169,1.E-1);
#7171=ORIENTED_EDGE('',*,*,#7132,.T.);
#7173=ORIENTED_EDGE('',*,*,#7172,.T.);
#7175=ORIENTED_EDGE('',*,*,#7174,.F.);
#7176=ORIENTED_EDGE('',*,*,#7150,.F.);
#7177=EDGE_LOOP('',(#7171,#7173,#7175,#7176));
#7178=FACE_OUTER_BOUND('',#7177,.F.);
#7179=ADVANCED_FACE('',(#7178),#7170,.T.);
#7180=FILL_AREA_STYLE_COLOUR('',#6);
#7181=FILL_AREA_STYLE('',(#7180));
#7182=SURFACE_STYLE_FILL_AREA(#7181);
#7183=SURFACE_SIDE_STYLE('',(#7182));
#7184=SURFACE_STYLE_USAGE(.POSITIVE.,#7183);
#7185=PRESENTATION_STYLE_ASSIGNMENT((#7184));
#7186=STYLED_ITEM('',(#7185),#7179);
#7187=CARTESIAN_POINT('',(1.279657765650E0,2.110877052933E0,-2.868630576875E0));
#7188=CARTESIAN_POINT('',(1.255147262868E0,2.136441566024E0,-2.951324046848E0));
#7189=CARTESIAN_POINT('',(1.237070421541E0,2.072831350443E0,-3.012311646685E0));
#7190=CARTESIAN_POINT('',(1.244335381148E0,1.986581859298E0,-2.987801145027E0));
#7191=CARTESIAN_POINT('',(1.341396755383E0,2.110877052933E0,-2.886930131605E0));
#7192=CARTESIAN_POINT('',(1.391276000234E0,2.136441566024E0,-2.991672865165E0));
#7193=CARTESIAN_POINT('',(1.428062646461E0,2.072831350443E0,-3.068922107726E0));
#7194=CARTESIAN_POINT('',(1.413278343492E0,1.986581859298E0,-3.037876162436E0));
#7195=CARTESIAN_POINT('',(1.386930131095E0,2.110877052933E0,-2.841396756453E0));
#7196=CARTESIAN_POINT('',(1.491672864041E0,2.136441566024E0,-2.891276002593E0));
#7197=CARTESIAN_POINT('',(1.568922106149E0,2.072831350443E0,-2.928062649771E0));
#7198=CARTESIAN_POINT('',(1.537876161042E0,1.986581859298E0,-2.913278346420E0));
#7199=CARTESIAN_POINT('',(1.368630577125E0,2.110877052933E0,-2.779657766495E0));
#7200=CARTESIAN_POINT('',(1.451324047400E0,2.136441566024E0,-2.755147264730E0));
#7201=CARTESIAN_POINT('',(1.512311647460E0,2.072831350443E0,-2.737070424154E0));
#7202=CARTESIAN_POINT('',(1.487801145712E0,1.986581859298E0,-2.744335383459E0));
#7203=(BOUNDED_SURFACE()B_SPLINE_SURFACE(3,3,((#7187,#7188,#7189,#7190),(#7191,
#7192,#7193,#7194),(#7195,#7196,#7197,#7198),(#7199,#7200,#7201,#7202)),
.UNSPECIFIED.,.F.,.F.,.F.)B_SPLINE_SURFACE_WITH_KNOTS((4,4),(4,4),(0.E0,1.E0),(
0.E0,1.E0),.UNSPECIFIED.)GEOMETRIC_REPRESENTATION_ITEM()RATIONAL_B_SPLINE_SURFACE(((1.833560120673E0,1.194266823126E0,1.194266823126E0,1.833560120673E0),(
1.194266816314E0,7.778709956674E-1,7.778709956674E-1,1.194266816314E0),(
1.194266816314E0,7.778709956674E-1,7.778709956674E-1,1.194266816314E0),(
1.833560120673E0,1.194266823126E0,1.194266823126E0,1.833560120673E0)))REPRESENTATION_ITEM('')SURFACE());
#7204=ORIENTED_EDGE('',*,*,#7130,.T.);
#7206=ORIENTED_EDGE('',*,*,#7205,.T.);
#7208=ORIENTED_EDGE('',*,*,#7207,.F.);
#7209=ORIENTED_EDGE('',*,*,#7172,.F.);
#7210=EDGE_LOOP('',(#7204,#7206,#7208,#7209));
#7211=FACE_OUTER_BOUND('',#7210,.F.);
#7212=ADVANCED_FACE('',(#7211),#7203,.T.);
#7213=FILL_AREA_STYLE_COLOUR('',#6);
#7214=FILL_AREA_STYLE('',(#7213));
#7215=SURFACE_STYLE_FILL_AREA(#7214);
#7216=SURFACE_SIDE_STYLE('',(#7215));
#7217=SURFACE_STYLE_USAGE(.POSITIVE.,#7216);
#7218=PRESENTATION_STYLE_ASSIGNMENT((#7217));
#7219=STYLED_ITEM('',(#7218),#7212);
#7220=CARTESIAN_POINT('',(1.323364226268E0,2.015E0,-2.9E0));
#7221=DIRECTION('',(-1.E0,0.E0,0.E0));
#7222=DIRECTION('',(0.E0,1.E0,0.E0));
#7223=AXIS2_PLACEMENT_3D('',#7220,#7221,#7222);
#7224=CYLINDRICAL_SURFACE('',#7223,1.E-1);
#7225=ORIENTED_EDGE('',*,*,#7128,.T.);
#7226=ORIENTED_EDGE('',*,*,#7070,.T.);
#7228=ORIENTED_EDGE('',*,*,#7227,.F.);
#7229=ORIENTED_EDGE('',*,*,#7205,.F.);
#7230=EDGE_LOOP('',(#7225,#7226,#7228,#7229));
#7231=FACE_OUTER_BOUND('',#7230,.F.);
#7232=ADVANCED_FACE('',(#7231),#7224,.T.);
#7233=FILL_AREA_STYLE_COLOUR('',#6);
#7234=FILL_AREA_STYLE('',(#7233));
#7235=SURFACE_STYLE_FILL_AREA(#7234);
#7236=SURFACE_SIDE_STYLE('',(#7235));
#7237=SURFACE_STYLE_USAGE(.POSITIVE.,#7236);
#7238=PRESENTATION_STYLE_ASSIGNMENT((#7237));
#7239=STYLED_ITEM('',(#7238),#7232);
#7240=CARTESIAN_POINT('',(1.5E0,1.615E0,-3.E0));
#7241=DIRECTION('',(0.E0,0.E0,-1.E0));
#7242=DIRECTION('',(-1.E0,0.E0,0.E0));
#7243=AXIS2_PLACEMENT_3D('',#7240,#7241,#7242);
#7244=PLANE('',#7243);
#7245=ORIENTED_EDGE('',*,*,#7227,.T.);
#7246=ORIENTED_EDGE('',*,*,#7048,.T.);
#7247=ORIENTED_EDGE('',*,*,#4885,.F.);
#7249=ORIENTED_EDGE('',*,*,#7248,.F.);
#7250=EDGE_LOOP('',(#7245,#7246,#7247,#7249));
#7251=FACE_OUTER_BOUND('',#7250,.F.);
#7252=ADVANCED_FACE('',(#7251),#7244,.T.);
#7253=FILL_AREA_STYLE_COLOUR('',#6);
#7254=FILL_AREA_STYLE('',(#7253));
#7255=SURFACE_STYLE_FILL_AREA(#7254);
#7256=SURFACE_SIDE_STYLE('',(#7255));
#7257=SURFACE_STYLE_USAGE(.POSITIVE.,#7256);
#7258=PRESENTATION_STYLE_ASSIGNMENT((#7257));
#7259=STYLED_ITEM('',(#7258),#7252);
#7260=CARTESIAN_POINT('',(1.3E0,1.372502E1,-2.8E0));
#7261=DIRECTION('',(0.E0,-1.E0,0.E0));
#7262=DIRECTION('',(0.E0,0.E0,-1.E0));
#7263=AXIS2_PLACEMENT_3D('',#7260,#7261,#7262);
#7264=CYLINDRICAL_SURFACE('',#7263,2.E-1);
#7265=ORIENTED_EDGE('',*,*,#7207,.T.);
#7266=ORIENTED_EDGE('',*,*,#7248,.T.);
#7267=ORIENTED_EDGE('',*,*,#4883,.T.);
#7269=ORIENTED_EDGE('',*,*,#7268,.F.);
#7270=EDGE_LOOP('',(#7265,#7266,#7267,#7269));
#7271=FACE_OUTER_BOUND('',#7270,.F.);
#7272=ADVANCED_FACE('',(#7271),#7264,.T.);
#7273=FILL_AREA_STYLE_COLOUR('',#6);
#7274=FILL_AREA_STYLE('',(#7273));
#7275=SURFACE_STYLE_FILL_AREA(#7274);
#7276=SURFACE_SIDE_STYLE('',(#7275));
#7277=SURFACE_STYLE_USAGE(.POSITIVE.,#7276);
#7278=PRESENTATION_STYLE_ASSIGNMENT((#7277));
#7279=STYLED_ITEM('',(#7278),#7272);
#7280=CARTESIAN_POINT('',(1.5E0,1.615E0,-2.3E0));
#7281=DIRECTION('',(1.E0,0.E0,0.E0));
#7282=DIRECTION('',(0.E0,0.E0,-1.E0));
#7283=AXIS2_PLACEMENT_3D('',#7280,#7281,#7282);
#7284=PLANE('',#7283);
#7285=ORIENTED_EDGE('',*,*,#7174,.T.);
#7286=ORIENTED_EDGE('',*,*,#7268,.T.);
#7287=ORIENTED_EDGE('',*,*,#4881,.F.);
#7289=ORIENTED_EDGE('',*,*,#7288,.T.);
#7290=EDGE_LOOP('',(#7285,#7286,#7287,#7289));
#7291=FACE_OUTER_BOUND('',#7290,.F.);
#7292=ADVANCED_FACE('',(#7291),#7284,.T.);
#7293=FILL_AREA_STYLE_COLOUR('',#6);
#7294=FILL_AREA_STYLE('',(#7293));
#7295=SURFACE_STYLE_FILL_AREA(#7294);
#7296=SURFACE_SIDE_STYLE('',(#7295));
#7297=SURFACE_STYLE_USAGE(.POSITIVE.,#7296);
#7298=PRESENTATION_STYLE_ASSIGNMENT((#7297));
#7299=STYLED_ITEM('',(#7298),#7292);
#7300=CARTESIAN_POINT('',(1.7E0,-1.134502E1,-2.5E0));
#7301=DIRECTION('',(0.E0,1.E0,0.E0));
#7302=DIRECTION('',(-1.E0,0.E0,0.E0));
#7303=AXIS2_PLACEMENT_3D('',#7300,#7301,#7302);
#7304=CYLINDRICAL_SURFACE('',#7303,2.E-1);
#7305=ORIENTED_EDGE('',*,*,#7152,.T.);
#7306=ORIENTED_EDGE('',*,*,#7288,.F.);
#7307=ORIENTED_EDGE('',*,*,#4879,.T.);
#7309=ORIENTED_EDGE('',*,*,#7308,.T.);
#7310=EDGE_LOOP('',(#7305,#7306,#7307,#7309));
#7311=FACE_OUTER_BOUND('',#7310,.F.);
#7312=ADVANCED_FACE('',(#7311),#7304,.F.);
#7313=FILL_AREA_STYLE_COLOUR('',#6);
#7314=FILL_AREA_STYLE('',(#7313));
#7315=SURFACE_STYLE_FILL_AREA(#7314);
#7316=SURFACE_SIDE_STYLE('',(#7315));
#7317=SURFACE_STYLE_USAGE(.POSITIVE.,#7316);
#7318=PRESENTATION_STYLE_ASSIGNMENT((#7317));
#7319=STYLED_ITEM('',(#7318),#7312);
#7320=CARTESIAN_POINT('',(2.95E0,1.615E0,-2.3E0));
#7321=DIRECTION('',(0.E0,0.E0,-1.E0));
#7322=DIRECTION('',(-1.E0,0.E0,0.E0));
#7323=AXIS2_PLACEMENT_3D('',#7320,#7321,#7322);
#7324=PLANE('',#7323);
#7326=ORIENTED_EDGE('',*,*,#7325,.T.);
#7327=ORIENTED_EDGE('',*,*,#7308,.F.);
#7328=ORIENTED_EDGE('',*,*,#4877,.F.);
#7330=ORIENTED_EDGE('',*,*,#7329,.F.);
#7331=EDGE_LOOP('',(#7326,#7327,#7328,#7330));
#7332=FACE_OUTER_BOUND('',#7331,.F.);
#7333=ADVANCED_FACE('',(#7332),#7324,.T.);
#7334=FILL_AREA_STYLE_COLOUR('',#6);
#7335=FILL_AREA_STYLE('',(#7334));
#7336=SURFACE_STYLE_FILL_AREA(#7335);
#7337=SURFACE_SIDE_STYLE('',(#7336));
#7338=SURFACE_STYLE_USAGE(.POSITIVE.,#7337);
#7339=PRESENTATION_STYLE_ASSIGNMENT((#7338));
#7340=STYLED_ITEM('',(#7339),#7333);
#7341=CARTESIAN_POINT('',(2.773364226268E0,2.015E0,-2.2E0));
#7342=DIRECTION('',(-1.E0,0.E0,0.E0));
#7343=DIRECTION('',(0.E0,1.E0,0.E0));
#7344=AXIS2_PLACEMENT_3D('',#7341,#7342,#7343);
#7345=CYLINDRICAL_SURFACE('',#7344,1.E-1);
#7346=ORIENTED_EDGE('',*,*,#7089,.T.);
#7347=ORIENTED_EDGE('',*,*,#7154,.T.);
#7348=ORIENTED_EDGE('',*,*,#7325,.F.);
#7350=ORIENTED_EDGE('',*,*,#7349,.F.);
#7351=EDGE_LOOP('',(#7346,#7347,#7348,#7350));
#7352=FACE_OUTER_BOUND('',#7351,.F.);
#7353=ADVANCED_FACE('',(#7352),#7345,.T.);
#7354=FILL_AREA_STYLE_COLOUR('',#6);
#7355=FILL_AREA_STYLE('',(#7354));
#7356=SURFACE_STYLE_FILL_AREA(#7355);
#7357=SURFACE_SIDE_STYLE('',(#7356));
#7358=SURFACE_STYLE_USAGE(.POSITIVE.,#7357);
#7359=PRESENTATION_STYLE_ASSIGNMENT((#7358));
#7360=STYLED_ITEM('',(#7359),#7353);
#7361=CARTESIAN_POINT('',(2.729657765650E0,2.110877052933E0,-2.168630576875E0));
#7362=CARTESIAN_POINT('',(2.705147262868E0,2.136441566024E0,-2.251324046848E0));
#7363=CARTESIAN_POINT('',(2.687070421541E0,2.072831350443E0,-2.312311646685E0));
#7364=CARTESIAN_POINT('',(2.694335381148E0,1.986581859298E0,-2.287801145027E0));
#7365=CARTESIAN_POINT('',(2.791396755383E0,2.110877052933E0,-2.186930131605E0));
#7366=CARTESIAN_POINT('',(2.841276000234E0,2.136441566024E0,-2.291672865165E0));
#7367=CARTESIAN_POINT('',(2.878062646461E0,2.072831350443E0,-2.368922107726E0));
#7368=CARTESIAN_POINT('',(2.863278343492E0,1.986581859298E0,-2.337876162436E0));
#7369=CARTESIAN_POINT('',(2.836930131095E0,2.110877052933E0,-2.141396756453E0));
#7370=CARTESIAN_POINT('',(2.941672864041E0,2.136441566024E0,-2.191276002593E0));
#7371=CARTESIAN_POINT('',(3.018922106149E0,2.072831350443E0,-2.228062649771E0));
#7372=CARTESIAN_POINT('',(2.987876161042E0,1.986581859298E0,-2.213278346420E0));
#7373=CARTESIAN_POINT('',(2.818630577125E0,2.110877052933E0,-2.079657766495E0));
#7374=CARTESIAN_POINT('',(2.901324047400E0,2.136441566024E0,-2.055147264731E0));
#7375=CARTESIAN_POINT('',(2.962311647460E0,2.072831350443E0,-2.037070424154E0));
#7376=CARTESIAN_POINT('',(2.937801145712E0,1.986581859298E0,-2.044335383459E0));
#7377=(BOUNDED_SURFACE()B_SPLINE_SURFACE(3,3,((#7361,#7362,#7363,#7364),(#7365,
#7366,#7367,#7368),(#7369,#7370,#7371,#7372),(#7373,#7374,#7375,#7376)),
.UNSPECIFIED.,.F.,.F.,.F.)B_SPLINE_SURFACE_WITH_KNOTS((4,4),(4,4),(0.E0,1.E0),(
0.E0,1.E0),.UNSPECIFIED.)GEOMETRIC_REPRESENTATION_ITEM()RATIONAL_B_SPLINE_SURFACE(((1.833560120673E0,1.194266823126E0,1.194266823126E0,1.833560120673E0),(
1.194266816314E0,7.778709956674E-1,7.778709956674E-1,1.194266816314E0),(
1.194266816314E0,7.778709956674E-1,7.778709956674E-1,1.194266816314E0),(
1.833560120673E0,1.194266823126E0,1.194266823126E0,1.833560120673E0)))REPRESENTATION_ITEM('')SURFACE());
#7378=ORIENTED_EDGE('',*,*,#7091,.T.);
#7379=ORIENTED_EDGE('',*,*,#7349,.T.);
#7381=ORIENTED_EDGE('',*,*,#7380,.F.);
#7383=ORIENTED_EDGE('',*,*,#7382,.F.);
#7384=EDGE_LOOP('',(#7378,#7379,#7381,#7383));
#7385=FACE_OUTER_BOUND('',#7384,.F.);
#7386=ADVANCED_FACE('',(#7385),#7377,.T.);
#7387=FILL_AREA_STYLE_COLOUR('',#6);
#7388=FILL_AREA_STYLE('',(#7387));
#7389=SURFACE_STYLE_FILL_AREA(#7388);
#7390=SURFACE_SIDE_STYLE('',(#7389));
#7391=SURFACE_STYLE_USAGE(.POSITIVE.,#7390);
#7392=PRESENTATION_STYLE_ASSIGNMENT((#7391));
#7393=STYLED_ITEM('',(#7392),#7386);
#7394=CARTESIAN_POINT('',(2.75E0,1.372502E1,-2.1E0));
#7395=DIRECTION('',(0.E0,-1.E0,0.E0));
#7396=DIRECTION('',(0.E0,0.E0,-1.E0));
#7397=AXIS2_PLACEMENT_3D('',#7394,#7395,#7396);
#7398=CYLINDRICAL_SURFACE('',#7397,2.E-1);
#7399=ORIENTED_EDGE('',*,*,#7380,.T.);
#7400=ORIENTED_EDGE('',*,*,#7329,.T.);
#7401=ORIENTED_EDGE('',*,*,#4875,.T.);
#7403=ORIENTED_EDGE('',*,*,#7402,.F.);
#7404=EDGE_LOOP('',(#7399,#7400,#7401,#7403));
#7405=FACE_OUTER_BOUND('',#7404,.F.);
#7406=ADVANCED_FACE('',(#7405),#7398,.T.);
#7407=FILL_AREA_STYLE_COLOUR('',#6);
#7408=FILL_AREA_STYLE('',(#7407));
#7409=SURFACE_STYLE_FILL_AREA(#7408);
#7410=SURFACE_SIDE_STYLE('',(#7409));
#7411=SURFACE_STYLE_USAGE(.POSITIVE.,#7410);
#7412=PRESENTATION_STYLE_ASSIGNMENT((#7411));
#7413=STYLED_ITEM('',(#7412),#7406);
#7414=CARTESIAN_POINT('',(2.95E0,1.615E0,-1.5E0));
#7415=DIRECTION('',(1.E0,0.E0,0.E0));
#7416=DIRECTION('',(0.E0,0.E0,-1.E0));
#7417=AXIS2_PLACEMENT_3D('',#7414,#7415,#7416);
#7418=PLANE('',#7417);
#7420=ORIENTED_EDGE('',*,*,#7419,.T.);
#7421=ORIENTED_EDGE('',*,*,#7402,.T.);
#7422=ORIENTED_EDGE('',*,*,#4873,.F.);
#7424=ORIENTED_EDGE('',*,*,#7423,.F.);
#7425=EDGE_LOOP('',(#7420,#7421,#7422,#7424));
#7426=FACE_OUTER_BOUND('',#7425,.F.);
#7427=ADVANCED_FACE('',(#7426),#7418,.T.);
#7428=FILL_AREA_STYLE_COLOUR('',#6);
#7429=FILL_AREA_STYLE('',(#7428));
#7430=SURFACE_STYLE_FILL_AREA(#7429);
#7431=SURFACE_SIDE_STYLE('',(#7430));
#7432=SURFACE_STYLE_USAGE(.POSITIVE.,#7431);
#7433=PRESENTATION_STYLE_ASSIGNMENT((#7432));
#7434=STYLED_ITEM('',(#7433),#7427);
#7435=CARTESIAN_POINT('',(2.85E0,2.015E0,-1.676635773732E0));
#7436=DIRECTION('',(0.E0,0.E0,-1.E0));
#7437=DIRECTION('',(0.E0,1.E0,0.E0));
#7438=AXIS2_PLACEMENT_3D('',#7435,#7436,#7437);
#7439=CYLINDRICAL_SURFACE('',#7438,1.E-1);
#7440=ORIENTED_EDGE('',*,*,#7093,.T.);
#7441=ORIENTED_EDGE('',*,*,#7382,.T.);
#7442=ORIENTED_EDGE('',*,*,#7419,.F.);
#7444=ORIENTED_EDGE('',*,*,#7443,.F.);
#7445=EDGE_LOOP('',(#7440,#7441,#7442,#7444));
#7446=FACE_OUTER_BOUND('',#7445,.F.);
#7447=ADVANCED_FACE('',(#7446),#7439,.T.);
#7448=FILL_AREA_STYLE_COLOUR('',#6);
#7449=FILL_AREA_STYLE('',(#7448));
#7450=SURFACE_STYLE_FILL_AREA(#7449);
#7451=SURFACE_SIDE_STYLE('',(#7450));
#7452=SURFACE_STYLE_USAGE(.POSITIVE.,#7451);
#7453=PRESENTATION_STYLE_ASSIGNMENT((#7452));
#7454=STYLED_ITEM('',(#7453),#7447);
#7455=CARTESIAN_POINT('',(2.818630576875E0,2.110877052933E0,-1.720342234350E0));
#7456=CARTESIAN_POINT('',(2.901324046848E0,2.136441566024E0,-1.744852737132E0));
#7457=CARTESIAN_POINT('',(2.962311646685E0,2.072831350443E0,-1.762929578459E0));
#7458=CARTESIAN_POINT('',(2.937801145027E0,1.986581859298E0,-1.755664618852E0));
#7459=CARTESIAN_POINT('',(2.836930131605E0,2.110877052933E0,-1.658603244617E0));
#7460=CARTESIAN_POINT('',(2.941672865165E0,2.136441566024E0,-1.608723999766E0));
#7461=CARTESIAN_POINT('',(3.018922107726E0,2.072831350443E0,-1.571937353539E0));
#7462=CARTESIAN_POINT('',(2.987876162436E0,1.986581859298E0,-1.586721656508E0));
#7463=CARTESIAN_POINT('',(2.791396756453E0,2.110877052933E0,-1.613069868905E0));
#7464=CARTESIAN_POINT('',(2.841276002593E0,2.136441566024E0,-1.508327135959E0));
#7465=CARTESIAN_POINT('',(2.878062649771E0,2.072831350443E0,-1.431077893851E0));
#7466=CARTESIAN_POINT('',(2.863278346420E0,1.986581859298E0,-1.462123838958E0));
#7467=CARTESIAN_POINT('',(2.729657766495E0,2.110877052933E0,-1.631369422875E0));
#7468=CARTESIAN_POINT('',(2.705147264731E0,2.136441566024E0,-1.548675952600E0));
#7469=CARTESIAN_POINT('',(2.687070424154E0,2.072831350443E0,-1.487688352540E0));
#7470=CARTESIAN_POINT('',(2.694335383459E0,1.986581859298E0,-1.512198854288E0));
#7471=(BOUNDED_SURFACE()B_SPLINE_SURFACE(3,3,((#7455,#7456,#7457,#7458),(#7459,
#7460,#7461,#7462),(#7463,#7464,#7465,#7466),(#7467,#7468,#7469,#7470)),
.UNSPECIFIED.,.F.,.F.,.F.)B_SPLINE_SURFACE_WITH_KNOTS((4,4),(4,4),(0.E0,1.E0),(
0.E0,1.E0),.UNSPECIFIED.)GEOMETRIC_REPRESENTATION_ITEM()RATIONAL_B_SPLINE_SURFACE(((1.833560120673E0,1.194266823126E0,1.194266823126E0,1.833560120673E0),(
1.194266816314E0,7.778709956674E-1,7.778709956674E-1,1.194266816314E0),(
1.194266816314E0,7.778709956674E-1,7.778709956674E-1,1.194266816314E0),(
1.833560120673E0,1.194266823126E0,1.194266823126E0,1.833560120673E0)))REPRESENTATION_ITEM('')SURFACE());
#7472=ORIENTED_EDGE('',*,*,#7095,.T.);
#7473=ORIENTED_EDGE('',*,*,#7443,.T.);
#7475=ORIENTED_EDGE('',*,*,#7474,.F.);
#7477=ORIENTED_EDGE('',*,*,#7476,.F.);
#7478=EDGE_LOOP('',(#7472,#7473,#7475,#7477));
#7479=FACE_OUTER_BOUND('',#7478,.F.);
#7480=ADVANCED_FACE('',(#7479),#7471,.T.);
#7481=FILL_AREA_STYLE_COLOUR('',#6);
#7482=FILL_AREA_STYLE('',(#7481));
#7483=SURFACE_STYLE_FILL_AREA(#7482);
#7484=SURFACE_SIDE_STYLE('',(#7483));
#7485=SURFACE_STYLE_USAGE(.POSITIVE.,#7484);
#7486=PRESENTATION_STYLE_ASSIGNMENT((#7485));
#7487=STYLED_ITEM('',(#7486),#7480);
#7488=CARTESIAN_POINT('',(2.75E0,1.372502E1,-1.7E0));
#7489=DIRECTION('',(0.E0,-1.E0,0.E0));
#7490=DIRECTION('',(1.E0,0.E0,0.E0));
#7491=AXIS2_PLACEMENT_3D('',#7488,#7489,#7490);
#7492=CYLINDRICAL_SURFACE('',#7491,2.E-1);
#7493=ORIENTED_EDGE('',*,*,#7474,.T.);
#7494=ORIENTED_EDGE('',*,*,#7423,.T.);
#7495=ORIENTED_EDGE('',*,*,#4871,.T.);
#7497=ORIENTED_EDGE('',*,*,#7496,.F.);
#7498=EDGE_LOOP('',(#7493,#7494,#7495,#7497));
#7499=FACE_OUTER_BOUND('',#7498,.F.);
#7500=ADVANCED_FACE('',(#7499),#7492,.T.);
#7501=FILL_AREA_STYLE_COLOUR('',#6);
#7502=FILL_AREA_STYLE('',(#7501));
#7503=SURFACE_STYLE_FILL_AREA(#7502);
#7504=SURFACE_SIDE_STYLE('',(#7503));
#7505=SURFACE_STYLE_USAGE(.POSITIVE.,#7504);
#7506=PRESENTATION_STYLE_ASSIGNMENT((#7505));
#7507=STYLED_ITEM('',(#7506),#7500);
#7508=CARTESIAN_POINT('',(1.5E0,1.615E0,-1.5E0));
#7509=DIRECTION('',(0.E0,0.E0,1.E0));
#7510=DIRECTION('',(1.E0,0.E0,0.E0));
#7511=AXIS2_PLACEMENT_3D('',#7508,#7509,#7510);
#7512=PLANE('',#7511);
#7514=ORIENTED_EDGE('',*,*,#7513,.T.);
#7515=ORIENTED_EDGE('',*,*,#7496,.T.);
#7516=ORIENTED_EDGE('',*,*,#4869,.F.);
#7518=ORIENTED_EDGE('',*,*,#7517,.T.);
#7519=EDGE_LOOP('',(#7514,#7515,#7516,#7518));
#7520=FACE_OUTER_BOUND('',#7519,.F.);
#7521=ADVANCED_FACE('',(#7520),#7512,.T.);
#7522=FILL_AREA_STYLE_COLOUR('',#6);
#7523=FILL_AREA_STYLE('',(#7522));
#7524=SURFACE_STYLE_FILL_AREA(#7523);
#7525=SURFACE_SIDE_STYLE('',(#7524));
#7526=SURFACE_STYLE_USAGE(.POSITIVE.,#7525);
#7527=PRESENTATION_STYLE_ASSIGNMENT((#7526));
#7528=STYLED_ITEM('',(#7527),#7521);
#7529=CARTESIAN_POINT('',(1.676635773732E0,2.015E0,-1.6E0));
#7530=DIRECTION('',(1.E0,0.E0,0.E0));
#7531=DIRECTION('',(0.E0,1.E0,0.E0));
#7532=AXIS2_PLACEMENT_3D('',#7529,#7530,#7531);
#7533=CYLINDRICAL_SURFACE('',#7532,1.E-1);
#7534=ORIENTED_EDGE('',*,*,#7097,.T.);
#7535=ORIENTED_EDGE('',*,*,#7476,.T.);
#7536=ORIENTED_EDGE('',*,*,#7513,.F.);
#7538=ORIENTED_EDGE('',*,*,#7537,.F.);
#7539=EDGE_LOOP('',(#7534,#7535,#7536,#7538));
#7540=FACE_OUTER_BOUND('',#7539,.F.);
#7541=ADVANCED_FACE('',(#7540),#7533,.T.);
#7542=FILL_AREA_STYLE_COLOUR('',#6);
#7543=FILL_AREA_STYLE('',(#7542));
#7544=SURFACE_STYLE_FILL_AREA(#7543);
#7545=SURFACE_SIDE_STYLE('',(#7544));
#7546=SURFACE_STYLE_USAGE(.POSITIVE.,#7545);
#7547=PRESENTATION_STYLE_ASSIGNMENT((#7546));
#7548=STYLED_ITEM('',(#7547),#7541);
#7549=CARTESIAN_POINT('',(1.7E0,2.015E0,-1.3E0));
#7550=DIRECTION('',(0.E0,1.E0,0.E0));
#7551=DIRECTION('',(-9.862617190122E-1,0.E0,1.651902588263E-1));
#7552=AXIS2_PLACEMENT_3D('',#7549,#7550,#7551);
#7553=TOROIDAL_SURFACE('',#7552,3.E-1,1.E-1);
#7554=ORIENTED_EDGE('',*,*,#7099,.T.);
#7555=ORIENTED_EDGE('',*,*,#7537,.T.);
#7557=ORIENTED_EDGE('',*,*,#7556,.F.);
#7559=ORIENTED_EDGE('',*,*,#7558,.F.);
#7560=EDGE_LOOP('',(#7554,#7555,#7557,#7559));
#7561=FACE_OUTER_BOUND('',#7560,.F.);
#7562=ADVANCED_FACE('',(#7561),#7553,.T.);
#7563=FILL_AREA_STYLE_COLOUR('',#6);
#7564=FILL_AREA_STYLE('',(#7563));
#7565=SURFACE_STYLE_FILL_AREA(#7564);
#7566=SURFACE_SIDE_STYLE('',(#7565));
#7567=SURFACE_STYLE_USAGE(.POSITIVE.,#7566);
#7568=PRESENTATION_STYLE_ASSIGNMENT((#7567));
#7569=STYLED_ITEM('',(#7568),#7562);
#7570=CARTESIAN_POINT('',(1.7E0,-1.134502E1,-1.3E0));
#7571=DIRECTION('',(0.E0,1.E0,0.E0));
#7572=DIRECTION('',(0.E0,0.E0,-1.E0));
#7573=AXIS2_PLACEMENT_3D('',#7570,#7571,#7572);
#7574=CYLINDRICAL_SURFACE('',#7573,2.E-1);
#7575=ORIENTED_EDGE('',*,*,#7556,.T.);
#7576=ORIENTED_EDGE('',*,*,#7517,.F.);
#7577=ORIENTED_EDGE('',*,*,#4867,.T.);
#7579=ORIENTED_EDGE('',*,*,#7578,.T.);
#7580=EDGE_LOOP('',(#7575,#7576,#7577,#7579));
#7581=FACE_OUTER_BOUND('',#7580,.F.);
#7582=ADVANCED_FACE('',(#7581),#7574,.F.);
#7583=FILL_AREA_STYLE_COLOUR('',#6);
#7584=FILL_AREA_STYLE('',(#7583));
#7585=SURFACE_STYLE_FILL_AREA(#7584);
#7586=SURFACE_SIDE_STYLE('',(#7585));
#7587=SURFACE_STYLE_USAGE(.POSITIVE.,#7586);
#7588=PRESENTATION_STYLE_ASSIGNMENT((#7587));
#7589=STYLED_ITEM('',(#7588),#7582);
#7590=CARTESIAN_POINT('',(1.5E0,1.615E0,1.3E0));
#7591=DIRECTION('',(1.E0,0.E0,0.E0));
#7592=DIRECTION('',(0.E0,0.E0,-1.E0));
#7593=AXIS2_PLACEMENT_3D('',#7590,#7591,#7592);
#7594=PLANE('',#7593);
#7596=ORIENTED_EDGE('',*,*,#7595,.T.);
#7597=ORIENTED_EDGE('',*,*,#7578,.F.);
#7598=ORIENTED_EDGE('',*,*,#4865,.F.);
#7600=ORIENTED_EDGE('',*,*,#7599,.T.);
#7601=EDGE_LOOP('',(#7596,#7597,#7598,#7600));
#7602=FACE_OUTER_BOUND('',#7601,.F.);
#7603=ADVANCED_FACE('',(#7602),#7594,.T.);
#7604=FILL_AREA_STYLE_COLOUR('',#6);
#7605=FILL_AREA_STYLE('',(#7604));
#7606=SURFACE_STYLE_FILL_AREA(#7605);
#7607=SURFACE_SIDE_STYLE('',(#7606));
#7608=SURFACE_STYLE_USAGE(.POSITIVE.,#7607);
#7609=PRESENTATION_STYLE_ASSIGNMENT((#7608));
#7610=STYLED_ITEM('',(#7609),#7603);
#7611=CARTESIAN_POINT('',(1.4E0,2.015E0,1.123364226268E0));
#7612=DIRECTION('',(0.E0,0.E0,-1.E0));
#7613=DIRECTION('',(0.E0,1.E0,0.E0));
#7614=AXIS2_PLACEMENT_3D('',#7611,#7612,#7613);
#7615=CYLINDRICAL_SURFACE('',#7614,1.E-1);
#7616=ORIENTED_EDGE('',*,*,#7101,.T.);
#7617=ORIENTED_EDGE('',*,*,#7558,.T.);
#7618=ORIENTED_EDGE('',*,*,#7595,.F.);
#7620=ORIENTED_EDGE('',*,*,#7619,.F.);
#7621=EDGE_LOOP('',(#7616,#7617,#7618,#7620));
#7622=FACE_OUTER_BOUND('',#7621,.F.);
#7623=ADVANCED_FACE('',(#7622),#7615,.T.);
#7624=FILL_AREA_STYLE_COLOUR('',#6);
#7625=FILL_AREA_STYLE('',(#7624));
#7626=SURFACE_STYLE_FILL_AREA(#7625);
#7627=SURFACE_SIDE_STYLE('',(#7626));
#7628=SURFACE_STYLE_USAGE(.POSITIVE.,#7627);
#7629=PRESENTATION_STYLE_ASSIGNMENT((#7628));
#7630=STYLED_ITEM('',(#7629),#7623);
#7631=CARTESIAN_POINT('',(1.7E0,2.015E0,1.1E0));
#7632=DIRECTION('',(0.E0,1.E0,0.E0));
#7633=DIRECTION('',(1.651902588263E-1,0.E0,9.862617190122E-1));
#7634=AXIS2_PLACEMENT_3D('',#7631,#7632,#7633);
#7635=TOROIDAL_SURFACE('',#7634,3.E-1,1.E-1);
#7636=ORIENTED_EDGE('',*,*,#7103,.T.);
#7637=ORIENTED_EDGE('',*,*,#7619,.T.);
#7639=ORIENTED_EDGE('',*,*,#7638,.F.);
#7641=ORIENTED_EDGE('',*,*,#7640,.F.);
#7642=EDGE_LOOP('',(#7636,#7637,#7639,#7641));
#7643=FACE_OUTER_BOUND('',#7642,.F.);
#7644=ADVANCED_FACE('',(#7643),#7635,.T.);
#7645=FILL_AREA_STYLE_COLOUR('',#6);
#7646=FILL_AREA_STYLE('',(#7645));
#7647=SURFACE_STYLE_FILL_AREA(#7646);
#7648=SURFACE_SIDE_STYLE('',(#7647));
#7649=SURFACE_STYLE_USAGE(.POSITIVE.,#7648);
#7650=PRESENTATION_STYLE_ASSIGNMENT((#7649));
#7651=STYLED_ITEM('',(#7650),#7644);
#7652=CARTESIAN_POINT('',(1.7E0,-1.134502E1,1.1E0));
#7653=DIRECTION('',(0.E0,1.E0,0.E0));
#7654=DIRECTION('',(-1.E0,0.E0,0.E0));
#7655=AXIS2_PLACEMENT_3D('',#7652,#7653,#7654);
#7656=CYLINDRICAL_SURFACE('',#7655,2.E-1);
#7657=ORIENTED_EDGE('',*,*,#7638,.T.);
#7658=ORIENTED_EDGE('',*,*,#7599,.F.);
#7659=ORIENTED_EDGE('',*,*,#4863,.T.);
#7661=ORIENTED_EDGE('',*,*,#7660,.T.);
#7662=EDGE_LOOP('',(#7657,#7658,#7659,#7661));
#7663=FACE_OUTER_BOUND('',#7662,.F.);
#7664=ADVANCED_FACE('',(#7663),#7656,.F.);
#7665=FILL_AREA_STYLE_COLOUR('',#6);
#7666=FILL_AREA_STYLE('',(#7665));
#7667=SURFACE_STYLE_FILL_AREA(#7666);
#7668=SURFACE_SIDE_STYLE('',(#7667));
#7669=SURFACE_STYLE_USAGE(.POSITIVE.,#7668);
#7670=PRESENTATION_STYLE_ASSIGNMENT((#7669));
#7671=STYLED_ITEM('',(#7670),#7664);
#7672=CARTESIAN_POINT('',(2.95E0,1.615E0,1.3E0));
#7673=DIRECTION('',(0.E0,0.E0,-1.E0));
#7674=DIRECTION('',(-1.E0,0.E0,0.E0));
#7675=AXIS2_PLACEMENT_3D('',#7672,#7673,#7674);
#7676=PLANE('',#7675);
#7678=ORIENTED_EDGE('',*,*,#7677,.T.);
#7679=ORIENTED_EDGE('',*,*,#7660,.F.);
#7680=ORIENTED_EDGE('',*,*,#4861,.F.);
#7682=ORIENTED_EDGE('',*,*,#7681,.F.);
#7683=EDGE_LOOP('',(#7678,#7679,#7680,#7682));
#7684=FACE_OUTER_BOUND('',#7683,.F.);
#7685=ADVANCED_FACE('',(#7684),#7676,.T.);
#7686=FILL_AREA_STYLE_COLOUR('',#6);
#7687=FILL_AREA_STYLE('',(#7686));
#7688=SURFACE_STYLE_FILL_AREA(#7687);
#7689=SURFACE_SIDE_STYLE('',(#7688));
#7690=SURFACE_STYLE_USAGE(.POSITIVE.,#7689);
#7691=PRESENTATION_STYLE_ASSIGNMENT((#7690));
#7692=STYLED_ITEM('',(#7691),#7685);
#7693=CARTESIAN_POINT('',(2.773364226268E0,2.015E0,1.4E0));
#7694=DIRECTION('',(-1.E0,0.E0,0.E0));
#7695=DIRECTION('',(0.E0,1.E0,0.E0));
#7696=AXIS2_PLACEMENT_3D('',#7693,#7694,#7695);
#7697=CYLINDRICAL_SURFACE('',#7696,1.E-1);
#7698=ORIENTED_EDGE('',*,*,#7105,.T.);
#7699=ORIENTED_EDGE('',*,*,#7640,.T.);
#7700=ORIENTED_EDGE('',*,*,#7677,.F.);
#7702=ORIENTED_EDGE('',*,*,#7701,.F.);
#7703=EDGE_LOOP('',(#7698,#7699,#7700,#7702));
#7704=FACE_OUTER_BOUND('',#7703,.F.);
#7705=ADVANCED_FACE('',(#7704),#7697,.T.);
#7706=FILL_AREA_STYLE_COLOUR('',#6);
#7707=FILL_AREA_STYLE('',(#7706));
#7708=SURFACE_STYLE_FILL_AREA(#7707);
#7709=SURFACE_SIDE_STYLE('',(#7708));
#7710=SURFACE_STYLE_USAGE(.POSITIVE.,#7709);
#7711=PRESENTATION_STYLE_ASSIGNMENT((#7710));
#7712=STYLED_ITEM('',(#7711),#7705);
#7713=CARTESIAN_POINT('',(2.75E0,2.015E0,1.5E0));
#7714=DIRECTION('',(0.E0,-1.E0,0.E0));
#7715=DIRECTION('',(9.862617190122E-1,0.E0,1.651902588263E-1));
#7716=AXIS2_PLACEMENT_3D('',#7713,#7714,#7715);
#7717=TOROIDAL_SURFACE('',#7716,1.E-1,1.E-1);
#7718=ORIENTED_EDGE('',*,*,#7107,.T.);
#7719=ORIENTED_EDGE('',*,*,#7701,.T.);
#7721=ORIENTED_EDGE('',*,*,#7720,.F.);
#7723=ORIENTED_EDGE('',*,*,#7722,.F.);
#7724=EDGE_LOOP('',(#7718,#7719,#7721,#7723));
#7725=FACE_OUTER_BOUND('',#7724,.F.);
#7726=ADVANCED_FACE('',(#7725),#7717,.T.);
#7727=FILL_AREA_STYLE_COLOUR('',#6);
#7728=FILL_AREA_STYLE('',(#7727));
#7729=SURFACE_STYLE_FILL_AREA(#7728);
#7730=SURFACE_SIDE_STYLE('',(#7729));
#7731=SURFACE_STYLE_USAGE(.POSITIVE.,#7730);
#7732=PRESENTATION_STYLE_ASSIGNMENT((#7731));
#7733=STYLED_ITEM('',(#7732),#7726);
#7734=CARTESIAN_POINT('',(2.75E0,1.372502E1,1.5E0));
#7735=DIRECTION('',(0.E0,-1.E0,0.E0));
#7736=DIRECTION('',(0.E0,0.E0,-1.E0));
#7737=AXIS2_PLACEMENT_3D('',#7734,#7735,#7736);
#7738=CYLINDRICAL_SURFACE('',#7737,2.E-1);
#7739=ORIENTED_EDGE('',*,*,#7720,.T.);
#7740=ORIENTED_EDGE('',*,*,#7681,.T.);
#7741=ORIENTED_EDGE('',*,*,#4859,.T.);
#7743=ORIENTED_EDGE('',*,*,#7742,.F.);
#7744=EDGE_LOOP('',(#7739,#7740,#7741,#7743));
#7745=FACE_OUTER_BOUND('',#7744,.F.);
#7746=ADVANCED_FACE('',(#7745),#7738,.T.);
#7747=FILL_AREA_STYLE_COLOUR('',#6);
#7748=FILL_AREA_STYLE('',(#7747));
#7749=SURFACE_STYLE_FILL_AREA(#7748);
#7750=SURFACE_SIDE_STYLE('',(#7749));
#7751=SURFACE_STYLE_USAGE(.POSITIVE.,#7750);
#7752=PRESENTATION_STYLE_ASSIGNMENT((#7751));
#7753=STYLED_ITEM('',(#7752),#7746);
#7754=CARTESIAN_POINT('',(2.95E0,1.615E0,2.1E0));
#7755=DIRECTION('',(1.E0,0.E0,0.E0));
#7756=DIRECTION('',(0.E0,0.E0,-1.E0));
#7757=AXIS2_PLACEMENT_3D('',#7754,#7755,#7756);
#7758=PLANE('',#7757);
#7760=ORIENTED_EDGE('',*,*,#7759,.T.);
#7761=ORIENTED_EDGE('',*,*,#7742,.T.);
#7762=ORIENTED_EDGE('',*,*,#4857,.F.);
#7764=ORIENTED_EDGE('',*,*,#7763,.F.);
#7765=EDGE_LOOP('',(#7760,#7761,#7762,#7764));
#7766=FACE_OUTER_BOUND('',#7765,.F.);
#7767=ADVANCED_FACE('',(#7766),#7758,.T.);
#7768=FILL_AREA_STYLE_COLOUR('',#6);
#7769=FILL_AREA_STYLE('',(#7768));
#7770=SURFACE_STYLE_FILL_AREA(#7769);
#7771=SURFACE_SIDE_STYLE('',(#7770));
#7772=SURFACE_STYLE_USAGE(.POSITIVE.,#7771);
#7773=PRESENTATION_STYLE_ASSIGNMENT((#7772));
#7774=STYLED_ITEM('',(#7773),#7767);
#7775=CARTESIAN_POINT('',(2.85E0,2.015E0,1.923364226268E0));
#7776=DIRECTION('',(0.E0,0.E0,-1.E0));
#7777=DIRECTION('',(0.E0,1.E0,0.E0));
#7778=AXIS2_PLACEMENT_3D('',#7775,#7776,#7777);
#7779=CYLINDRICAL_SURFACE('',#7778,1.E-1);
#7780=ORIENTED_EDGE('',*,*,#7109,.T.);
#7781=ORIENTED_EDGE('',*,*,#7722,.T.);
#7782=ORIENTED_EDGE('',*,*,#7759,.F.);
#7784=ORIENTED_EDGE('',*,*,#7783,.F.);
#7785=EDGE_LOOP('',(#7780,#7781,#7782,#7784));
#7786=FACE_OUTER_BOUND('',#7785,.F.);
#7787=ADVANCED_FACE('',(#7786),#7779,.T.);
#7788=FILL_AREA_STYLE_COLOUR('',#6);
#7789=FILL_AREA_STYLE('',(#7788));
#7790=SURFACE_STYLE_FILL_AREA(#7789);
#7791=SURFACE_SIDE_STYLE('',(#7790));
#7792=SURFACE_STYLE_USAGE(.POSITIVE.,#7791);
#7793=PRESENTATION_STYLE_ASSIGNMENT((#7792));
#7794=STYLED_ITEM('',(#7793),#7787);
#7795=CARTESIAN_POINT('',(2.818630576875E0,2.110877052933E0,1.879657765650E0));
#7796=CARTESIAN_POINT('',(2.901324046848E0,2.136441566024E0,1.855147262868E0));
#7797=CARTESIAN_POINT('',(2.962311646685E0,2.072831350443E0,1.837070421541E0));
#7798=CARTESIAN_POINT('',(2.937801145027E0,1.986581859298E0,1.844335381148E0));
#7799=CARTESIAN_POINT('',(2.836930131605E0,2.110877052933E0,1.941396755383E0));
#7800=CARTESIAN_POINT('',(2.941672865165E0,2.136441566024E0,1.991276000234E0));
#7801=CARTESIAN_POINT('',(3.018922107726E0,2.072831350443E0,2.028062646461E0));
#7802=CARTESIAN_POINT('',(2.987876162436E0,1.986581859298E0,2.013278343492E0));
#7803=CARTESIAN_POINT('',(2.791396756453E0,2.110877052933E0,1.986930131095E0));
#7804=CARTESIAN_POINT('',(2.841276002593E0,2.136441566024E0,2.091672864041E0));
#7805=CARTESIAN_POINT('',(2.878062649771E0,2.072831350443E0,2.168922106149E0));
#7806=CARTESIAN_POINT('',(2.863278346420E0,1.986581859298E0,2.137876161042E0));
#7807=CARTESIAN_POINT('',(2.729657766495E0,2.110877052933E0,1.968630577125E0));
#7808=CARTESIAN_POINT('',(2.705147264731E0,2.136441566024E0,2.051324047400E0));
#7809=CARTESIAN_POINT('',(2.687070424154E0,2.072831350443E0,2.112311647460E0));
#7810=CARTESIAN_POINT('',(2.694335383459E0,1.986581859298E0,2.087801145712E0));
#7811=(BOUNDED_SURFACE()B_SPLINE_SURFACE(3,3,((#7795,#7796,#7797,#7798),(#7799,
#7800,#7801,#7802),(#7803,#7804,#7805,#7806),(#7807,#7808,#7809,#7810)),
.UNSPECIFIED.,.F.,.F.,.F.)B_SPLINE_SURFACE_WITH_KNOTS((4,4),(4,4),(0.E0,1.E0),(
0.E0,1.E0),.UNSPECIFIED.)GEOMETRIC_REPRESENTATION_ITEM()RATIONAL_B_SPLINE_SURFACE(((1.833560120673E0,1.194266823126E0,1.194266823126E0,1.833560120673E0),(
1.194266816314E0,7.778709956674E-1,7.778709956674E-1,1.194266816314E0),(
1.194266816314E0,7.778709956674E-1,7.778709956674E-1,1.194266816314E0),(
1.833560120673E0,1.194266823126E0,1.194266823126E0,1.833560120673E0)))REPRESENTATION_ITEM('')SURFACE());
#7812=ORIENTED_EDGE('',*,*,#7111,.T.);
#7813=ORIENTED_EDGE('',*,*,#7783,.T.);
#7815=ORIENTED_EDGE('',*,*,#7814,.F.);
#7817=ORIENTED_EDGE('',*,*,#7816,.F.);
#7818=EDGE_LOOP('',(#7812,#7813,#7815,#7817));
#7819=FACE_OUTER_BOUND('',#7818,.F.);
#7820=ADVANCED_FACE('',(#7819),#7811,.T.);
#7821=FILL_AREA_STYLE_COLOUR('',#6);
#7822=FILL_AREA_STYLE('',(#7821));
#7823=SURFACE_STYLE_FILL_AREA(#7822);
#7824=SURFACE_SIDE_STYLE('',(#7823));
#7825=SURFACE_STYLE_USAGE(.POSITIVE.,#7824);
#7826=PRESENTATION_STYLE_ASSIGNMENT((#7825));
#7827=STYLED_ITEM('',(#7826),#7820);
#7828=CARTESIAN_POINT('',(2.75E0,1.372502E1,1.9E0));
#7829=DIRECTION('',(0.E0,-1.E0,0.E0));
#7830=DIRECTION('',(1.E0,0.E0,0.E0));
#7831=AXIS2_PLACEMENT_3D('',#7828,#7829,#7830);
#7832=CYLINDRICAL_SURFACE('',#7831,2.E-1);
#7833=ORIENTED_EDGE('',*,*,#7814,.T.);
#7834=ORIENTED_EDGE('',*,*,#7763,.T.);
#7835=ORIENTED_EDGE('',*,*,#4855,.T.);
#7837=ORIENTED_EDGE('',*,*,#7836,.F.);
#7838=EDGE_LOOP('',(#7833,#7834,#7835,#7837));
#7839=FACE_OUTER_BOUND('',#7838,.F.);
#7840=ADVANCED_FACE('',(#7839),#7832,.T.);
#7841=FILL_AREA_STYLE_COLOUR('',#6);
#7842=FILL_AREA_STYLE('',(#7841));
#7843=SURFACE_STYLE_FILL_AREA(#7842);
#7844=SURFACE_SIDE_STYLE('',(#7843));
#7845=SURFACE_STYLE_USAGE(.POSITIVE.,#7844);
#7846=PRESENTATION_STYLE_ASSIGNMENT((#7845));
#7847=STYLED_ITEM('',(#7846),#7840);
#7848=CARTESIAN_POINT('',(1.5E0,1.615E0,2.1E0));
#7849=DIRECTION('',(0.E0,0.E0,1.E0));
#7850=DIRECTION('',(1.E0,0.E0,0.E0));
#7851=AXIS2_PLACEMENT_3D('',#7848,#7849,#7850);
#7852=PLANE('',#7851);
#7854=ORIENTED_EDGE('',*,*,#7853,.T.);
#7855=ORIENTED_EDGE('',*,*,#7836,.T.);
#7856=ORIENTED_EDGE('',*,*,#4853,.F.);
#7858=ORIENTED_EDGE('',*,*,#7857,.T.);
#7859=EDGE_LOOP('',(#7854,#7855,#7856,#7858));
#7860=FACE_OUTER_BOUND('',#7859,.F.);
#7861=ADVANCED_FACE('',(#7860),#7852,.T.);
#7862=FILL_AREA_STYLE_COLOUR('',#6);
#7863=FILL_AREA_STYLE('',(#7862));
#7864=SURFACE_STYLE_FILL_AREA(#7863);
#7865=SURFACE_SIDE_STYLE('',(#7864));
#7866=SURFACE_STYLE_USAGE(.POSITIVE.,#7865);
#7867=PRESENTATION_STYLE_ASSIGNMENT((#7866));
#7868=STYLED_ITEM('',(#7867),#7861);
#7869=CARTESIAN_POINT('',(1.676635773732E0,2.015E0,2.E0));
#7870=DIRECTION('',(1.E0,0.E0,0.E0));
#7871=DIRECTION('',(0.E0,1.E0,0.E0));
#7872=AXIS2_PLACEMENT_3D('',#7869,#7870,#7871);
#7873=CYLINDRICAL_SURFACE('',#7872,1.E-1);
#7874=ORIENTED_EDGE('',*,*,#7113,.T.);
#7875=ORIENTED_EDGE('',*,*,#7816,.T.);
#7876=ORIENTED_EDGE('',*,*,#7853,.F.);
#7878=ORIENTED_EDGE('',*,*,#7877,.F.);
#7879=EDGE_LOOP('',(#7874,#7875,#7876,#7878));
#7880=FACE_OUTER_BOUND('',#7879,.F.);
#7881=ADVANCED_FACE('',(#7880),#7873,.T.);
#7882=FILL_AREA_STYLE_COLOUR('',#6);
#7883=FILL_AREA_STYLE('',(#7882));
#7884=SURFACE_STYLE_FILL_AREA(#7883);
#7885=SURFACE_SIDE_STYLE('',(#7884));
#7886=SURFACE_STYLE_USAGE(.POSITIVE.,#7885);
#7887=PRESENTATION_STYLE_ASSIGNMENT((#7886));
#7888=STYLED_ITEM('',(#7887),#7881);
#7889=CARTESIAN_POINT('',(1.7E0,2.015E0,2.3E0));
#7890=DIRECTION('',(0.E0,1.E0,0.E0));
#7891=DIRECTION('',(-9.862617190122E-1,0.E0,1.651902588263E-1));
#7892=AXIS2_PLACEMENT_3D('',#7889,#7890,#7891);
#7893=TOROIDAL_SURFACE('',#7892,3.E-1,1.E-1);
#7894=ORIENTED_EDGE('',*,*,#7115,.T.);
#7895=ORIENTED_EDGE('',*,*,#7877,.T.);
#7897=ORIENTED_EDGE('',*,*,#7896,.F.);
#7899=ORIENTED_EDGE('',*,*,#7898,.F.);
#7900=EDGE_LOOP('',(#7894,#7895,#7897,#7899));
#7901=FACE_OUTER_BOUND('',#7900,.F.);
#7902=ADVANCED_FACE('',(#7901),#7893,.T.);
#7903=FILL_AREA_STYLE_COLOUR('',#6);
#7904=FILL_AREA_STYLE('',(#7903));
#7905=SURFACE_STYLE_FILL_AREA(#7904);
#7906=SURFACE_SIDE_STYLE('',(#7905));
#7907=SURFACE_STYLE_USAGE(.POSITIVE.,#7906);
#7908=PRESENTATION_STYLE_ASSIGNMENT((#7907));
#7909=STYLED_ITEM('',(#7908),#7902);
#7910=CARTESIAN_POINT('',(1.7E0,-1.134502E1,2.3E0));
#7911=DIRECTION('',(0.E0,1.E0,0.E0));
#7912=DIRECTION('',(0.E0,0.E0,-1.E0));
#7913=AXIS2_PLACEMENT_3D('',#7910,#7911,#7912);
#7914=CYLINDRICAL_SURFACE('',#7913,2.E-1);
#7915=ORIENTED_EDGE('',*,*,#7896,.T.);
#7916=ORIENTED_EDGE('',*,*,#7857,.F.);
#7917=ORIENTED_EDGE('',*,*,#4851,.T.);
#7919=ORIENTED_EDGE('',*,*,#7918,.T.);
#7920=EDGE_LOOP('',(#7915,#7916,#7917,#7919));
#7921=FACE_OUTER_BOUND('',#7920,.F.);
#7922=ADVANCED_FACE('',(#7921),#7914,.F.);
#7923=FILL_AREA_STYLE_COLOUR('',#6);
#7924=FILL_AREA_STYLE('',(#7923));
#7925=SURFACE_STYLE_FILL_AREA(#7924);
#7926=SURFACE_SIDE_STYLE('',(#7925));
#7927=SURFACE_STYLE_USAGE(.POSITIVE.,#7926);
#7928=PRESENTATION_STYLE_ASSIGNMENT((#7927));
#7929=STYLED_ITEM('',(#7928),#7922);
#7930=CARTESIAN_POINT('',(1.5E0,1.615E0,2.8E0));
#7931=DIRECTION('',(1.E0,0.E0,0.E0));
#7932=DIRECTION('',(0.E0,0.E0,-1.E0));
#7933=AXIS2_PLACEMENT_3D('',#7930,#7931,#7932);
#7934=PLANE('',#7933);
#7936=ORIENTED_EDGE('',*,*,#7935,.T.);
#7937=ORIENTED_EDGE('',*,*,#7918,.F.);
#7938=ORIENTED_EDGE('',*,*,#4849,.F.);
#7940=ORIENTED_EDGE('',*,*,#7939,.F.);
#7941=EDGE_LOOP('',(#7936,#7937,#7938,#7940));
#7942=FACE_OUTER_BOUND('',#7941,.F.);
#7943=ADVANCED_FACE('',(#7942),#7934,.T.);
#7944=FILL_AREA_STYLE_COLOUR('',#6);
#7945=FILL_AREA_STYLE('',(#7944));
#7946=SURFACE_STYLE_FILL_AREA(#7945);
#7947=SURFACE_SIDE_STYLE('',(#7946));
#7948=SURFACE_STYLE_USAGE(.POSITIVE.,#7947);
#7949=PRESENTATION_STYLE_ASSIGNMENT((#7948));
#7950=STYLED_ITEM('',(#7949),#7943);
#7951=CARTESIAN_POINT('',(1.4E0,2.015E0,2.623364226268E0));
#7952=DIRECTION('',(0.E0,0.E0,-1.E0));
#7953=DIRECTION('',(0.E0,1.E0,0.E0));
#7954=AXIS2_PLACEMENT_3D('',#7951,#7952,#7953);
#7955=CYLINDRICAL_SURFACE('',#7954,1.E-1);
#7956=ORIENTED_EDGE('',*,*,#7117,.T.);
#7957=ORIENTED_EDGE('',*,*,#7898,.T.);
#7958=ORIENTED_EDGE('',*,*,#7935,.F.);
#7960=ORIENTED_EDGE('',*,*,#7959,.F.);
#7961=EDGE_LOOP('',(#7956,#7957,#7958,#7960));
#7962=FACE_OUTER_BOUND('',#7961,.F.);
#7963=ADVANCED_FACE('',(#7962),#7955,.T.);
#7964=FILL_AREA_STYLE_COLOUR('',#6);
#7965=FILL_AREA_STYLE('',(#7964));
#7966=SURFACE_STYLE_FILL_AREA(#7965);
#7967=SURFACE_SIDE_STYLE('',(#7966));
#7968=SURFACE_STYLE_USAGE(.POSITIVE.,#7967);
#7969=PRESENTATION_STYLE_ASSIGNMENT((#7968));
#7970=STYLED_ITEM('',(#7969),#7963);
#7971=CARTESIAN_POINT('',(1.3E0,2.015E0,2.6E0));
#7972=DIRECTION('',(0.E0,-1.E0,0.E0));
#7973=DIRECTION('',(-1.651902588263E-1,0.E0,9.862617190122E-1));
#7974=AXIS2_PLACEMENT_3D('',#7971,#7972,#7973);
#7975=TOROIDAL_SURFACE('',#7974,1.E-1,1.E-1);
#7976=ORIENTED_EDGE('',*,*,#7119,.T.);
#7977=ORIENTED_EDGE('',*,*,#7959,.T.);
#7979=ORIENTED_EDGE('',*,*,#7978,.F.);
#7981=ORIENTED_EDGE('',*,*,#7980,.F.);
#7982=EDGE_LOOP('',(#7976,#7977,#7979,#7981));
#7983=FACE_OUTER_BOUND('',#7982,.F.);
#7984=ADVANCED_FACE('',(#7983),#7975,.T.);
#7985=FILL_AREA_STYLE_COLOUR('',#6);
#7986=FILL_AREA_STYLE('',(#7985));
#7987=SURFACE_STYLE_FILL_AREA(#7986);
#7988=SURFACE_SIDE_STYLE('',(#7987));
#7989=SURFACE_STYLE_USAGE(.POSITIVE.,#7988);
#7990=PRESENTATION_STYLE_ASSIGNMENT((#7989));
#7991=STYLED_ITEM('',(#7990),#7984);
#7992=CARTESIAN_POINT('',(1.3E0,1.372502E1,2.6E0));
#7993=DIRECTION('',(0.E0,-1.E0,0.E0));
#7994=DIRECTION('',(1.E0,0.E0,0.E0));
#7995=AXIS2_PLACEMENT_3D('',#7992,#7993,#7994);
#7996=CYLINDRICAL_SURFACE('',#7995,2.E-1);
#7997=ORIENTED_EDGE('',*,*,#7978,.T.);
#7998=ORIENTED_EDGE('',*,*,#7939,.T.);
#7999=ORIENTED_EDGE('',*,*,#4847,.T.);
#8001=ORIENTED_EDGE('',*,*,#8000,.F.);
#8002=EDGE_LOOP('',(#7997,#7998,#7999,#8001));
#8003=FACE_OUTER_BOUND('',#8002,.F.);
#8004=ADVANCED_FACE('',(#8003),#7996,.T.);
#8005=FILL_AREA_STYLE_COLOUR('',#6);
#8006=FILL_AREA_STYLE('',(#8005));
#8007=SURFACE_STYLE_FILL_AREA(#8006);
#8008=SURFACE_SIDE_STYLE('',(#8007));
#8009=SURFACE_STYLE_USAGE(.POSITIVE.,#8008);
#8010=PRESENTATION_STYLE_ASSIGNMENT((#8009));
#8011=STYLED_ITEM('',(#8010),#8004);
#8012=CARTESIAN_POINT('',(9.E-1,1.615E0,2.8E0));
#8013=DIRECTION('',(0.E0,0.E0,1.E0));
#8014=DIRECTION('',(1.E0,0.E0,0.E0));
#8015=AXIS2_PLACEMENT_3D('',#8012,#8013,#8014);
#8016=PLANE('',#8015);
#8018=ORIENTED_EDGE('',*,*,#8017,.T.);
#8019=ORIENTED_EDGE('',*,*,#8000,.T.);
#8020=ORIENTED_EDGE('',*,*,#4845,.F.);
#8022=ORIENTED_EDGE('',*,*,#8021,.F.);
#8023=EDGE_LOOP('',(#8018,#8019,#8020,#8022));
#8024=FACE_OUTER_BOUND('',#8023,.F.);
#8025=ADVANCED_FACE('',(#8024),#8016,.T.);
#8026=FILL_AREA_STYLE_COLOUR('',#6);
#8027=FILL_AREA_STYLE('',(#8026));
#8028=SURFACE_STYLE_FILL_AREA(#8027);
#8029=SURFACE_SIDE_STYLE('',(#8028));
#8030=SURFACE_STYLE_USAGE(.POSITIVE.,#8029);
#8031=PRESENTATION_STYLE_ASSIGNMENT((#8030));
#8032=STYLED_ITEM('',(#8031),#8025);
#8033=CARTESIAN_POINT('',(1.076635773732E0,2.015E0,2.7E0));
#8034=DIRECTION('',(1.E0,0.E0,0.E0));
#8035=DIRECTION('',(0.E0,1.E0,0.E0));
#8036=AXIS2_PLACEMENT_3D('',#8033,#8034,#8035);
#8037=CYLINDRICAL_SURFACE('',#8036,1.E-1);
#8038=ORIENTED_EDGE('',*,*,#7121,.T.);
#8039=ORIENTED_EDGE('',*,*,#7980,.T.);
#8040=ORIENTED_EDGE('',*,*,#8017,.F.);
#8042=ORIENTED_EDGE('',*,*,#8041,.F.);
#8043=EDGE_LOOP('',(#8038,#8039,#8040,#8042));
#8044=FACE_OUTER_BOUND('',#8043,.F.);
#8045=ADVANCED_FACE('',(#8044),#8037,.T.);
#8046=FILL_AREA_STYLE_COLOUR('',#6);
#8047=FILL_AREA_STYLE('',(#8046));
#8048=SURFACE_STYLE_FILL_AREA(#8047);
#8049=SURFACE_SIDE_STYLE('',(#8048));
#8050=SURFACE_STYLE_USAGE(.POSITIVE.,#8049);
#8051=PRESENTATION_STYLE_ASSIGNMENT((#8050));
#8052=STYLED_ITEM('',(#8051),#8045);
#8053=CARTESIAN_POINT('',(1.120342234350E0,2.110877052933E0,2.668630576875E0));
#8054=CARTESIAN_POINT('',(1.144852737132E0,2.136441566024E0,2.751324046848E0));
#8055=CARTESIAN_POINT('',(1.162929578459E0,2.072831350443E0,2.812311646685E0));
#8056=CARTESIAN_POINT('',(1.155664618852E0,1.986581859298E0,2.787801145027E0));
#8057=CARTESIAN_POINT('',(1.058603244617E0,2.110877052933E0,2.686930131605E0));
#8058=CARTESIAN_POINT('',(1.008723999766E0,2.136441566024E0,2.791672865165E0));
#8059=CARTESIAN_POINT('',(9.719373535390E-1,2.072831350443E0,2.868922107726E0));
#8060=CARTESIAN_POINT('',(9.867216565078E-1,1.986581859298E0,2.837876162436E0));
#8061=CARTESIAN_POINT('',(1.013069868905E0,2.110877052933E0,2.641396756453E0));
#8062=CARTESIAN_POINT('',(9.083271359587E-1,2.136441566024E0,2.691276002593E0));
#8063=CARTESIAN_POINT('',(8.310778938505E-1,2.072831350443E0,2.728062649771E0));
#8064=CARTESIAN_POINT('',(8.621238389578E-1,1.986581859298E0,2.713278346420E0));
#8065=CARTESIAN_POINT('',(1.031369422875E0,2.110877052933E0,2.579657766495E0));
#8066=CARTESIAN_POINT('',(9.486759525998E-1,2.136441566024E0,2.555147264731E0));
#8067=CARTESIAN_POINT('',(8.876883525402E-1,2.072831350443E0,2.537070424154E0));
#8068=CARTESIAN_POINT('',(9.121988542876E-1,1.986581859298E0,2.544335383459E0));
#8069=(BOUNDED_SURFACE()B_SPLINE_SURFACE(3,3,((#8053,#8054,#8055,#8056),(#8057,
#8058,#8059,#8060),(#8061,#8062,#8063,#8064),(#8065,#8066,#8067,#8068)),
.UNSPECIFIED.,.F.,.F.,.F.)B_SPLINE_SURFACE_WITH_KNOTS((4,4),(4,4),(0.E0,1.E0),(
0.E0,1.E0),.UNSPECIFIED.)GEOMETRIC_REPRESENTATION_ITEM()RATIONAL_B_SPLINE_SURFACE(((1.833560120673E0,1.194266823126E0,1.194266823126E0,1.833560120673E0),(
1.194266816314E0,7.778709956674E-1,7.778709956674E-1,1.194266816314E0),(
1.194266816314E0,7.778709956674E-1,7.778709956674E-1,1.194266816314E0),(
1.833560120673E0,1.194266823126E0,1.194266823126E0,1.833560120673E0)))REPRESENTATION_ITEM('')SURFACE());
#8070=ORIENTED_EDGE('',*,*,#7123,.T.);
#8071=ORIENTED_EDGE('',*,*,#8041,.T.);
#8073=ORIENTED_EDGE('',*,*,#8072,.F.);
#8075=ORIENTED_EDGE('',*,*,#8074,.F.);
#8076=EDGE_LOOP('',(#8070,#8071,#8073,#8075));
#8077=FACE_OUTER_BOUND('',#8076,.F.);
#8078=ADVANCED_FACE('',(#8077),#8069,.T.);
#8079=FILL_AREA_STYLE_COLOUR('',#6);
#8080=FILL_AREA_STYLE('',(#8079));
#8081=SURFACE_STYLE_FILL_AREA(#8080);
#8082=SURFACE_SIDE_STYLE('',(#8081));
#8083=SURFACE_STYLE_USAGE(.POSITIVE.,#8082);
#8084=PRESENTATION_STYLE_ASSIGNMENT((#8083));
#8085=STYLED_ITEM('',(#8084),#8078);
#8086=CARTESIAN_POINT('',(1.1E0,1.372502E1,2.6E0));
#8087=DIRECTION('',(0.E0,-1.E0,0.E0));
#8088=DIRECTION('',(0.E0,0.E0,1.E0));
#8089=AXIS2_PLACEMENT_3D('',#8086,#8087,#8088);
#8090=CYLINDRICAL_SURFACE('',#8089,2.E-1);
#8091=ORIENTED_EDGE('',*,*,#8072,.T.);
#8092=ORIENTED_EDGE('',*,*,#8021,.T.);
#8093=ORIENTED_EDGE('',*,*,#4843,.T.);
#8094=ORIENTED_EDGE('',*,*,#5815,.F.);
#8095=EDGE_LOOP('',(#8091,#8092,#8093,#8094));
#8096=FACE_OUTER_BOUND('',#8095,.F.);
#8097=ADVANCED_FACE('',(#8096),#8090,.T.);
#8098=FILL_AREA_STYLE_COLOUR('',#6);
#8099=FILL_AREA_STYLE('',(#8098));
#8100=SURFACE_STYLE_FILL_AREA(#8099);
#8101=SURFACE_SIDE_STYLE('',(#8100));
#8102=SURFACE_STYLE_USAGE(.POSITIVE.,#8101);
#8103=PRESENTATION_STYLE_ASSIGNMENT((#8102));
#8104=STYLED_ITEM('',(#8103),#8097);
#8105=CARTESIAN_POINT('',(1.E0,2.015E0,-2.823364226268E0));
#8106=DIRECTION('',(0.E0,0.E0,1.E0));
#8107=DIRECTION('',(0.E0,1.E0,0.E0));
#8108=AXIS2_PLACEMENT_3D('',#8105,#8106,#8107);
#8109=CYLINDRICAL_SURFACE('',#8108,1.E-1);
#8110=ORIENTED_EDGE('',*,*,#7125,.T.);
#8111=ORIENTED_EDGE('',*,*,#8074,.T.);
#8112=ORIENTED_EDGE('',*,*,#5813,.F.);
#8113=ORIENTED_EDGE('',*,*,#7067,.F.);
#8114=EDGE_LOOP('',(#8110,#8111,#8112,#8113));
#8115=FACE_OUTER_BOUND('',#8114,.F.);
#8116=ADVANCED_FACE('',(#8115),#8109,.T.);
#8117=FILL_AREA_STYLE_COLOUR('',#6);
#8118=FILL_AREA_STYLE('',(#8117));
#8119=SURFACE_STYLE_FILL_AREA(#8118);
#8120=SURFACE_SIDE_STYLE('',(#8119));
#8121=SURFACE_STYLE_USAGE(.POSITIVE.,#8120);
#8122=PRESENTATION_STYLE_ASSIGNMENT((#8121));
#8123=STYLED_ITEM('',(#8122),#8116);
#8124=CARTESIAN_POINT('',(2.259434037280E0,1.615E0,4.045250041306E-1));
#8125=DIRECTION('',(7.938782159876E-1,0.E0,-6.080767864179E-1));
#8126=DIRECTION('',(-6.080767864179E-1,0.E0,-7.938782159876E-1));
#8127=AXIS2_PLACEMENT_3D('',#8124,#8125,#8126);
#8128=PLANE('',#8127);
#8129=ORIENTED_EDGE('',*,*,#4945,.F.);
#8131=ORIENTED_EDGE('',*,*,#8130,.T.);
#8133=ORIENTED_EDGE('',*,*,#8132,.T.);
#8135=ORIENTED_EDGE('',*,*,#8134,.F.);
#8136=EDGE_LOOP('',(#8129,#8131,#8133,#8135));
#8137=FACE_OUTER_BOUND('',#8136,.F.);
#8138=ADVANCED_FACE('',(#8137),#8128,.T.);
#8139=FILL_AREA_STYLE_COLOUR('',#6);
#8140=FILL_AREA_STYLE('',(#8139));
#8141=SURFACE_STYLE_FILL_AREA(#8140);
#8142=SURFACE_SIDE_STYLE('',(#8141));
#8143=SURFACE_STYLE_USAGE(.POSITIVE.,#8142);
#8144=PRESENTATION_STYLE_ASSIGNMENT((#8143));
#8145=STYLED_ITEM('',(#8144),#8138);
#8146=CARTESIAN_POINT('',(2.259434037280E0,1.615E0,5.258E-1));
#8147=DIRECTION('',(1.E0,0.E0,0.E0));
#8148=DIRECTION('',(0.E0,0.E0,-1.E0));
#8149=AXIS2_PLACEMENT_3D('',#8146,#8147,#8148);
#8150=PLANE('',#8149);
#8151=ORIENTED_EDGE('',*,*,#5023,.F.);
#8153=ORIENTED_EDGE('',*,*,#8152,.T.);
#8155=ORIENTED_EDGE('',*,*,#8154,.T.);
#8156=ORIENTED_EDGE('',*,*,#8130,.F.);
#8157=EDGE_LOOP('',(#8151,#8153,#8155,#8156));
#8158=FACE_OUTER_BOUND('',#8157,.F.);
#8159=ADVANCED_FACE('',(#8158),#8150,.T.);
#8160=FILL_AREA_STYLE_COLOUR('',#6);
#8161=FILL_AREA_STYLE('',(#8160));
#8162=SURFACE_STYLE_FILL_AREA(#8161);
#8163=SURFACE_SIDE_STYLE('',(#8162));
#8164=SURFACE_STYLE_USAGE(.POSITIVE.,#8163);
#8165=PRESENTATION_STYLE_ASSIGNMENT((#8164));
#8166=STYLED_ITEM('',(#8165),#8159);
#8167=CARTESIAN_POINT('',(1.7994E0,1.615E0,5.258E-1));
#8168=DIRECTION('',(0.E0,0.E0,1.E0));
#8169=DIRECTION('',(1.E0,0.E0,0.E0));
#8170=AXIS2_PLACEMENT_3D('',#8167,#8168,#8169);
#8171=PLANE('',#8170);
#8172=ORIENTED_EDGE('',*,*,#5021,.F.);
#8174=ORIENTED_EDGE('',*,*,#8173,.T.);
#8176=ORIENTED_EDGE('',*,*,#8175,.T.);
#8177=ORIENTED_EDGE('',*,*,#8152,.F.);
#8178=EDGE_LOOP('',(#8172,#8174,#8176,#8177));
#8179=FACE_OUTER_BOUND('',#8178,.F.);
#8180=ADVANCED_FACE('',(#8179),#8171,.T.);
#8181=FILL_AREA_STYLE_COLOUR('',#6);
#8182=FILL_AREA_STYLE('',(#8181));
#8183=SURFACE_STYLE_FILL_AREA(#8182);
#8184=SURFACE_SIDE_STYLE('',(#8183));
#8185=SURFACE_STYLE_USAGE(.POSITIVE.,#8184);
#8186=PRESENTATION_STYLE_ASSIGNMENT((#8185));
#8187=STYLED_ITEM('',(#8186),#8180);
#8188=CARTESIAN_POINT('',(1.7994E0,1.615E0,-6.324998347759E-2));
#8189=DIRECTION('',(-1.E0,0.E0,0.E0));
#8190=DIRECTION('',(0.E0,0.E0,1.E0));
#8191=AXIS2_PLACEMENT_3D('',#8188,#8189,#8190);
#8192=PLANE('',#8191);
#8193=ORIENTED_EDGE('',*,*,#5019,.F.);
#8195=ORIENTED_EDGE('',*,*,#8194,.T.);
#8197=ORIENTED_EDGE('',*,*,#8196,.T.);
#8198=ORIENTED_EDGE('',*,*,#8173,.F.);
#8199=EDGE_LOOP('',(#8193,#8195,#8197,#8198));
#8200=FACE_OUTER_BOUND('',#8199,.F.);
#8201=ADVANCED_FACE('',(#8200),#8192,.T.);
#8202=FILL_AREA_STYLE_COLOUR('',#6);
#8203=FILL_AREA_STYLE('',(#8202));
#8204=SURFACE_STYLE_FILL_AREA(#8203);
#8205=SURFACE_SIDE_STYLE('',(#8204));
#8206=SURFACE_STYLE_USAGE(.POSITIVE.,#8205);
#8207=PRESENTATION_STYLE_ASSIGNMENT((#8206));
#8208=STYLED_ITEM('',(#8207),#8201);
#8209=CARTESIAN_POINT('',(1.887868074560E0,1.615E0,-6.324998347759E-2));
#8210=DIRECTION('',(0.E0,0.E0,-1.E0));
#8211=DIRECTION('',(-1.E0,0.E0,0.E0));
#8212=AXIS2_PLACEMENT_3D('',#8209,#8210,#8211);
#8213=PLANE('',#8212);
#8214=ORIENTED_EDGE('',*,*,#5017,.F.);
#8216=ORIENTED_EDGE('',*,*,#8215,.T.);
#8218=ORIENTED_EDGE('',*,*,#8217,.T.);
#8219=ORIENTED_EDGE('',*,*,#8194,.F.);
#8220=EDGE_LOOP('',(#8214,#8216,#8218,#8219));
#8221=FACE_OUTER_BOUND('',#8220,.F.);
#8222=ADVANCED_FACE('',(#8221),#8213,.T.);
#8223=FILL_AREA_STYLE_COLOUR('',#6);
#8224=FILL_AREA_STYLE('',(#8223));
#8225=SURFACE_STYLE_FILL_AREA(#8224);
#8226=SURFACE_SIDE_STYLE('',(#8225));
#8227=SURFACE_STYLE_USAGE(.POSITIVE.,#8226);
#8228=PRESENTATION_STYLE_ASSIGNMENT((#8227));
#8229=STYLED_ITEM('',(#8228),#8222);
#8230=CARTESIAN_POINT('',(1.887868074560E0,1.615E0,4.391750020653E-1));
#8231=DIRECTION('',(1.E0,0.E0,0.E0));
#8232=DIRECTION('',(0.E0,0.E0,-1.E0));
#8233=AXIS2_PLACEMENT_3D('',#8230,#8231,#8232);
#8234=PLANE('',#8233);
#8235=ORIENTED_EDGE('',*,*,#5015,.F.);
#8237=ORIENTED_EDGE('',*,*,#8236,.T.);
#8239=ORIENTED_EDGE('',*,*,#8238,.T.);
#8240=ORIENTED_EDGE('',*,*,#8215,.F.);
#8241=EDGE_LOOP('',(#8235,#8237,#8239,#8240));
#8242=FACE_OUTER_BOUND('',#8241,.F.);
#8243=ADVANCED_FACE('',(#8242),#8234,.T.);
#8244=FILL_AREA_STYLE_COLOUR('',#6);
#8245=FILL_AREA_STYLE('',(#8244));
#8246=SURFACE_STYLE_FILL_AREA(#8245);
#8247=SURFACE_SIDE_STYLE('',(#8246));
#8248=SURFACE_STYLE_USAGE(.POSITIVE.,#8247);
#8249=PRESENTATION_STYLE_ASSIGNMENT((#8248));
#8250=STYLED_ITEM('',(#8249),#8243);
#8251=CARTESIAN_POINT('',(2.170965962720E0,1.615E0,4.391750020653E-1));
#8252=DIRECTION('',(0.E0,0.E0,-1.E0));
#8253=DIRECTION('',(-1.E0,0.E0,0.E0));
#8254=AXIS2_PLACEMENT_3D('',#8251,#8252,#8253);
#8255=PLANE('',#8254);
#8256=ORIENTED_EDGE('',*,*,#5013,.F.);
#8258=ORIENTED_EDGE('',*,*,#8257,.T.);
#8260=ORIENTED_EDGE('',*,*,#8259,.T.);
#8261=ORIENTED_EDGE('',*,*,#8236,.F.);
#8262=EDGE_LOOP('',(#8256,#8258,#8260,#8261));
#8263=FACE_OUTER_BOUND('',#8262,.F.);
#8264=ADVANCED_FACE('',(#8263),#8255,.T.);
#8265=FILL_AREA_STYLE_COLOUR('',#6);
#8266=FILL_AREA_STYLE('',(#8265));
#8267=SURFACE_STYLE_FILL_AREA(#8266);
#8268=SURFACE_SIDE_STYLE('',(#8267));
#8269=SURFACE_STYLE_USAGE(.POSITIVE.,#8268);
#8270=PRESENTATION_STYLE_ASSIGNMENT((#8269));
#8271=STYLED_ITEM('',(#8270),#8264);
#8272=CARTESIAN_POINT('',(2.117885117984E0,1.615E0,3.525500041306E-1));
#8273=DIRECTION('',(-8.526534170609E-1,0.E0,5.224769376483E-1));
#8274=DIRECTION('',(5.224769376483E-1,0.E0,8.526534170609E-1));
#8275=AXIS2_PLACEMENT_3D('',#8272,#8273,#8274);
#8276=PLANE('',#8275);
#8277=ORIENTED_EDGE('',*,*,#5011,.F.);
#8279=ORIENTED_EDGE('',*,*,#8278,.T.);
#8281=ORIENTED_EDGE('',*,*,#8280,.T.);
#8282=ORIENTED_EDGE('',*,*,#8257,.F.);
#8283=EDGE_LOOP('',(#8277,#8279,#8281,#8282));
#8284=FACE_OUTER_BOUND('',#8283,.F.);
#8285=ADVANCED_FACE('',(#8284),#8276,.T.);
#8286=FILL_AREA_STYLE_COLOUR('',#6);
#8287=FILL_AREA_STYLE('',(#8286));
#8288=SURFACE_STYLE_FILL_AREA(#8287);
#8289=SURFACE_SIDE_STYLE('',(#8288));
#8290=SURFACE_STYLE_USAGE(.POSITIVE.,#8289);
#8291=PRESENTATION_STYLE_ASSIGNMENT((#8290));
#8292=STYLED_ITEM('',(#8291),#8285);
#8293=CARTESIAN_POINT('',(2.100191503072E0,1.615E0,2.65925E-1));
#8294=DIRECTION('',(-9.797707111493E-1,0.E0,2.001233458994E-1));
#8295=DIRECTION('',(2.001233458994E-1,0.E0,9.797707111493E-1));
#8296=AXIS2_PLACEMENT_3D('',#8293,#8294,#8295);
#8297=PLANE('',#8296);
#8298=ORIENTED_EDGE('',*,*,#5009,.F.);
#8300=ORIENTED_EDGE('',*,*,#8299,.T.);
#8302=ORIENTED_EDGE('',*,*,#8301,.T.);
#8303=ORIENTED_EDGE('',*,*,#8278,.F.);
#8304=EDGE_LOOP('',(#8298,#8300,#8302,#8303));
#8305=FACE_OUTER_BOUND('',#8304,.F.);
#8306=ADVANCED_FACE('',(#8305),#8297,.T.);
#8307=FILL_AREA_STYLE_COLOUR('',#6);
#8308=FILL_AREA_STYLE('',(#8307));
#8309=SURFACE_STYLE_FILL_AREA(#8308);
#8310=SURFACE_SIDE_STYLE('',(#8309));
#8311=SURFACE_STYLE_USAGE(.POSITIVE.,#8310);
#8312=PRESENTATION_STYLE_ASSIGNMENT((#8311));
#8313=STYLED_ITEM('',(#8312),#8306);
#8314=CARTESIAN_POINT('',(2.100191503072E0,1.615E0,1.61975E-1));
#8315=DIRECTION('',(-1.E0,0.E0,0.E0));
#8316=DIRECTION('',(0.E0,0.E0,1.E0));
#8317=AXIS2_PLACEMENT_3D('',#8314,#8315,#8316);
#8318=PLANE('',#8317);
#8319=ORIENTED_EDGE('',*,*,#5007,.F.);
#8321=ORIENTED_EDGE('',*,*,#8320,.T.);
#8323=ORIENTED_EDGE('',*,*,#8322,.T.);
#8324=ORIENTED_EDGE('',*,*,#8299,.F.);
#8325=EDGE_LOOP('',(#8319,#8321,#8323,#8324));
#8326=FACE_OUTER_BOUND('',#8325,.F.);
#8327=ADVANCED_FACE('',(#8326),#8318,.T.);
#8328=FILL_AREA_STYLE_COLOUR('',#6);
#8329=FILL_AREA_STYLE('',(#8328));
#8330=SURFACE_STYLE_FILL_AREA(#8329);
#8331=SURFACE_SIDE_STYLE('',(#8330));
#8332=SURFACE_STYLE_USAGE(.POSITIVE.,#8331);
#8333=PRESENTATION_STYLE_ASSIGNMENT((#8332));
#8334=STYLED_ITEM('',(#8333),#8327);
#8335=CARTESIAN_POINT('',(2.117885117984E0,1.615E0,7.534998347759E-2));
#8336=DIRECTION('',(-9.797707167625E-1,0.E0,-2.001233184181E-1));
#8337=DIRECTION('',(-2.001233184181E-1,0.E0,9.797707167625E-1));
#8338=AXIS2_PLACEMENT_3D('',#8335,#8336,#8337);
#8339=PLANE('',#8338);
#8340=ORIENTED_EDGE('',*,*,#5005,.F.);
#8342=ORIENTED_EDGE('',*,*,#8341,.T.);
#8344=ORIENTED_EDGE('',*,*,#8343,.T.);
#8345=ORIENTED_EDGE('',*,*,#8320,.F.);
#8346=EDGE_LOOP('',(#8340,#8342,#8344,#8345));
#8347=FACE_OUTER_BOUND('',#8346,.F.);
#8348=ADVANCED_FACE('',(#8347),#8339,.T.);
#8349=FILL_AREA_STYLE_COLOUR('',#6);
#8350=FILL_AREA_STYLE('',(#8349));
#8351=SURFACE_STYLE_FILL_AREA(#8350);
#8352=SURFACE_SIDE_STYLE('',(#8351));
#8353=SURFACE_STYLE_USAGE(.POSITIVE.,#8352);
#8354=PRESENTATION_STYLE_ASSIGNMENT((#8353));
#8355=STYLED_ITEM('',(#8354),#8348);
#8356=CARTESIAN_POINT('',(2.170965962720E0,1.615E0,-1.127498347759E-2));
#8357=DIRECTION('',(-8.526533338197E-1,0.E0,-5.224770734933E-1));
#8358=DIRECTION('',(-5.224770734933E-1,0.E0,8.526533338197E-1));
#8359=AXIS2_PLACEMENT_3D('',#8356,#8357,#8358);
#8360=PLANE('',#8359);
#8361=ORIENTED_EDGE('',*,*,#5003,.F.);
#8363=ORIENTED_EDGE('',*,*,#8362,.T.);
#8365=ORIENTED_EDGE('',*,*,#8364,.T.);
#8366=ORIENTED_EDGE('',*,*,#8341,.F.);
#8367=EDGE_LOOP('',(#8361,#8363,#8365,#8366));
#8368=FACE_OUTER_BOUND('',#8367,.F.);
#8369=ADVANCED_FACE('',(#8368),#8360,.T.);
#8370=FILL_AREA_STYLE_COLOUR('',#6);
#8371=FILL_AREA_STYLE('',(#8370));
#8372=SURFACE_STYLE_FILL_AREA(#8371);
#8373=SURFACE_SIDE_STYLE('',(#8372));
#8374=SURFACE_STYLE_USAGE(.POSITIVE.,#8373);
#8375=PRESENTATION_STYLE_ASSIGNMENT((#8374));
#8376=STYLED_ITEM('',(#8375),#8369);
#8377=CARTESIAN_POINT('',(2.241740422368E0,1.615E0,-6.324998347759E-2));
#8378=DIRECTION('',(-5.919095487496E-1,0.E0,-8.060043958311E-1));
#8379=DIRECTION('',(-8.060043958311E-1,0.E0,5.919095487496E-1));
#8380=AXIS2_PLACEMENT_3D('',#8377,#8378,#8379);
#8381=PLANE('',#8380);
#8382=ORIENTED_EDGE('',*,*,#5001,.F.);
#8384=ORIENTED_EDGE('',*,*,#8383,.T.);
#8386=ORIENTED_EDGE('',*,*,#8385,.T.);
#8387=ORIENTED_EDGE('',*,*,#8362,.F.);
#8388=EDGE_LOOP('',(#8382,#8384,#8386,#8387));
#8389=FACE_OUTER_BOUND('',#8388,.F.);
#8390=ADVANCED_FACE('',(#8389),#8381,.T.);
#8391=FILL_AREA_STYLE_COLOUR('',#6);
#8392=FILL_AREA_STYLE('',(#8391));
#8393=SURFACE_STYLE_FILL_AREA(#8392);
#8394=SURFACE_SIDE_STYLE('',(#8393));
#8395=SURFACE_STYLE_USAGE(.POSITIVE.,#8394);
#8396=PRESENTATION_STYLE_ASSIGNMENT((#8395));
#8397=STYLED_ITEM('',(#8396),#8390);
#8398=CARTESIAN_POINT('',(2.330208521712E0,1.615E0,-9.79E-2));
#8399=DIRECTION('',(-3.646919981020E-1,0.E0,-9.311282116446E-1));
#8400=DIRECTION('',(-9.311282116446E-1,0.E0,3.646919981020E-1));
#8401=AXIS2_PLACEMENT_3D('',#8398,#8399,#8400);
#8402=PLANE('',#8401);
#8403=ORIENTED_EDGE('',*,*,#4999,.F.);
#8405=ORIENTED_EDGE('',*,*,#8404,.T.);
#8407=ORIENTED_EDGE('',*,*,#8406,.T.);
#8408=ORIENTED_EDGE('',*,*,#8383,.F.);
#8409=EDGE_LOOP('',(#8403,#8405,#8407,#8408));
#8410=FACE_OUTER_BOUND('',#8409,.F.);
#8411=ADVANCED_FACE('',(#8410),#8402,.T.);
#8412=FILL_AREA_STYLE_COLOUR('',#6);
#8413=FILL_AREA_STYLE('',(#8412));
#8414=SURFACE_STYLE_FILL_AREA(#8413);
#8415=SURFACE_SIDE_STYLE('',(#8414));
#8416=SURFACE_STYLE_USAGE(.POSITIVE.,#8415);
#8417=PRESENTATION_STYLE_ASSIGNMENT((#8416));
#8418=STYLED_ITEM('',(#8417),#8411);
#8419=CARTESIAN_POINT('',(2.400982981360E0,1.615E0,-9.79E-2));
#8420=DIRECTION('',(0.E0,0.E0,-1.E0));
#8421=DIRECTION('',(-1.E0,0.E0,0.E0));
#8422=AXIS2_PLACEMENT_3D('',#8419,#8420,#8421);
#8423=PLANE('',#8422);
#8424=ORIENTED_EDGE('',*,*,#4997,.F.);
#8426=ORIENTED_EDGE('',*,*,#8425,.T.);
#8428=ORIENTED_EDGE('',*,*,#8427,.T.);
#8429=ORIENTED_EDGE('',*,*,#8404,.F.);
#8430=EDGE_LOOP('',(#8424,#8426,#8428,#8429));
#8431=FACE_OUTER_BOUND('',#8430,.F.);
#8432=ADVANCED_FACE('',(#8431),#8423,.T.);
#8433=FILL_AREA_STYLE_COLOUR('',#6);
#8434=FILL_AREA_STYLE('',(#8433));
#8435=SURFACE_STYLE_FILL_AREA(#8434);
#8436=SURFACE_SIDE_STYLE('',(#8435));
#8437=SURFACE_STYLE_USAGE(.POSITIVE.,#8436);
#8438=PRESENTATION_STYLE_ASSIGNMENT((#8437));
#8439=STYLED_ITEM('',(#8438),#8432);
#8440=CARTESIAN_POINT('',(2.489451068312E0,1.615E0,-6.324998347759E-2));
#8441=DIRECTION('',(3.646920423907E-1,0.E0,-9.311281942981E-1));
#8442=DIRECTION('',(-9.311281942981E-1,0.E0,-3.646920423907E-1));
#8443=AXIS2_PLACEMENT_3D('',#8440,#8441,#8442);
#8444=PLANE('',#8443);
#8445=ORIENTED_EDGE('',*,*,#4995,.F.);
#8447=ORIENTED_EDGE('',*,*,#8446,.T.);
#8449=ORIENTED_EDGE('',*,*,#8448,.T.);
#8450=ORIENTED_EDGE('',*,*,#8425,.F.);
#8451=EDGE_LOOP('',(#8445,#8447,#8449,#8450));
#8452=FACE_OUTER_BOUND('',#8451,.F.);
#8453=ADVANCED_FACE('',(#8452),#8444,.T.);
#8454=FILL_AREA_STYLE_COLOUR('',#6);
#8455=FILL_AREA_STYLE('',(#8454));
#8456=SURFACE_STYLE_FILL_AREA(#8455);
#8457=SURFACE_SIDE_STYLE('',(#8456));
#8458=SURFACE_STYLE_USAGE(.POSITIVE.,#8457);
#8459=PRESENTATION_STYLE_ASSIGNMENT((#8458));
#8460=STYLED_ITEM('',(#8459),#8453);
#8461=CARTESIAN_POINT('',(2.560225534156E0,1.615E0,-1.127498347759E-2));
#8462=DIRECTION('',(5.919095150862E-1,0.E0,-8.060044205527E-1));
#8463=DIRECTION('',(-8.060044205527E-1,0.E0,-5.919095150862E-1));
#8464=AXIS2_PLACEMENT_3D('',#8461,#8462,#8463);
#8465=PLANE('',#8464);
#8466=ORIENTED_EDGE('',*,*,#4993,.F.);
#8468=ORIENTED_EDGE('',*,*,#8467,.T.);
#8470=ORIENTED_EDGE('',*,*,#8469,.T.);
#8471=ORIENTED_EDGE('',*,*,#8446,.F.);
#8472=EDGE_LOOP('',(#8466,#8468,#8470,#8471));
#8473=FACE_OUTER_BOUND('',#8472,.F.);
#8474=ADVANCED_FACE('',(#8473),#8465,.T.);
#8475=FILL_AREA_STYLE_COLOUR('',#6);
#8476=FILL_AREA_STYLE('',(#8475));
#8477=SURFACE_STYLE_FILL_AREA(#8476);
#8478=SURFACE_SIDE_STYLE('',(#8477));
#8479=SURFACE_STYLE_USAGE(.POSITIVE.,#8478);
#8480=PRESENTATION_STYLE_ASSIGNMENT((#8479));
#8481=STYLED_ITEM('',(#8480),#8474);
#8482=CARTESIAN_POINT('',(2.613306383539E0,1.615E0,7.534998347759E-2));
#8483=DIRECTION('',(8.526533134429E-1,0.E0,-5.224771067470E-1));
#8484=DIRECTION('',(-5.224771067470E-1,0.E0,-8.526533134429E-1));
#8485=AXIS2_PLACEMENT_3D('',#8482,#8483,#8484);
#8486=PLANE('',#8485);
#8487=ORIENTED_EDGE('',*,*,#4991,.F.);
#8489=ORIENTED_EDGE('',*,*,#8488,.T.);
#8491=ORIENTED_EDGE('',*,*,#8490,.T.);
#8492=ORIENTED_EDGE('',*,*,#8467,.F.);
#8493=EDGE_LOOP('',(#8487,#8489,#8491,#8492));
#8494=FACE_OUTER_BOUND('',#8493,.F.);
#8495=ADVANCED_FACE('',(#8494),#8486,.T.);
#8496=FILL_AREA_STYLE_COLOUR('',#6);
#8497=FILL_AREA_STYLE('',(#8496));
#8498=SURFACE_STYLE_FILL_AREA(#8497);
#8499=SURFACE_SIDE_STYLE('',(#8498));
#8500=SURFACE_STYLE_USAGE(.POSITIVE.,#8499);
#8501=PRESENTATION_STYLE_ASSIGNMENT((#8500));
#8502=STYLED_ITEM('',(#8501),#8495);
#8503=CARTESIAN_POINT('',(2.631E0,1.615E0,1.61975E-1));
#8504=DIRECTION('',(9.797707133274E-1,0.E0,-2.001233352361E-1));
#8505=DIRECTION('',(-2.001233352361E-1,0.E0,-9.797707133274E-1));
#8506=AXIS2_PLACEMENT_3D('',#8503,#8504,#8505);
#8507=PLANE('',#8506);
#8508=ORIENTED_EDGE('',*,*,#4989,.F.);
#8510=ORIENTED_EDGE('',*,*,#8509,.T.);
#8512=ORIENTED_EDGE('',*,*,#8511,.T.);
#8513=ORIENTED_EDGE('',*,*,#8488,.F.);
#8514=EDGE_LOOP('',(#8508,#8510,#8512,#8513));
#8515=FACE_OUTER_BOUND('',#8514,.F.);
#8516=ADVANCED_FACE('',(#8515),#8507,.T.);
#8517=FILL_AREA_STYLE_COLOUR('',#6);
#8518=FILL_AREA_STYLE('',(#8517));
#8519=SURFACE_STYLE_FILL_AREA(#8518);
#8520=SURFACE_SIDE_STYLE('',(#8519));
#8521=SURFACE_STYLE_USAGE(.POSITIVE.,#8520);
#8522=PRESENTATION_STYLE_ASSIGNMENT((#8521));
#8523=STYLED_ITEM('',(#8522),#8516);
#8524=CARTESIAN_POINT('',(2.631E0,1.615E0,2.65925E-1));
#8525=DIRECTION('',(1.E0,0.E0,0.E0));
#8526=DIRECTION('',(0.E0,0.E0,-1.E0));
#8527=AXIS2_PLACEMENT_3D('',#8524,#8525,#8526);
#8528=PLANE('',#8527);
#8529=ORIENTED_EDGE('',*,*,#4987,.F.);
#8531=ORIENTED_EDGE('',*,*,#8530,.T.);
#8533=ORIENTED_EDGE('',*,*,#8532,.T.);
#8534=ORIENTED_EDGE('',*,*,#8509,.F.);
#8535=EDGE_LOOP('',(#8529,#8531,#8533,#8534));
#8536=FACE_OUTER_BOUND('',#8535,.F.);
#8537=ADVANCED_FACE('',(#8536),#8528,.T.);
#8538=FILL_AREA_STYLE_COLOUR('',#6);
#8539=FILL_AREA_STYLE('',(#8538));
#8540=SURFACE_STYLE_FILL_AREA(#8539);
#8541=SURFACE_SIDE_STYLE('',(#8540));
#8542=SURFACE_STYLE_USAGE(.POSITIVE.,#8541);
#8543=PRESENTATION_STYLE_ASSIGNMENT((#8542));
#8544=STYLED_ITEM('',(#8543),#8537);
#8545=CARTESIAN_POINT('',(2.613306383539E0,1.615E0,3.525500041306E-1));
#8546=DIRECTION('',(9.797707077141E-1,0.E0,2.001233627174E-1));
#8547=DIRECTION('',(2.001233627174E-1,0.E0,-9.797707077141E-1));
#8548=AXIS2_PLACEMENT_3D('',#8545,#8546,#8547);
#8549=PLANE('',#8548);
#8550=ORIENTED_EDGE('',*,*,#4985,.F.);
#8552=ORIENTED_EDGE('',*,*,#8551,.T.);
#8554=ORIENTED_EDGE('',*,*,#8553,.T.);
#8555=ORIENTED_EDGE('',*,*,#8530,.F.);
#8556=EDGE_LOOP('',(#8550,#8552,#8554,#8555));
#8557=FACE_OUTER_BOUND('',#8556,.F.);
#8558=ADVANCED_FACE('',(#8557),#8549,.T.);
#8559=FILL_AREA_STYLE_COLOUR('',#6);
#8560=FILL_AREA_STYLE('',(#8559));
#8561=SURFACE_STYLE_FILL_AREA(#8560);
#8562=SURFACE_SIDE_STYLE('',(#8561));
#8563=SURFACE_STYLE_USAGE(.POSITIVE.,#8562);
#8564=PRESENTATION_STYLE_ASSIGNMENT((#8563));
#8565=STYLED_ITEM('',(#8564),#8558);
#8566=CARTESIAN_POINT('',(2.560225534156E0,1.615E0,4.391750020653E-1));
#8567=DIRECTION('',(8.526533966842E-1,0.E0,5.224769709020E-1));
#8568=DIRECTION('',(5.224769709020E-1,0.E0,-8.526533966842E-1));
#8569=AXIS2_PLACEMENT_3D('',#8566,#8567,#8568);
#8570=PLANE('',#8569);
#8571=ORIENTED_EDGE('',*,*,#4983,.F.);
#8573=ORIENTED_EDGE('',*,*,#8572,.T.);
#8575=ORIENTED_EDGE('',*,*,#8574,.T.);
#8576=ORIENTED_EDGE('',*,*,#8551,.F.);
#8577=EDGE_LOOP('',(#8571,#8573,#8575,#8576));
#8578=FACE_OUTER_BOUND('',#8577,.F.);
#8579=ADVANCED_FACE('',(#8578),#8570,.T.);
#8580=FILL_AREA_STYLE_COLOUR('',#6);
#8581=FILL_AREA_STYLE('',(#8580));
#8582=SURFACE_STYLE_FILL_AREA(#8581);
#8583=SURFACE_SIDE_STYLE('',(#8582));
#8584=SURFACE_STYLE_USAGE(.POSITIVE.,#8583);
#8585=PRESENTATION_STYLE_ASSIGNMENT((#8584));
#8586=STYLED_ITEM('',(#8585),#8579);
#8587=CARTESIAN_POINT('',(2.489451068312E0,1.615E0,4.911499989673E-1));
#8588=DIRECTION('',(5.919094921664E-1,0.E0,8.060044373844E-1));
#8589=DIRECTION('',(8.060044373844E-1,0.E0,-5.919094921664E-1));
#8590=AXIS2_PLACEMENT_3D('',#8587,#8588,#8589);
#8591=PLANE('',#8590);
#8592=ORIENTED_EDGE('',*,*,#4981,.F.);
#8594=ORIENTED_EDGE('',*,*,#8593,.T.);
#8596=ORIENTED_EDGE('',*,*,#8595,.T.);
#8597=ORIENTED_EDGE('',*,*,#8572,.F.);
#8598=EDGE_LOOP('',(#8592,#8594,#8596,#8597));
#8599=FACE_OUTER_BOUND('',#8598,.F.);
#8600=ADVANCED_FACE('',(#8599),#8591,.T.);
#8601=FILL_AREA_STYLE_COLOUR('',#6);
#8602=FILL_AREA_STYLE('',(#8601));
#8603=SURFACE_STYLE_FILL_AREA(#8602);
#8604=SURFACE_SIDE_STYLE('',(#8603));
#8605=SURFACE_STYLE_USAGE(.POSITIVE.,#8604);
#8606=PRESENTATION_STYLE_ASSIGNMENT((#8605));
#8607=STYLED_ITEM('',(#8606),#8600);
#8608=CARTESIAN_POINT('',(2.418676596272E0,1.615E0,5.258E-1));
#8609=DIRECTION('',(4.397134442921E-1,0.E0,8.981381224003E-1));
#8610=DIRECTION('',(8.981381224003E-1,0.E0,-4.397134442921E-1));
#8611=AXIS2_PLACEMENT_3D('',#8608,#8609,#8610);
#8612=PLANE('',#8611);
#8613=ORIENTED_EDGE('',*,*,#4979,.F.);
#8615=ORIENTED_EDGE('',*,*,#8614,.T.);
#8617=ORIENTED_EDGE('',*,*,#8616,.T.);
#8618=ORIENTED_EDGE('',*,*,#8593,.F.);
#8619=EDGE_LOOP('',(#8613,#8615,#8617,#8618));
#8620=FACE_OUTER_BOUND('',#8619,.F.);
#8621=ADVANCED_FACE('',(#8620),#8612,.T.);
#8622=FILL_AREA_STYLE_COLOUR('',#6);
#8623=FILL_AREA_STYLE('',(#8622));
#8624=SURFACE_STYLE_FILL_AREA(#8623);
#8625=SURFACE_SIDE_STYLE('',(#8624));
#8626=SURFACE_STYLE_USAGE(.POSITIVE.,#8625);
#8627=PRESENTATION_STYLE_ASSIGNMENT((#8626));
#8628=STYLED_ITEM('',(#8627),#8621);
#8629=CARTESIAN_POINT('',(2.418676596272E0,1.615E0,4.2185E-1));
#8630=DIRECTION('',(-1.E0,0.E0,0.E0));
#8631=DIRECTION('',(0.E0,0.E0,1.E0));
#8632=AXIS2_PLACEMENT_3D('',#8629,#8630,#8631);
#8633=PLANE('',#8632);
#8634=ORIENTED_EDGE('',*,*,#4977,.F.);
#8636=ORIENTED_EDGE('',*,*,#8635,.T.);
#8638=ORIENTED_EDGE('',*,*,#8637,.T.);
#8639=ORIENTED_EDGE('',*,*,#8614,.F.);
#8640=EDGE_LOOP('',(#8634,#8636,#8638,#8639));
#8641=FACE_OUTER_BOUND('',#8640,.F.);
#8642=ADVANCED_FACE('',(#8641),#8633,.T.);
#8643=FILL_AREA_STYLE_COLOUR('',#6);
#8644=FILL_AREA_STYLE('',(#8643));
#8645=SURFACE_STYLE_FILL_AREA(#8644);
#8646=SURFACE_SIDE_STYLE('',(#8645));
#8647=SURFACE_STYLE_USAGE(.POSITIVE.,#8646);
#8648=PRESENTATION_STYLE_ASSIGNMENT((#8647));
#8649=STYLED_ITEM('',(#8648),#8642);
#8650=CARTESIAN_POINT('',(2.489451068312E0,1.615E0,3.871999958694E-1));
#8651=DIRECTION('',(-4.397134760043E-1,0.E0,-8.981381068745E-1));
#8652=DIRECTION('',(-8.981381068745E-1,0.E0,4.397134760043E-1));
#8653=AXIS2_PLACEMENT_3D('',#8650,#8651,#8652);
#8654=PLANE('',#8653);
#8655=ORIENTED_EDGE('',*,*,#4975,.F.);
#8657=ORIENTED_EDGE('',*,*,#8656,.T.);
#8659=ORIENTED_EDGE('',*,*,#8658,.T.);
#8660=ORIENTED_EDGE('',*,*,#8635,.F.);
#8661=EDGE_LOOP('',(#8655,#8657,#8659,#8660));
#8662=FACE_OUTER_BOUND('',#8661,.F.);
#8663=ADVANCED_FACE('',(#8662),#8654,.T.);
#8664=FILL_AREA_STYLE_COLOUR('',#6);
#8665=FILL_AREA_STYLE('',(#8664));
#8666=SURFACE_STYLE_FILL_AREA(#8665);
#8667=SURFACE_SIDE_STYLE('',(#8666));
#8668=SURFACE_STYLE_USAGE(.POSITIVE.,#8667);
#8669=PRESENTATION_STYLE_ASSIGNMENT((#8668));
#8670=STYLED_ITEM('',(#8669),#8663);
#8671=CARTESIAN_POINT('',(2.524838298136E0,1.615E0,3.352249958694E-1));
#8672=DIRECTION('',(-8.265992787996E-1,0.E0,-5.627909312417E-1));
#8673=DIRECTION('',(-5.627909312417E-1,0.E0,8.265992787996E-1));
#8674=AXIS2_PLACEMENT_3D('',#8671,#8672,#8673);
#8675=PLANE('',#8674);
#8676=ORIENTED_EDGE('',*,*,#4973,.F.);
#8678=ORIENTED_EDGE('',*,*,#8677,.T.);
#8680=ORIENTED_EDGE('',*,*,#8679,.T.);
#8681=ORIENTED_EDGE('',*,*,#8656,.F.);
#8682=EDGE_LOOP('',(#8676,#8678,#8680,#8681));
#8683=FACE_OUTER_BOUND('',#8682,.F.);
#8684=ADVANCED_FACE('',(#8683),#8675,.T.);
#8685=FILL_AREA_STYLE_COLOUR('',#6);
#8686=FILL_AREA_STYLE('',(#8685));
#8687=SURFACE_STYLE_FILL_AREA(#8686);
#8688=SURFACE_SIDE_STYLE('',(#8687));
#8689=SURFACE_STYLE_USAGE(.POSITIVE.,#8688);
#8690=PRESENTATION_STYLE_ASSIGNMENT((#8689));
#8691=STYLED_ITEM('',(#8690),#8684);
#8692=CARTESIAN_POINT('',(2.542531913048E0,1.615E0,2.65925E-1));
#8693=DIRECTION('',(-9.689177141588E-1,0.E0,-2.473832314230E-1));
#8694=DIRECTION('',(-2.473832314230E-1,0.E0,9.689177141588E-1));
#8695=AXIS2_PLACEMENT_3D('',#8692,#8693,#8694);
#8696=PLANE('',#8695);
#8697=ORIENTED_EDGE('',*,*,#4971,.F.);
#8699=ORIENTED_EDGE('',*,*,#8698,.T.);
#8701=ORIENTED_EDGE('',*,*,#8700,.T.);
#8702=ORIENTED_EDGE('',*,*,#8677,.F.);
#8703=EDGE_LOOP('',(#8697,#8699,#8701,#8702));
#8704=FACE_OUTER_BOUND('',#8703,.F.);
#8705=ADVANCED_FACE('',(#8704),#8696,.T.);
#8706=FILL_AREA_STYLE_COLOUR('',#6);
#8707=FILL_AREA_STYLE('',(#8706));
#8708=SURFACE_STYLE_FILL_AREA(#8707);
#8709=SURFACE_SIDE_STYLE('',(#8708));
#8710=SURFACE_STYLE_USAGE(.POSITIVE.,#8709);
#8711=PRESENTATION_STYLE_ASSIGNMENT((#8710));
#8712=STYLED_ITEM('',(#8711),#8705);
#8713=CARTESIAN_POINT('',(2.542531913048E0,1.615E0,1.61975E-1));
#8714=DIRECTION('',(-1.E0,0.E0,0.E0));
#8715=DIRECTION('',(0.E0,0.E0,1.E0));
#8716=AXIS2_PLACEMENT_3D('',#8713,#8714,#8715);
#8717=PLANE('',#8716);
#8718=ORIENTED_EDGE('',*,*,#4969,.F.);
#8720=ORIENTED_EDGE('',*,*,#8719,.T.);
#8722=ORIENTED_EDGE('',*,*,#8721,.T.);
#8723=ORIENTED_EDGE('',*,*,#8698,.F.);
#8724=EDGE_LOOP('',(#8718,#8720,#8722,#8723));
#8725=FACE_OUTER_BOUND('',#8724,.F.);
#8726=ADVANCED_FACE('',(#8725),#8717,.T.);
#8727=FILL_AREA_STYLE_COLOUR('',#6);
#8728=FILL_AREA_STYLE('',(#8727));
#8729=SURFACE_STYLE_FILL_AREA(#8728);
#8730=SURFACE_SIDE_STYLE('',(#8729));
#8731=SURFACE_STYLE_USAGE(.POSITIVE.,#8730);
#8732=PRESENTATION_STYLE_ASSIGNMENT((#8731));
#8733=STYLED_ITEM('',(#8732),#8726);
#8734=CARTESIAN_POINT('',(2.524838298136E0,1.615E0,9.267501652241E-2));
#8735=DIRECTION('',(-9.689177035558E-1,0.E0,2.473832729514E-1));
#8736=DIRECTION('',(2.473832729514E-1,0.E0,9.689177035558E-1));
#8737=AXIS2_PLACEMENT_3D('',#8734,#8735,#8736);
#8738=PLANE('',#8737);
#8739=ORIENTED_EDGE('',*,*,#4967,.F.);
#8741=ORIENTED_EDGE('',*,*,#8740,.T.);
#8743=ORIENTED_EDGE('',*,*,#8742,.T.);
#8744=ORIENTED_EDGE('',*,*,#8719,.F.);
#8745=EDGE_LOOP('',(#8739,#8741,#8743,#8744));
#8746=FACE_OUTER_BOUND('',#8745,.F.);
#8747=ADVANCED_FACE('',(#8746),#8738,.T.);
#8748=FILL_AREA_STYLE_COLOUR('',#6);
#8749=FILL_AREA_STYLE('',(#8748));
#8750=SURFACE_STYLE_FILL_AREA(#8749);
#8751=SURFACE_SIDE_STYLE('',(#8750));
#8752=SURFACE_STYLE_USAGE(.POSITIVE.,#8751);
#8753=PRESENTATION_STYLE_ASSIGNMENT((#8752));
#8754=STYLED_ITEM('',(#8753),#8747);
#8755=CARTESIAN_POINT('',(2.489451068312E0,1.615E0,4.070001652241E-2));
#8756=DIRECTION('',(-8.265992787996E-1,0.E0,5.627909312417E-1));
#8757=DIRECTION('',(5.627909312417E-1,0.E0,8.265992787996E-1));
#8758=AXIS2_PLACEMENT_3D('',#8755,#8756,#8757);
#8759=PLANE('',#8758);
#8760=ORIENTED_EDGE('',*,*,#4965,.F.);
#8762=ORIENTED_EDGE('',*,*,#8761,.T.);
#8764=ORIENTED_EDGE('',*,*,#8763,.T.);
#8765=ORIENTED_EDGE('',*,*,#8740,.F.);
#8766=EDGE_LOOP('',(#8760,#8762,#8764,#8765));
#8767=FACE_OUTER_BOUND('',#8766,.F.);
#8768=ADVANCED_FACE('',(#8767),#8759,.T.);
#8769=FILL_AREA_STYLE_COLOUR('',#6);
#8770=FILL_AREA_STYLE('',(#8769));
#8771=SURFACE_STYLE_FILL_AREA(#8770);
#8772=SURFACE_SIDE_STYLE('',(#8771));
#8773=SURFACE_STYLE_USAGE(.POSITIVE.,#8772);
#8774=PRESENTATION_STYLE_ASSIGNMENT((#8773));
#8775=STYLED_ITEM('',(#8774),#8768);
#8776=CARTESIAN_POINT('',(2.436370211184E0,1.615E0,6.05E-3));
#8777=DIRECTION('',(-5.466226399153E-1,0.E0,8.373790596451E-1));
#8778=DIRECTION('',(8.373790596451E-1,0.E0,5.466226399153E-1));
#8779=AXIS2_PLACEMENT_3D('',#8776,#8777,#8778);
#8780=PLANE('',#8779);
#8781=ORIENTED_EDGE('',*,*,#4963,.F.);
#8783=ORIENTED_EDGE('',*,*,#8782,.T.);
#8785=ORIENTED_EDGE('',*,*,#8784,.T.);
#8786=ORIENTED_EDGE('',*,*,#8761,.F.);
#8787=EDGE_LOOP('',(#8781,#8783,#8785,#8786));
#8788=FACE_OUTER_BOUND('',#8787,.F.);
#8789=ADVANCED_FACE('',(#8788),#8780,.T.);
#8790=FILL_AREA_STYLE_COLOUR('',#6);
#8791=FILL_AREA_STYLE('',(#8790));
#8792=SURFACE_STYLE_FILL_AREA(#8791);
#8793=SURFACE_SIDE_STYLE('',(#8792));
#8794=SURFACE_STYLE_USAGE(.POSITIVE.,#8793);
#8795=PRESENTATION_STYLE_ASSIGNMENT((#8794));
#8796=STYLED_ITEM('',(#8795),#8789);
#8797=CARTESIAN_POINT('',(2.383289366448E0,1.615E0,-1.127498347759E-2));
#8798=DIRECTION('',(-3.102797975506E-1,0.E0,9.506452793929E-1));
#8799=DIRECTION('',(9.506452793929E-1,0.E0,3.102797975506E-1));
#8800=AXIS2_PLACEMENT_3D('',#8797,#8798,#8799);
#8801=PLANE('',#8800);
#8802=ORIENTED_EDGE('',*,*,#4961,.F.);
#8804=ORIENTED_EDGE('',*,*,#8803,.T.);
#8806=ORIENTED_EDGE('',*,*,#8805,.T.);
#8807=ORIENTED_EDGE('',*,*,#8782,.F.);
#8808=EDGE_LOOP('',(#8802,#8804,#8806,#8807));
#8809=FACE_OUTER_BOUND('',#8808,.F.);
#8810=ADVANCED_FACE('',(#8809),#8801,.T.);
#8811=FILL_AREA_STYLE_COLOUR('',#6);
#8812=FILL_AREA_STYLE('',(#8811));
#8813=SURFACE_STYLE_FILL_AREA(#8812);
#8814=SURFACE_SIDE_STYLE('',(#8813));
#8815=SURFACE_STYLE_USAGE(.POSITIVE.,#8814);
#8816=PRESENTATION_STYLE_ASSIGNMENT((#8815));
#8817=STYLED_ITEM('',(#8816),#8810);
#8818=CARTESIAN_POINT('',(2.347902136624E0,1.615E0,-1.127498347759E-2));
#8819=DIRECTION('',(0.E0,0.E0,1.E0));
#8820=DIRECTION('',(1.E0,0.E0,0.E0));
#8821=AXIS2_PLACEMENT_3D('',#8818,#8819,#8820);
#8822=PLANE('',#8821);
#8823=ORIENTED_EDGE('',*,*,#4959,.F.);
#8825=ORIENTED_EDGE('',*,*,#8824,.T.);
#8827=ORIENTED_EDGE('',*,*,#8826,.T.);
#8828=ORIENTED_EDGE('',*,*,#8803,.F.);
#8829=EDGE_LOOP('',(#8823,#8825,#8827,#8828));
#8830=FACE_OUTER_BOUND('',#8829,.F.);
#8831=ADVANCED_FACE('',(#8830),#8822,.T.);
#8832=FILL_AREA_STYLE_COLOUR('',#6);
#8833=FILL_AREA_STYLE('',(#8832));
#8834=SURFACE_STYLE_FILL_AREA(#8833);
#8835=SURFACE_SIDE_STYLE('',(#8834));
#8836=SURFACE_STYLE_USAGE(.POSITIVE.,#8835);
#8837=PRESENTATION_STYLE_ASSIGNMENT((#8836));
#8838=STYLED_ITEM('',(#8837),#8831);
#8839=CARTESIAN_POINT('',(2.294821267104E0,1.615E0,6.05E-3));
#8840=DIRECTION('',(3.102796666273E-1,0.E0,9.506453221247E-1));
#8841=DIRECTION('',(9.506453221247E-1,0.E0,-3.102796666273E-1));
#8842=AXIS2_PLACEMENT_3D('',#8839,#8840,#8841);
#8843=PLANE('',#8842);
#8844=ORIENTED_EDGE('',*,*,#4957,.F.);
#8846=ORIENTED_EDGE('',*,*,#8845,.T.);
#8848=ORIENTED_EDGE('',*,*,#8847,.T.);
#8849=ORIENTED_EDGE('',*,*,#8824,.F.);
#8850=EDGE_LOOP('',(#8844,#8846,#8848,#8849));
#8851=FACE_OUTER_BOUND('',#8850,.F.);
#8852=ADVANCED_FACE('',(#8851),#8843,.T.);
#8853=FILL_AREA_STYLE_COLOUR('',#6);
#8854=FILL_AREA_STYLE('',(#8853));
#8855=SURFACE_STYLE_FILL_AREA(#8854);
#8856=SURFACE_SIDE_STYLE('',(#8855));
#8857=SURFACE_STYLE_USAGE(.POSITIVE.,#8856);
#8858=PRESENTATION_STYLE_ASSIGNMENT((#8857));
#8859=STYLED_ITEM('',(#8858),#8852);
#8860=CARTESIAN_POINT('',(2.241740422368E0,1.615E0,4.070001652241E-2));
#8861=DIRECTION('',(5.466227293958E-1,0.E0,8.373790012342E-1));
#8862=DIRECTION('',(8.373790012342E-1,0.E0,-5.466227293958E-1));
#8863=AXIS2_PLACEMENT_3D('',#8860,#8861,#8862);
#8864=PLANE('',#8863);
#8865=ORIENTED_EDGE('',*,*,#4955,.F.);
#8867=ORIENTED_EDGE('',*,*,#8866,.T.);
#8869=ORIENTED_EDGE('',*,*,#8868,.T.);
#8870=ORIENTED_EDGE('',*,*,#8845,.F.);
#8871=EDGE_LOOP('',(#8865,#8867,#8869,#8870));
#8872=FACE_OUTER_BOUND('',#8871,.F.);
#8873=ADVANCED_FACE('',(#8872),#8864,.T.);
#8874=FILL_AREA_STYLE_COLOUR('',#6);
#8875=FILL_AREA_STYLE('',(#8874));
#8876=SURFACE_STYLE_FILL_AREA(#8875);
#8877=SURFACE_SIDE_STYLE('',(#8876));
#8878=SURFACE_STYLE_USAGE(.POSITIVE.,#8877);
#8879=PRESENTATION_STYLE_ASSIGNMENT((#8878));
#8880=STYLED_ITEM('',(#8879),#8873);
#8881=CARTESIAN_POINT('',(2.206353192544E0,1.615E0,9.267501652241E-2));
#8882=DIRECTION('',(8.265992787996E-1,0.E0,5.627909312417E-1));
#8883=DIRECTION('',(5.627909312417E-1,0.E0,-8.265992787996E-1));
#8884=AXIS2_PLACEMENT_3D('',#8881,#8882,#8883);
#8885=PLANE('',#8884);
#8886=ORIENTED_EDGE('',*,*,#4953,.F.);
#8888=ORIENTED_EDGE('',*,*,#8887,.T.);
#8890=ORIENTED_EDGE('',*,*,#8889,.T.);
#8891=ORIENTED_EDGE('',*,*,#8866,.F.);
#8892=EDGE_LOOP('',(#8886,#8888,#8890,#8891));
#8893=FACE_OUTER_BOUND('',#8892,.F.);
#8894=ADVANCED_FACE('',(#8893),#8885,.T.);
#8895=FILL_AREA_STYLE_COLOUR('',#6);
#8896=FILL_AREA_STYLE('',(#8895));
#8897=SURFACE_STYLE_FILL_AREA(#8896);
#8898=SURFACE_SIDE_STYLE('',(#8897));
#8899=SURFACE_STYLE_USAGE(.POSITIVE.,#8898);
#8900=PRESENTATION_STYLE_ASSIGNMENT((#8899));
#8901=STYLED_ITEM('',(#8900),#8894);
#8902=CARTESIAN_POINT('',(2.188659577632E0,1.615E0,1.61975E-1));
#8903=DIRECTION('',(9.689177035558E-1,0.E0,2.473832729514E-1));
#8904=DIRECTION('',(2.473832729514E-1,0.E0,-9.689177035558E-1));
#8905=AXIS2_PLACEMENT_3D('',#8902,#8903,#8904);
#8906=PLANE('',#8905);
#8907=ORIENTED_EDGE('',*,*,#4951,.F.);
#8909=ORIENTED_EDGE('',*,*,#8908,.T.);
#8911=ORIENTED_EDGE('',*,*,#8910,.T.);
#8912=ORIENTED_EDGE('',*,*,#8887,.F.);
#8913=EDGE_LOOP('',(#8907,#8909,#8911,#8912));
#8914=FACE_OUTER_BOUND('',#8913,.F.);
#8915=ADVANCED_FACE('',(#8914),#8906,.T.);
#8916=FILL_AREA_STYLE_COLOUR('',#6);
#8917=FILL_AREA_STYLE('',(#8916));
#8918=SURFACE_STYLE_FILL_AREA(#8917);
#8919=SURFACE_SIDE_STYLE('',(#8918));
#8920=SURFACE_STYLE_USAGE(.POSITIVE.,#8919);
#8921=PRESENTATION_STYLE_ASSIGNMENT((#8920));
#8922=STYLED_ITEM('',(#8921),#8915);
#8923=CARTESIAN_POINT('',(2.188659577632E0,1.615E0,2.65925E-1));
#8924=DIRECTION('',(1.E0,0.E0,0.E0));
#8925=DIRECTION('',(0.E0,0.E0,-1.E0));
#8926=AXIS2_PLACEMENT_3D('',#8923,#8924,#8925);
#8927=PLANE('',#8926);
#8928=ORIENTED_EDGE('',*,*,#4949,.F.);
#8930=ORIENTED_EDGE('',*,*,#8929,.T.);
#8932=ORIENTED_EDGE('',*,*,#8931,.T.);
#8933=ORIENTED_EDGE('',*,*,#8908,.F.);
#8934=EDGE_LOOP('',(#8928,#8930,#8932,#8933));
#8935=FACE_OUTER_BOUND('',#8934,.F.);
#8936=ADVANCED_FACE('',(#8935),#8927,.T.);
#8937=FILL_AREA_STYLE_COLOUR('',#6);
#8938=FILL_AREA_STYLE('',(#8937));
#8939=SURFACE_STYLE_FILL_AREA(#8938);
#8940=SURFACE_SIDE_STYLE('',(#8939));
#8941=SURFACE_STYLE_USAGE(.POSITIVE.,#8940);
#8942=PRESENTATION_STYLE_ASSIGNMENT((#8941));
#8943=STYLED_ITEM('',(#8942),#8936);
#8944=CARTESIAN_POINT('',(2.206353192544E0,1.615E0,3.352249958694E-1));
#8945=DIRECTION('',(9.689177141588E-1,0.E0,-2.473832314230E-1));
#8946=DIRECTION('',(-2.473832314230E-1,0.E0,-9.689177141588E-1));
#8947=AXIS2_PLACEMENT_3D('',#8944,#8945,#8946);
#8948=PLANE('',#8947);
#8949=ORIENTED_EDGE('',*,*,#4947,.F.);
#8950=ORIENTED_EDGE('',*,*,#8134,.T.);
#8952=ORIENTED_EDGE('',*,*,#8951,.T.);
#8953=ORIENTED_EDGE('',*,*,#8929,.F.);
#8954=EDGE_LOOP('',(#8949,#8950,#8952,#8953));
#8955=FACE_OUTER_BOUND('',#8954,.F.);
#8956=ADVANCED_FACE('',(#8955),#8948,.T.);
#8957=FILL_AREA_STYLE_COLOUR('',#6);
#8958=FILL_AREA_STYLE('',(#8957));
#8959=SURFACE_STYLE_FILL_AREA(#8958);
#8960=SURFACE_SIDE_STYLE('',(#8959));
#8961=SURFACE_STYLE_USAGE(.POSITIVE.,#8960);
#8962=PRESENTATION_STYLE_ASSIGNMENT((#8961));
#8963=STYLED_ITEM('',(#8962),#8956);
#8964=CARTESIAN_POINT('',(0.E0,1.635E0,-3.1E0));
#8965=DIRECTION('',(0.E0,1.E0,0.E0));
#8966=DIRECTION('',(0.E0,0.E0,-1.E0));
#8967=AXIS2_PLACEMENT_3D('',#8964,#8965,#8966);
#8968=PLANE('',#8967);
#8969=ORIENTED_EDGE('',*,*,#8132,.F.);
#8970=ORIENTED_EDGE('',*,*,#8154,.F.);
#8971=ORIENTED_EDGE('',*,*,#8175,.F.);
#8972=ORIENTED_EDGE('',*,*,#8196,.F.);
#8973=ORIENTED_EDGE('',*,*,#8217,.F.);
#8974=ORIENTED_EDGE('',*,*,#8238,.F.);
#8975=ORIENTED_EDGE('',*,*,#8259,.F.);
#8976=ORIENTED_EDGE('',*,*,#8280,.F.);
#8977=ORIENTED_EDGE('',*,*,#8301,.F.);
#8978=ORIENTED_EDGE('',*,*,#8322,.F.);
#8979=ORIENTED_EDGE('',*,*,#8343,.F.);
#8980=ORIENTED_EDGE('',*,*,#8364,.F.);
#8981=ORIENTED_EDGE('',*,*,#8385,.F.);
#8982=ORIENTED_EDGE('',*,*,#8406,.F.);
#8983=ORIENTED_EDGE('',*,*,#8427,.F.);
#8984=ORIENTED_EDGE('',*,*,#8448,.F.);
#8985=ORIENTED_EDGE('',*,*,#8469,.F.);
#8986=ORIENTED_EDGE('',*,*,#8490,.F.);
#8987=ORIENTED_EDGE('',*,*,#8511,.F.);
#8988=ORIENTED_EDGE('',*,*,#8532,.F.);
#8989=ORIENTED_EDGE('',*,*,#8553,.F.);
#8990=ORIENTED_EDGE('',*,*,#8574,.F.);
#8991=ORIENTED_EDGE('',*,*,#8595,.F.);
#8992=ORIENTED_EDGE('',*,*,#8616,.F.);
#8993=ORIENTED_EDGE('',*,*,#8637,.F.);
#8994=ORIENTED_EDGE('',*,*,#8658,.F.);
#8995=ORIENTED_EDGE('',*,*,#8679,.F.);
#8996=ORIENTED_EDGE('',*,*,#8700,.F.);
#8997=ORIENTED_EDGE('',*,*,#8721,.F.);
#8998=ORIENTED_EDGE('',*,*,#8742,.F.);
#8999=ORIENTED_EDGE('',*,*,#8763,.F.);
#9000=ORIENTED_EDGE('',*,*,#8784,.F.);
#9001=ORIENTED_EDGE('',*,*,#8805,.F.);
#9002=ORIENTED_EDGE('',*,*,#8826,.F.);
#9003=ORIENTED_EDGE('',*,*,#8847,.F.);
#9004=ORIENTED_EDGE('',*,*,#8868,.F.);
#9005=ORIENTED_EDGE('',*,*,#8889,.F.);
#9006=ORIENTED_EDGE('',*,*,#8910,.F.);
#9007=ORIENTED_EDGE('',*,*,#8931,.F.);
#9008=ORIENTED_EDGE('',*,*,#8951,.F.);
#9009=EDGE_LOOP('',(#8969,#8970,#8971,#8972,#8973,#8974,#8975,#8976,#8977,#8978,
#8979,#8980,#8981,#8982,#8983,#8984,#8985,#8986,#8987,#8988,#8989,#8990,#8991,
#8992,#8993,#8994,#8995,#8996,#8997,#8998,#8999,#9000,#9001,#9002,#9003,#9004,
#9005,#9006,#9007,#9008));
#9010=FACE_OUTER_BOUND('',#9009,.F.);
#9011=ADVANCED_FACE('',(#9010),#8968,.T.);
#9012=FILL_AREA_STYLE_COLOUR('',#6);
#9013=FILL_AREA_STYLE('',(#9012));
#9014=SURFACE_STYLE_FILL_AREA(#9013);
#9015=SURFACE_SIDE_STYLE('',(#9014));
#9016=SURFACE_STYLE_USAGE(.POSITIVE.,#9015);
#9017=PRESENTATION_STYLE_ASSIGNMENT((#9016));
#9018=STYLED_ITEM('',(#9017),#9011);
#9019=CARTESIAN_POINT('',(0.E0,1.635E0,-3.1E0));
#9020=DIRECTION('',(0.E0,1.E0,0.E0));
#9021=DIRECTION('',(0.E0,0.E0,-1.E0));
#9022=AXIS2_PLACEMENT_3D('',#9019,#9020,#9021);
#9023=PLANE('',#9022);
#9025=ORIENTED_EDGE('',*,*,#9024,.F.);
#9027=ORIENTED_EDGE('',*,*,#9026,.F.);
#9029=ORIENTED_EDGE('',*,*,#9028,.F.);
#9031=ORIENTED_EDGE('',*,*,#9030,.F.);
#9033=ORIENTED_EDGE('',*,*,#9032,.F.);
#9035=ORIENTED_EDGE('',*,*,#9034,.F.);
#9037=ORIENTED_EDGE('',*,*,#9036,.F.);
#9039=ORIENTED_EDGE('',*,*,#9038,.F.);
#9041=ORIENTED_EDGE('',*,*,#9040,.F.);
#9043=ORIENTED_EDGE('',*,*,#9042,.F.);
#9045=ORIENTED_EDGE('',*,*,#9044,.F.);
#9046=EDGE_LOOP('',(#9025,#9027,#9029,#9031,#9033,#9035,#9037,#9039,#9041,#9043,
#9045));
#9047=FACE_OUTER_BOUND('',#9046,.F.);
#9049=ORIENTED_EDGE('',*,*,#9048,.F.);
#9051=ORIENTED_EDGE('',*,*,#9050,.F.);
#9053=ORIENTED_EDGE('',*,*,#9052,.F.);
#9054=EDGE_LOOP('',(#9049,#9051,#9053));
#9055=FACE_BOUND('',#9054,.F.);
#9056=ADVANCED_FACE('',(#9047,#9055),#9023,.T.);
#9057=FILL_AREA_STYLE_COLOUR('',#6);
#9058=FILL_AREA_STYLE('',(#9057));
#9059=SURFACE_STYLE_FILL_AREA(#9058);
#9060=SURFACE_SIDE_STYLE('',(#9059));
#9061=SURFACE_STYLE_USAGE(.POSITIVE.,#9060);
#9062=PRESENTATION_STYLE_ASSIGNMENT((#9061));
#9063=STYLED_ITEM('',(#9062),#9056);
#9064=CARTESIAN_POINT('',(1.7994E0,1.615E0,-6.522999669552E-1));
#9065=DIRECTION('',(-6.565244392656E-1,0.E0,7.543047531648E-1));
#9066=DIRECTION('',(7.543047531648E-1,0.E0,6.565244392656E-1));
#9067=AXIS2_PLACEMENT_3D('',#9064,#9065,#9066);
#9068=PLANE('',#9067);
#9069=ORIENTED_EDGE('',*,*,#5027,.F.);
#9071=ORIENTED_EDGE('',*,*,#9070,.T.);
#9072=ORIENTED_EDGE('',*,*,#9024,.T.);
#9074=ORIENTED_EDGE('',*,*,#9073,.F.);
#9075=EDGE_LOOP('',(#9069,#9071,#9072,#9074));
#9076=FACE_OUTER_BOUND('',#9075,.F.);
#9077=ADVANCED_FACE('',(#9076),#9068,.T.);
#9078=FILL_AREA_STYLE_COLOUR('',#6);
#9079=FILL_AREA_STYLE('',(#9078));
#9080=SURFACE_STYLE_FILL_AREA(#9079);
#9081=SURFACE_SIDE_STYLE('',(#9080));
#9082=SURFACE_STYLE_USAGE(.POSITIVE.,#9081);
#9083=PRESENTATION_STYLE_ASSIGNMENT((#9082));
#9084=STYLED_ITEM('',(#9083),#9077);
#9085=CARTESIAN_POINT('',(1.7994E0,1.615E0,-7.562499669552E-1));
#9086=DIRECTION('',(-1.E0,0.E0,0.E0));
#9087=DIRECTION('',(0.E0,0.E0,1.E0));
#9088=AXIS2_PLACEMENT_3D('',#9085,#9086,#9087);
#9089=PLANE('',#9088);
#9090=ORIENTED_EDGE('',*,*,#5047,.F.);
#9092=ORIENTED_EDGE('',*,*,#9091,.T.);
#9093=ORIENTED_EDGE('',*,*,#9026,.T.);
#9094=ORIENTED_EDGE('',*,*,#9070,.F.);
#9095=EDGE_LOOP('',(#9090,#9092,#9093,#9094));
#9096=FACE_OUTER_BOUND('',#9095,.F.);
#9097=ADVANCED_FACE('',(#9096),#9089,.T.);
#9098=FILL_AREA_STYLE_COLOUR('',#6);
#9099=FILL_AREA_STYLE('',(#9098));
#9100=SURFACE_STYLE_FILL_AREA(#9099);
#9101=SURFACE_SIDE_STYLE('',(#9100));
#9102=SURFACE_STYLE_USAGE(.POSITIVE.,#9101);
#9103=PRESENTATION_STYLE_ASSIGNMENT((#9102));
#9104=STYLED_ITEM('',(#9103),#9097);
#9105=CARTESIAN_POINT('',(2.277127652192E0,1.615E0,-7.562499669552E-1));
#9106=DIRECTION('',(0.E0,0.E0,-1.E0));
#9107=DIRECTION('',(-1.E0,0.E0,0.E0));
#9108=AXIS2_PLACEMENT_3D('',#9105,#9106,#9107);
#9109=PLANE('',#9108);
#9110=ORIENTED_EDGE('',*,*,#5045,.F.);
#9112=ORIENTED_EDGE('',*,*,#9111,.T.);
#9113=ORIENTED_EDGE('',*,*,#9028,.T.);
#9114=ORIENTED_EDGE('',*,*,#9091,.F.);
#9115=EDGE_LOOP('',(#9110,#9112,#9113,#9114));
#9116=FACE_OUTER_BOUND('',#9115,.F.);
#9117=ADVANCED_FACE('',(#9116),#9109,.T.);
#9118=FILL_AREA_STYLE_COLOUR('',#6);
#9119=FILL_AREA_STYLE('',(#9118));
#9120=SURFACE_STYLE_FILL_AREA(#9119);
#9121=SURFACE_SIDE_STYLE('',(#9120));
#9122=SURFACE_STYLE_USAGE(.POSITIVE.,#9121);
#9123=PRESENTATION_STYLE_ASSIGNMENT((#9122));
#9124=STYLED_ITEM('',(#9123),#9117);
#9125=CARTESIAN_POINT('',(2.277127652192E0,1.615E0,-9.295E-1));
#9126=DIRECTION('',(-1.E0,0.E0,0.E0));
#9127=DIRECTION('',(0.E0,0.E0,1.E0));
#9128=AXIS2_PLACEMENT_3D('',#9125,#9126,#9127);
#9129=PLANE('',#9128);
#9130=ORIENTED_EDGE('',*,*,#5043,.F.);
#9132=ORIENTED_EDGE('',*,*,#9131,.T.);
#9133=ORIENTED_EDGE('',*,*,#9030,.T.);
#9134=ORIENTED_EDGE('',*,*,#9111,.F.);
#9135=EDGE_LOOP('',(#9130,#9132,#9133,#9134));
#9136=FACE_OUTER_BOUND('',#9135,.F.);
#9137=ADVANCED_FACE('',(#9136),#9129,.T.);
#9138=FILL_AREA_STYLE_COLOUR('',#6);
#9139=FILL_AREA_STYLE('',(#9138));
#9140=SURFACE_STYLE_FILL_AREA(#9139);
#9141=SURFACE_SIDE_STYLE('',(#9140));
#9142=SURFACE_STYLE_USAGE(.POSITIVE.,#9141);
#9143=PRESENTATION_STYLE_ASSIGNMENT((#9142));
#9144=STYLED_ITEM('',(#9143),#9137);
#9145=CARTESIAN_POINT('',(2.383289366448E0,1.615E0,-9.295E-1));
#9146=DIRECTION('',(0.E0,0.E0,-1.E0));
#9147=DIRECTION('',(-1.E0,0.E0,0.E0));
#9148=AXIS2_PLACEMENT_3D('',#9145,#9146,#9147);
#9149=PLANE('',#9148);
#9150=ORIENTED_EDGE('',*,*,#5041,.F.);
#9152=ORIENTED_EDGE('',*,*,#9151,.T.);
#9153=ORIENTED_EDGE('',*,*,#9032,.T.);
#9154=ORIENTED_EDGE('',*,*,#9131,.F.);
#9155=EDGE_LOOP('',(#9150,#9152,#9153,#9154));
#9156=FACE_OUTER_BOUND('',#9155,.F.);
#9157=ADVANCED_FACE('',(#9156),#9149,.T.);
#9158=FILL_AREA_STYLE_COLOUR('',#6);
#9159=FILL_AREA_STYLE('',(#9158));
#9160=SURFACE_STYLE_FILL_AREA(#9159);
#9161=SURFACE_SIDE_STYLE('',(#9160));
#9162=SURFACE_STYLE_USAGE(.POSITIVE.,#9161);
#9163=PRESENTATION_STYLE_ASSIGNMENT((#9162));
#9164=STYLED_ITEM('',(#9163),#9157);
#9165=CARTESIAN_POINT('',(2.383289366448E0,1.615E0,-7.562499669552E-1));
#9166=DIRECTION('',(1.E0,0.E0,0.E0));
#9167=DIRECTION('',(0.E0,0.E0,-1.E0));
#9168=AXIS2_PLACEMENT_3D('',#9165,#9166,#9167);
#9169=PLANE('',#9168);
#9170=ORIENTED_EDGE('',*,*,#5039,.F.);
#9172=ORIENTED_EDGE('',*,*,#9171,.T.);
#9173=ORIENTED_EDGE('',*,*,#9034,.T.);
#9174=ORIENTED_EDGE('',*,*,#9151,.F.);
#9175=EDGE_LOOP('',(#9170,#9172,#9173,#9174));
#9176=FACE_OUTER_BOUND('',#9175,.F.);
#9177=ADVANCED_FACE('',(#9176),#9169,.T.);
#9178=FILL_AREA_STYLE_COLOUR('',#6);
#9179=FILL_AREA_STYLE('',(#9178));
#9180=SURFACE_STYLE_FILL_AREA(#9179);
#9181=SURFACE_SIDE_STYLE('',(#9180));
#9182=SURFACE_STYLE_USAGE(.POSITIVE.,#9181);
#9183=PRESENTATION_STYLE_ASSIGNMENT((#9182));
#9184=STYLED_ITEM('',(#9183),#9177);
#9185=CARTESIAN_POINT('',(2.631E0,1.615E0,-7.562499669552E-1));
#9186=DIRECTION('',(0.E0,0.E0,-1.E0));
#9187=DIRECTION('',(-1.E0,0.E0,0.E0));
#9188=AXIS2_PLACEMENT_3D('',#9185,#9186,#9187);
#9189=PLANE('',#9188);
#9190=ORIENTED_EDGE('',*,*,#5037,.F.);
#9192=ORIENTED_EDGE('',*,*,#9191,.T.);
#9193=ORIENTED_EDGE('',*,*,#9036,.T.);
#9194=ORIENTED_EDGE('',*,*,#9171,.F.);
#9195=EDGE_LOOP('',(#9190,#9192,#9193,#9194));
#9196=FACE_OUTER_BOUND('',#9195,.F.);
#9197=ADVANCED_FACE('',(#9196),#9189,.T.);
#9198=FILL_AREA_STYLE_COLOUR('',#6);
#9199=FILL_AREA_STYLE('',(#9198));
#9200=SURFACE_STYLE_FILL_AREA(#9199);
#9201=SURFACE_SIDE_STYLE('',(#9200));
#9202=SURFACE_STYLE_USAGE(.POSITIVE.,#9201);
#9203=PRESENTATION_STYLE_ASSIGNMENT((#9202));
#9204=STYLED_ITEM('',(#9203),#9197);
#9205=CARTESIAN_POINT('',(2.631E0,1.615E0,-6.522999669552E-1));
#9206=DIRECTION('',(1.E0,0.E0,0.E0));
#9207=DIRECTION('',(0.E0,0.E0,-1.E0));
#9208=AXIS2_PLACEMENT_3D('',#9205,#9206,#9207);
#9209=PLANE('',#9208);
#9210=ORIENTED_EDGE('',*,*,#5035,.F.);
#9212=ORIENTED_EDGE('',*,*,#9211,.T.);
#9213=ORIENTED_EDGE('',*,*,#9038,.T.);
#9214=ORIENTED_EDGE('',*,*,#9191,.F.);
#9215=EDGE_LOOP('',(#9210,#9212,#9213,#9214));
#9216=FACE_OUTER_BOUND('',#9215,.F.);
#9217=ADVANCED_FACE('',(#9216),#9209,.T.);
#9218=FILL_AREA_STYLE_COLOUR('',#6);
#9219=FILL_AREA_STYLE('',(#9218));
#9220=SURFACE_STYLE_FILL_AREA(#9219);
#9221=SURFACE_SIDE_STYLE('',(#9220));
#9222=SURFACE_STYLE_USAGE(.POSITIVE.,#9221);
#9223=PRESENTATION_STYLE_ASSIGNMENT((#9222));
#9224=STYLED_ITEM('',(#9223),#9217);
#9225=CARTESIAN_POINT('',(2.383289366448E0,1.615E0,-6.522999669552E-1));
#9226=DIRECTION('',(0.E0,0.E0,1.E0));
#9227=DIRECTION('',(1.E0,0.E0,0.E0));
#9228=AXIS2_PLACEMENT_3D('',#9225,#9226,#9227);
#9229=PLANE('',#9228);
#9230=ORIENTED_EDGE('',*,*,#5033,.F.);
#9232=ORIENTED_EDGE('',*,*,#9231,.T.);
#9233=ORIENTED_EDGE('',*,*,#9040,.T.);
#9234=ORIENTED_EDGE('',*,*,#9211,.F.);
#9235=EDGE_LOOP('',(#9230,#9232,#9233,#9234));
#9236=FACE_OUTER_BOUND('',#9235,.F.);
#9237=ADVANCED_FACE('',(#9236),#9229,.T.);
#9238=FILL_AREA_STYLE_COLOUR('',#6);
#9239=FILL_AREA_STYLE('',(#9238));
#9240=SURFACE_STYLE_FILL_AREA(#9239);
#9241=SURFACE_SIDE_STYLE('',(#9240));
#9242=SURFACE_STYLE_USAGE(.POSITIVE.,#9241);
#9243=PRESENTATION_STYLE_ASSIGNMENT((#9242));
#9244=STYLED_ITEM('',(#9243),#9237);
#9245=CARTESIAN_POINT('',(2.383289366448E0,1.615E0,-2.365000165224E-1));
#9246=DIRECTION('',(1.E0,0.E0,0.E0));
#9247=DIRECTION('',(0.E0,0.E0,-1.E0));
#9248=AXIS2_PLACEMENT_3D('',#9245,#9246,#9247);
#9249=PLANE('',#9248);
#9250=ORIENTED_EDGE('',*,*,#5031,.F.);
#9252=ORIENTED_EDGE('',*,*,#9251,.T.);
#9253=ORIENTED_EDGE('',*,*,#9042,.T.);
#9254=ORIENTED_EDGE('',*,*,#9231,.F.);
#9255=EDGE_LOOP('',(#9250,#9252,#9253,#9254));
#9256=FACE_OUTER_BOUND('',#9255,.F.);
#9257=ADVANCED_FACE('',(#9256),#9249,.T.);
#9258=FILL_AREA_STYLE_COLOUR('',#6);
#9259=FILL_AREA_STYLE('',(#9258));
#9260=SURFACE_STYLE_FILL_AREA(#9259);
#9261=SURFACE_SIDE_STYLE('',(#9260));
#9262=SURFACE_STYLE_USAGE(.POSITIVE.,#9261);
#9263=PRESENTATION_STYLE_ASSIGNMENT((#9262));
#9264=STYLED_ITEM('',(#9263),#9257);
#9265=CARTESIAN_POINT('',(2.277127652192E0,1.615E0,-2.365000165224E-1));
#9266=DIRECTION('',(0.E0,0.E0,1.E0));
#9267=DIRECTION('',(1.E0,0.E0,0.E0));
#9268=AXIS2_PLACEMENT_3D('',#9265,#9266,#9267);
#9269=PLANE('',#9268);
#9270=ORIENTED_EDGE('',*,*,#5029,.F.);
#9271=ORIENTED_EDGE('',*,*,#9073,.T.);
#9272=ORIENTED_EDGE('',*,*,#9044,.T.);
#9273=ORIENTED_EDGE('',*,*,#9251,.F.);
#9274=EDGE_LOOP('',(#9270,#9271,#9272,#9273));
#9275=FACE_OUTER_BOUND('',#9274,.F.);
#9276=ADVANCED_FACE('',(#9275),#9269,.T.);
#9277=FILL_AREA_STYLE_COLOUR('',#6);
#9278=FILL_AREA_STYLE('',(#9277));
#9279=SURFACE_STYLE_FILL_AREA(#9278);
#9280=SURFACE_SIDE_STYLE('',(#9279));
#9281=SURFACE_STYLE_USAGE(.POSITIVE.,#9280);
#9282=PRESENTATION_STYLE_ASSIGNMENT((#9281));
#9283=STYLED_ITEM('',(#9282),#9276);
#9284=CARTESIAN_POINT('',(2.277127652192E0,1.615E0,-3.57775E-1));
#9285=DIRECTION('',(6.589715411217E-1,0.E0,-7.521678722145E-1));
#9286=DIRECTION('',(-7.521678722145E-1,0.E0,-6.589715411217E-1));
#9287=AXIS2_PLACEMENT_3D('',#9284,#9285,#9286);
#9288=PLANE('',#9287);
#9289=ORIENTED_EDGE('',*,*,#5087,.F.);
#9291=ORIENTED_EDGE('',*,*,#9290,.T.);
#9292=ORIENTED_EDGE('',*,*,#9048,.T.);
#9294=ORIENTED_EDGE('',*,*,#9293,.F.);
#9295=EDGE_LOOP('',(#9289,#9291,#9292,#9294));
#9296=FACE_OUTER_BOUND('',#9295,.F.);
#9297=ADVANCED_FACE('',(#9296),#9288,.T.);
#9298=FILL_AREA_STYLE_COLOUR('',#6);
#9299=FILL_AREA_STYLE('',(#9298));
#9300=SURFACE_STYLE_FILL_AREA(#9299);
#9301=SURFACE_SIDE_STYLE('',(#9300));
#9302=SURFACE_STYLE_USAGE(.POSITIVE.,#9301);
#9303=PRESENTATION_STYLE_ASSIGNMENT((#9302));
#9304=STYLED_ITEM('',(#9303),#9297);
#9305=CARTESIAN_POINT('',(2.277127652192E0,1.615E0,-6.522999669552E-1));
#9306=DIRECTION('',(-1.E0,0.E0,0.E0));
#9307=DIRECTION('',(0.E0,0.E0,1.E0));
#9308=AXIS2_PLACEMENT_3D('',#9305,#9306,#9307);
#9309=PLANE('',#9308);
#9310=ORIENTED_EDGE('',*,*,#5091,.F.);
#9312=ORIENTED_EDGE('',*,*,#9311,.T.);
#9313=ORIENTED_EDGE('',*,*,#9050,.T.);
#9314=ORIENTED_EDGE('',*,*,#9290,.F.);
#9315=EDGE_LOOP('',(#9310,#9312,#9313,#9314));
#9316=FACE_OUTER_BOUND('',#9315,.F.);
#9317=ADVANCED_FACE('',(#9316),#9309,.T.);
#9318=FILL_AREA_STYLE_COLOUR('',#6);
#9319=FILL_AREA_STYLE('',(#9318));
#9320=SURFACE_STYLE_FILL_AREA(#9319);
#9321=SURFACE_SIDE_STYLE('',(#9320));
#9322=SURFACE_STYLE_USAGE(.POSITIVE.,#9321);
#9323=PRESENTATION_STYLE_ASSIGNMENT((#9322));
#9324=STYLED_ITEM('',(#9323),#9317);
#9325=CARTESIAN_POINT('',(1.940948919296E0,1.615E0,-6.522999669552E-1));
#9326=DIRECTION('',(0.E0,0.E0,1.E0));
#9327=DIRECTION('',(1.E0,0.E0,0.E0));
#9328=AXIS2_PLACEMENT_3D('',#9325,#9326,#9327);
#9329=PLANE('',#9328);
#9330=ORIENTED_EDGE('',*,*,#5089,.F.);
#9331=ORIENTED_EDGE('',*,*,#9293,.T.);
#9332=ORIENTED_EDGE('',*,*,#9052,.T.);
#9333=ORIENTED_EDGE('',*,*,#9311,.F.);
#9334=EDGE_LOOP('',(#9330,#9331,#9332,#9333));
#9335=FACE_OUTER_BOUND('',#9334,.F.);
#9336=ADVANCED_FACE('',(#9335),#9329,.T.);
#9337=FILL_AREA_STYLE_COLOUR('',#6);
#9338=FILL_AREA_STYLE('',(#9337));
#9339=SURFACE_STYLE_FILL_AREA(#9338);
#9340=SURFACE_SIDE_STYLE('',(#9339));
#9341=SURFACE_STYLE_USAGE(.POSITIVE.,#9340);
#9342=PRESENTATION_STYLE_ASSIGNMENT((#9341));
#9343=STYLED_ITEM('',(#9342),#9336);
#9344=CARTESIAN_POINT('',(0.E0,5.15E-1,-3.1E0));
#9345=DIRECTION('',(0.E0,-1.E0,0.E0));
#9346=DIRECTION('',(1.E0,0.E0,0.E0));
#9347=AXIS2_PLACEMENT_3D('',#9344,#9345,#9346);
#9348=PLANE('',#9347);
#9350=ORIENTED_EDGE('',*,*,#9349,.F.);
#9352=ORIENTED_EDGE('',*,*,#9351,.T.);
#9353=ORIENTED_EDGE('',*,*,#4539,.F.);
#9355=ORIENTED_EDGE('',*,*,#9354,.T.);
#9356=EDGE_LOOP('',(#9350,#9352,#9353,#9355));
#9357=FACE_OUTER_BOUND('',#9356,.F.);
#9358=ADVANCED_FACE('',(#9357),#9348,.T.);
#9359=FILL_AREA_STYLE_COLOUR('',#19);
#9360=FILL_AREA_STYLE('',(#9359));
#9361=SURFACE_STYLE_FILL_AREA(#9360);
#9362=SURFACE_SIDE_STYLE('',(#9361));
#9363=SURFACE_STYLE_USAGE(.POSITIVE.,#9362);
#9364=PRESENTATION_STYLE_ASSIGNMENT((#9363));
#9365=STYLED_ITEM('',(#9364),#9358);
#9366=CARTESIAN_POINT('',(-2.25E0,-6.4476E0,-7.05E0));
#9367=DIRECTION('',(0.E0,1.E0,0.E0));
#9368=DIRECTION('',(-1.E0,0.E0,0.E0));
#9369=AXIS2_PLACEMENT_3D('',#9366,#9367,#9368);
#9370=CYLINDRICAL_SURFACE('',#9369,3.5E-1);
#9372=ORIENTED_EDGE('',*,*,#9371,.T.);
#9374=ORIENTED_EDGE('',*,*,#9373,.F.);
#9375=ORIENTED_EDGE('',*,*,#9349,.T.);
#9377=ORIENTED_EDGE('',*,*,#9376,.T.);
#9378=EDGE_LOOP('',(#9372,#9374,#9375,#9377));
#9379=FACE_OUTER_BOUND('',#9378,.F.);
#9380=ADVANCED_FACE('',(#9379),#9370,.T.);
#9381=FILL_AREA_STYLE_COLOUR('',#19);
#9382=FILL_AREA_STYLE('',(#9381));
#9383=SURFACE_STYLE_FILL_AREA(#9382);
#9384=SURFACE_SIDE_STYLE('',(#9383));
#9385=SURFACE_STYLE_USAGE(.POSITIVE.,#9384);
#9386=PRESENTATION_STYLE_ASSIGNMENT((#9385));
#9387=STYLED_ITEM('',(#9386),#9380);
#9388=CARTESIAN_POINT('',(0.E0,8.15E-1,-3.1E0));
#9389=DIRECTION('',(0.E0,-1.E0,0.E0));
#9390=DIRECTION('',(1.E0,0.E0,0.E0));
#9391=AXIS2_PLACEMENT_3D('',#9388,#9389,#9390);
#9392=PLANE('',#9391);
#9393=ORIENTED_EDGE('',*,*,#9371,.F.);
#9395=ORIENTED_EDGE('',*,*,#9394,.F.);
#9396=ORIENTED_EDGE('',*,*,#4543,.T.);
#9398=ORIENTED_EDGE('',*,*,#9397,.F.);
#9399=EDGE_LOOP('',(#9393,#9395,#9396,#9398));
#9400=FACE_OUTER_BOUND('',#9399,.F.);
#9401=ADVANCED_FACE('',(#9400),#9392,.F.);
#9402=FILL_AREA_STYLE_COLOUR('',#19);
#9403=FILL_AREA_STYLE('',(#9402));
#9404=SURFACE_STYLE_FILL_AREA(#9403);
#9405=SURFACE_SIDE_STYLE('',(#9404));
#9406=SURFACE_STYLE_USAGE(.POSITIVE.,#9405);
#9407=PRESENTATION_STYLE_ASSIGNMENT((#9406));
#9408=STYLED_ITEM('',(#9407),#9401);
#9409=CARTESIAN_POINT('',(-1.9E0,5.15E-1,-7.4E0));
#9410=DIRECTION('',(1.E0,0.E0,0.E0));
#9411=DIRECTION('',(0.E0,0.E0,1.E0));
#9412=AXIS2_PLACEMENT_3D('',#9409,#9410,#9411);
#9413=PLANE('',#9412);
#9414=ORIENTED_EDGE('',*,*,#9376,.F.);
#9415=ORIENTED_EDGE('',*,*,#9354,.F.);
#9416=ORIENTED_EDGE('',*,*,#4545,.F.);
#9417=ORIENTED_EDGE('',*,*,#9394,.T.);
#9418=EDGE_LOOP('',(#9414,#9415,#9416,#9417));
#9419=FACE_OUTER_BOUND('',#9418,.F.);
#9420=ADVANCED_FACE('',(#9419),#9413,.T.);
#9421=FILL_AREA_STYLE_COLOUR('',#19);
#9422=FILL_AREA_STYLE('',(#9421));
#9423=SURFACE_STYLE_FILL_AREA(#9422);
#9424=SURFACE_SIDE_STYLE('',(#9423));
#9425=SURFACE_STYLE_USAGE(.POSITIVE.,#9424);
#9426=PRESENTATION_STYLE_ASSIGNMENT((#9425));
#9427=STYLED_ITEM('',(#9426),#9420);
#9428=CARTESIAN_POINT('',(-2.6E0,5.15E-1,-3.1E0));
#9429=DIRECTION('',(-1.E0,0.E0,0.E0));
#9430=DIRECTION('',(0.E0,0.E0,-1.E0));
#9431=AXIS2_PLACEMENT_3D('',#9428,#9429,#9430);
#9432=PLANE('',#9431);
#9433=ORIENTED_EDGE('',*,*,#9373,.T.);
#9434=ORIENTED_EDGE('',*,*,#9397,.T.);
#9435=ORIENTED_EDGE('',*,*,#4541,.T.);
#9436=ORIENTED_EDGE('',*,*,#9351,.F.);
#9437=EDGE_LOOP('',(#9433,#9434,#9435,#9436));
#9438=FACE_OUTER_BOUND('',#9437,.F.);
#9439=ADVANCED_FACE('',(#9438),#9432,.T.);
#9440=FILL_AREA_STYLE_COLOUR('',#19);
#9441=FILL_AREA_STYLE('',(#9440));
#9442=SURFACE_STYLE_FILL_AREA(#9441);
#9443=SURFACE_SIDE_STYLE('',(#9442));
#9444=SURFACE_STYLE_USAGE(.POSITIVE.,#9443);
#9445=PRESENTATION_STYLE_ASSIGNMENT((#9444));
#9446=STYLED_ITEM('',(#9445),#9439);
#9447=CARTESIAN_POINT('',(0.E0,5.15E-1,-3.1E0));
#9448=DIRECTION('',(0.E0,1.E0,0.E0));
#9449=DIRECTION('',(-1.E0,0.E0,0.E0));
#9450=AXIS2_PLACEMENT_3D('',#9447,#9448,#9449);
#9451=PLANE('',#9450);
#9453=ORIENTED_EDGE('',*,*,#9452,.F.);
#9455=ORIENTED_EDGE('',*,*,#9454,.T.);
#9456=ORIENTED_EDGE('',*,*,#4549,.F.);
#9458=ORIENTED_EDGE('',*,*,#9457,.T.);
#9459=EDGE_LOOP('',(#9453,#9455,#9456,#9458));
#9460=FACE_OUTER_BOUND('',#9459,.F.);
#9461=ADVANCED_FACE('',(#9460),#9451,.F.);
#9462=FILL_AREA_STYLE_COLOUR('',#19);
#9463=FILL_AREA_STYLE('',(#9462));
#9464=SURFACE_STYLE_FILL_AREA(#9463);
#9465=SURFACE_SIDE_STYLE('',(#9464));
#9466=SURFACE_STYLE_USAGE(.POSITIVE.,#9465);
#9467=PRESENTATION_STYLE_ASSIGNMENT((#9466));
#9468=STYLED_ITEM('',(#9467),#9461);
#9469=CARTESIAN_POINT('',(2.25E0,6.1776E0,-7.05E0));
#9470=DIRECTION('',(0.E0,-1.E0,0.E0));
#9471=DIRECTION('',(1.E0,0.E0,0.E0));
#9472=AXIS2_PLACEMENT_3D('',#9469,#9470,#9471);
#9473=CYLINDRICAL_SURFACE('',#9472,3.5E-1);
#9474=ORIENTED_EDGE('',*,*,#9452,.T.);
#9476=ORIENTED_EDGE('',*,*,#9475,.F.);
#9478=ORIENTED_EDGE('',*,*,#9477,.T.);
#9480=ORIENTED_EDGE('',*,*,#9479,.T.);
#9481=EDGE_LOOP('',(#9474,#9476,#9478,#9480));
#9482=FACE_OUTER_BOUND('',#9481,.F.);
#9483=ADVANCED_FACE('',(#9482),#9473,.T.);
#9484=FILL_AREA_STYLE_COLOUR('',#19);
#9485=FILL_AREA_STYLE('',(#9484));
#9486=SURFACE_STYLE_FILL_AREA(#9485);
#9487=SURFACE_SIDE_STYLE('',(#9486));
#9488=SURFACE_STYLE_USAGE(.POSITIVE.,#9487);
#9489=PRESENTATION_STYLE_ASSIGNMENT((#9488));
#9490=STYLED_ITEM('',(#9489),#9483);
#9491=CARTESIAN_POINT('',(2.6E0,5.15E-1,-3.1E0));
#9492=DIRECTION('',(-1.E0,0.E0,0.E0));
#9493=DIRECTION('',(0.E0,0.E0,-1.E0));
#9494=AXIS2_PLACEMENT_3D('',#9491,#9492,#9493);
#9495=PLANE('',#9494);
#9496=ORIENTED_EDGE('',*,*,#9475,.T.);
#9497=ORIENTED_EDGE('',*,*,#9457,.F.);
#9498=ORIENTED_EDGE('',*,*,#4555,.F.);
#9500=ORIENTED_EDGE('',*,*,#9499,.T.);
#9501=EDGE_LOOP('',(#9496,#9497,#9498,#9500));
#9502=FACE_OUTER_BOUND('',#9501,.F.);
#9503=ADVANCED_FACE('',(#9502),#9495,.F.);
#9504=FILL_AREA_STYLE_COLOUR('',#19);
#9505=FILL_AREA_STYLE('',(#9504));
#9506=SURFACE_STYLE_FILL_AREA(#9505);
#9507=SURFACE_SIDE_STYLE('',(#9506));
#9508=SURFACE_STYLE_USAGE(.POSITIVE.,#9507);
#9509=PRESENTATION_STYLE_ASSIGNMENT((#9508));
#9510=STYLED_ITEM('',(#9509),#9503);
#9511=CARTESIAN_POINT('',(0.E0,8.15E-1,-3.1E0));
#9512=DIRECTION('',(0.E0,1.E0,0.E0));
#9513=DIRECTION('',(-1.E0,0.E0,0.E0));
#9514=AXIS2_PLACEMENT_3D('',#9511,#9512,#9513);
#9515=PLANE('',#9514);
#9516=ORIENTED_EDGE('',*,*,#9477,.F.);
#9517=ORIENTED_EDGE('',*,*,#9499,.F.);
#9518=ORIENTED_EDGE('',*,*,#4553,.T.);
#9520=ORIENTED_EDGE('',*,*,#9519,.F.);
#9521=EDGE_LOOP('',(#9516,#9517,#9518,#9520));
#9522=FACE_OUTER_BOUND('',#9521,.F.);
#9523=ADVANCED_FACE('',(#9522),#9515,.T.);
#9524=FILL_AREA_STYLE_COLOUR('',#19);
#9525=FILL_AREA_STYLE('',(#9524));
#9526=SURFACE_STYLE_FILL_AREA(#9525);
#9527=SURFACE_SIDE_STYLE('',(#9526));
#9528=SURFACE_STYLE_USAGE(.POSITIVE.,#9527);
#9529=PRESENTATION_STYLE_ASSIGNMENT((#9528));
#9530=STYLED_ITEM('',(#9529),#9523);
#9531=CARTESIAN_POINT('',(1.9E0,5.15E-1,-7.4E0));
#9532=DIRECTION('',(1.E0,0.E0,0.E0));
#9533=DIRECTION('',(0.E0,0.E0,1.E0));
#9534=AXIS2_PLACEMENT_3D('',#9531,#9532,#9533);
#9535=PLANE('',#9534);
#9536=ORIENTED_EDGE('',*,*,#9479,.F.);
#9537=ORIENTED_EDGE('',*,*,#9519,.T.);
#9538=ORIENTED_EDGE('',*,*,#4551,.T.);
#9539=ORIENTED_EDGE('',*,*,#9454,.F.);
#9540=EDGE_LOOP('',(#9536,#9537,#9538,#9539));
#9541=FACE_OUTER_BOUND('',#9540,.F.);
#9542=ADVANCED_FACE('',(#9541),#9535,.F.);
#9543=FILL_AREA_STYLE_COLOUR('',#19);
#9544=FILL_AREA_STYLE('',(#9543));
#9545=SURFACE_STYLE_FILL_AREA(#9544);
#9546=SURFACE_SIDE_STYLE('',(#9545));
#9547=SURFACE_STYLE_USAGE(.POSITIVE.,#9546);
#9548=PRESENTATION_STYLE_ASSIGNMENT((#9547));
#9549=STYLED_ITEM('',(#9548),#9542);
#9550=CARTESIAN_POINT('',(-1.3116E0,-6.88E-1,-3.1E0));
#9551=DIRECTION('',(-1.E0,0.E0,0.E0));
#9552=DIRECTION('',(0.E0,1.E0,0.E0));
#9553=AXIS2_PLACEMENT_3D('',#9550,#9551,#9552);
#9554=PLANE('',#9553);
#9555=ORIENTED_EDGE('',*,*,#4559,.F.);
#9557=ORIENTED_EDGE('',*,*,#9556,.T.);
#9559=ORIENTED_EDGE('',*,*,#9558,.T.);
#9560=ORIENTED_EDGE('',*,*,#4508,.F.);
#9561=EDGE_LOOP('',(#9555,#9557,#9559,#9560));
#9562=FACE_OUTER_BOUND('',#9561,.F.);
#9563=ADVANCED_FACE('',(#9562),#9554,.T.);
#9564=FILL_AREA_STYLE_COLOUR('',#23);
#9565=FILL_AREA_STYLE('',(#9564));
#9566=SURFACE_STYLE_FILL_AREA(#9565);
#9567=SURFACE_SIDE_STYLE('',(#9566));
#9568=SURFACE_STYLE_USAGE(.POSITIVE.,#9567);
#9569=PRESENTATION_STYLE_ASSIGNMENT((#9568));
#9570=STYLED_ITEM('',(#9569),#9563);
#9571=CARTESIAN_POINT('',(-1.236575E0,-6.88E-1,-3.1E0));
#9572=DIRECTION('',(0.E0,-1.E0,0.E0));
#9573=DIRECTION('',(-1.E0,0.E0,0.E0));
#9574=AXIS2_PLACEMENT_3D('',#9571,#9572,#9573);
#9575=PLANE('',#9574);
#9576=ORIENTED_EDGE('',*,*,#4568,.F.);
#9578=ORIENTED_EDGE('',*,*,#9577,.T.);
#9580=ORIENTED_EDGE('',*,*,#9579,.T.);
#9581=ORIENTED_EDGE('',*,*,#9556,.F.);
#9582=EDGE_LOOP('',(#9576,#9578,#9580,#9581));
#9583=FACE_OUTER_BOUND('',#9582,.F.);
#9584=ADVANCED_FACE('',(#9583),#9575,.T.);
#9585=FILL_AREA_STYLE_COLOUR('',#23);
#9586=FILL_AREA_STYLE('',(#9585));
#9587=SURFACE_STYLE_FILL_AREA(#9586);
#9588=SURFACE_SIDE_STYLE('',(#9587));
#9589=SURFACE_STYLE_USAGE(.POSITIVE.,#9588);
#9590=PRESENTATION_STYLE_ASSIGNMENT((#9589));
#9591=STYLED_ITEM('',(#9590),#9584);
#9592=CARTESIAN_POINT('',(-1.236575E0,-1.644212764055E-1,-3.1E0));
#9593=DIRECTION('',(1.E0,0.E0,0.E0));
#9594=DIRECTION('',(0.E0,-1.E0,0.E0));
#9595=AXIS2_PLACEMENT_3D('',#9592,#9593,#9594);
#9596=PLANE('',#9595);
#9597=ORIENTED_EDGE('',*,*,#4566,.F.);
#9599=ORIENTED_EDGE('',*,*,#9598,.T.);
#9601=ORIENTED_EDGE('',*,*,#9600,.T.);
#9602=ORIENTED_EDGE('',*,*,#9577,.F.);
#9603=EDGE_LOOP('',(#9597,#9599,#9601,#9602));
#9604=FACE_OUTER_BOUND('',#9603,.F.);
#9605=ADVANCED_FACE('',(#9604),#9596,.T.);
#9606=FILL_AREA_STYLE_COLOUR('',#23);
#9607=FILL_AREA_STYLE('',(#9606));
#9608=SURFACE_STYLE_FILL_AREA(#9607);
#9609=SURFACE_SIDE_STYLE('',(#9608));
#9610=SURFACE_STYLE_USAGE(.POSITIVE.,#9609);
#9611=PRESENTATION_STYLE_ASSIGNMENT((#9610));
#9612=STYLED_ITEM('',(#9611),#9605);
#9613=CARTESIAN_POINT('',(-8.6145E-1,-1.644212764055E-1,-3.1E0));
#9614=DIRECTION('',(0.E0,-1.E0,0.E0));
#9615=DIRECTION('',(-1.E0,0.E0,0.E0));
#9616=AXIS2_PLACEMENT_3D('',#9613,#9614,#9615);
#9617=PLANE('',#9616);
#9618=ORIENTED_EDGE('',*,*,#4564,.F.);
#9620=ORIENTED_EDGE('',*,*,#9619,.T.);
#9622=ORIENTED_EDGE('',*,*,#9621,.T.);
#9623=ORIENTED_EDGE('',*,*,#9598,.F.);
#9624=EDGE_LOOP('',(#9618,#9620,#9622,#9623));
#9625=FACE_OUTER_BOUND('',#9624,.F.);
#9626=ADVANCED_FACE('',(#9625),#9617,.T.);
#9627=FILL_AREA_STYLE_COLOUR('',#23);
#9628=FILL_AREA_STYLE('',(#9627));
#9629=SURFACE_STYLE_FILL_AREA(#9628);
#9630=SURFACE_SIDE_STYLE('',(#9629));
#9631=SURFACE_STYLE_USAGE(.POSITIVE.,#9630);
#9632=PRESENTATION_STYLE_ASSIGNMENT((#9631));
#9633=STYLED_ITEM('',(#9632),#9626);
#9634=CARTESIAN_POINT('',(-8.6145E-1,-8.78E-2,-3.1E0));
#9635=DIRECTION('',(1.E0,0.E0,0.E0));
#9636=DIRECTION('',(0.E0,-1.E0,0.E0));
#9637=AXIS2_PLACEMENT_3D('',#9634,#9635,#9636);
#9638=PLANE('',#9637);
#9639=ORIENTED_EDGE('',*,*,#4562,.F.);
#9640=ORIENTED_EDGE('',*,*,#4512,.T.);
#9642=ORIENTED_EDGE('',*,*,#9641,.T.);
#9643=ORIENTED_EDGE('',*,*,#9619,.F.);
#9644=EDGE_LOOP('',(#9639,#9640,#9642,#9643));
#9645=FACE_OUTER_BOUND('',#9644,.F.);
#9646=ADVANCED_FACE('',(#9645),#9638,.T.);
#9647=FILL_AREA_STYLE_COLOUR('',#23);
#9648=FILL_AREA_STYLE('',(#9647));
#9649=SURFACE_STYLE_FILL_AREA(#9648);
#9650=SURFACE_SIDE_STYLE('',(#9649));
#9651=SURFACE_STYLE_USAGE(.POSITIVE.,#9650);
#9652=PRESENTATION_STYLE_ASSIGNMENT((#9651));
#9653=STYLED_ITEM('',(#9652),#9646);
#9654=CARTESIAN_POINT('',(0.E0,0.E0,-3.12E0));
#9655=DIRECTION('',(0.E0,0.E0,-1.E0));
#9656=DIRECTION('',(1.E0,0.E0,0.E0));
#9657=AXIS2_PLACEMENT_3D('',#9654,#9655,#9656);
#9658=PLANE('',#9657);
#9659=ORIENTED_EDGE('',*,*,#9558,.F.);
#9660=ORIENTED_EDGE('',*,*,#9579,.F.);
#9661=ORIENTED_EDGE('',*,*,#9600,.F.);
#9662=ORIENTED_EDGE('',*,*,#9621,.F.);
#9663=ORIENTED_EDGE('',*,*,#9641,.F.);
#9664=ORIENTED_EDGE('',*,*,#4510,.F.);
#9665=EDGE_LOOP('',(#9659,#9660,#9661,#9662,#9663,#9664));
#9666=FACE_OUTER_BOUND('',#9665,.F.);
#9667=ADVANCED_FACE('',(#9666),#9658,.T.);
#9668=FILL_AREA_STYLE_COLOUR('',#23);
#9669=FILL_AREA_STYLE('',(#9668));
#9670=SURFACE_STYLE_FILL_AREA(#9669);
#9671=SURFACE_SIDE_STYLE('',(#9670));
#9672=SURFACE_STYLE_USAGE(.POSITIVE.,#9671);
#9673=PRESENTATION_STYLE_ASSIGNMENT((#9672));
#9674=STYLED_ITEM('',(#9673),#9667);
#9675=CARTESIAN_POINT('',(0.E0,0.E0,-3.12E0));
#9676=DIRECTION('',(0.E0,0.E0,-1.E0));
#9677=DIRECTION('',(1.E0,0.E0,0.E0));
#9678=AXIS2_PLACEMENT_3D('',#9675,#9676,#9677);
#9679=PLANE('',#9678);
#9681=ORIENTED_EDGE('',*,*,#9680,.F.);
#9683=ORIENTED_EDGE('',*,*,#9682,.F.);
#9685=ORIENTED_EDGE('',*,*,#9684,.F.);
#9687=ORIENTED_EDGE('',*,*,#9686,.F.);
#9689=ORIENTED_EDGE('',*,*,#9688,.F.);
#9691=ORIENTED_EDGE('',*,*,#9690,.F.);
#9693=ORIENTED_EDGE('',*,*,#9692,.F.);
#9695=ORIENTED_EDGE('',*,*,#9694,.F.);
#9697=ORIENTED_EDGE('',*,*,#9696,.F.);
#9699=ORIENTED_EDGE('',*,*,#9698,.F.);
#9701=ORIENTED_EDGE('',*,*,#9700,.F.);
#9703=ORIENTED_EDGE('',*,*,#9702,.F.);
#9705=ORIENTED_EDGE('',*,*,#9704,.F.);
#9707=ORIENTED_EDGE('',*,*,#9706,.F.);
#9709=ORIENTED_EDGE('',*,*,#9708,.F.);
#9711=ORIENTED_EDGE('',*,*,#9710,.F.);
#9713=ORIENTED_EDGE('',*,*,#9712,.F.);
#9715=ORIENTED_EDGE('',*,*,#9714,.F.);
#9717=ORIENTED_EDGE('',*,*,#9716,.F.);
#9719=ORIENTED_EDGE('',*,*,#9718,.F.);
#9721=ORIENTED_EDGE('',*,*,#9720,.F.);
#9723=ORIENTED_EDGE('',*,*,#9722,.F.);
#9725=ORIENTED_EDGE('',*,*,#9724,.F.);
#9727=ORIENTED_EDGE('',*,*,#9726,.F.);
#9729=ORIENTED_EDGE('',*,*,#9728,.F.);
#9731=ORIENTED_EDGE('',*,*,#9730,.F.);
#9733=ORIENTED_EDGE('',*,*,#9732,.F.);
#9735=ORIENTED_EDGE('',*,*,#9734,.F.);
#9737=ORIENTED_EDGE('',*,*,#9736,.F.);
#9739=ORIENTED_EDGE('',*,*,#9738,.F.);
#9741=ORIENTED_EDGE('',*,*,#9740,.F.);
#9743=ORIENTED_EDGE('',*,*,#9742,.F.);
#9745=ORIENTED_EDGE('',*,*,#9744,.F.);
#9747=ORIENTED_EDGE('',*,*,#9746,.F.);
#9749=ORIENTED_EDGE('',*,*,#9748,.F.);
#9751=ORIENTED_EDGE('',*,*,#9750,.F.);
#9753=ORIENTED_EDGE('',*,*,#9752,.F.);
#9755=ORIENTED_EDGE('',*,*,#9754,.F.);
#9757=ORIENTED_EDGE('',*,*,#9756,.F.);
#9759=ORIENTED_EDGE('',*,*,#9758,.F.);
#9760=EDGE_LOOP('',(#9681,#9683,#9685,#9687,#9689,#9691,#9693,#9695,#9697,#9699,
#9701,#9703,#9705,#9707,#9709,#9711,#9713,#9715,#9717,#9719,#9721,#9723,#9725,
#9727,#9729,#9731,#9733,#9735,#9737,#9739,#9741,#9743,#9745,#9747,#9749,#9751,
#9753,#9755,#9757,#9759));
#9761=FACE_OUTER_BOUND('',#9760,.F.);
#9762=ADVANCED_FACE('',(#9761),#9679,.T.);
#9763=FILL_AREA_STYLE_COLOUR('',#23);
#9764=FILL_AREA_STYLE('',(#9763));
#9765=SURFACE_STYLE_FILL_AREA(#9764);
#9766=SURFACE_SIDE_STYLE('',(#9765));
#9767=SURFACE_STYLE_USAGE(.POSITIVE.,#9766);
#9768=PRESENTATION_STYLE_ASSIGNMENT((#9767));
#9769=STYLED_ITEM('',(#9768),#9762);
#9770=CARTESIAN_POINT('',(0.E0,0.E0,-3.12E0));
#9771=DIRECTION('',(0.E0,0.E0,-1.E0));
#9772=DIRECTION('',(1.E0,0.E0,0.E0));
#9773=AXIS2_PLACEMENT_3D('',#9770,#9771,#9772);
#9774=PLANE('',#9773);
#9776=ORIENTED_EDGE('',*,*,#9775,.F.);
#9778=ORIENTED_EDGE('',*,*,#9777,.F.);
#9780=ORIENTED_EDGE('',*,*,#9779,.F.);
#9782=ORIENTED_EDGE('',*,*,#9781,.F.);
#9784=ORIENTED_EDGE('',*,*,#9783,.F.);
#9786=ORIENTED_EDGE('',*,*,#9785,.F.);
#9788=ORIENTED_EDGE('',*,*,#9787,.F.);
#9790=ORIENTED_EDGE('',*,*,#9789,.F.);
#9792=ORIENTED_EDGE('',*,*,#9791,.F.);
#9794=ORIENTED_EDGE('',*,*,#9793,.F.);
#9796=ORIENTED_EDGE('',*,*,#9795,.F.);
#9798=ORIENTED_EDGE('',*,*,#9797,.F.);
#9799=EDGE_LOOP('',(#9776,#9778,#9780,#9782,#9784,#9786,#9788,#9790,#9792,#9794,
#9796,#9798));
#9800=FACE_OUTER_BOUND('',#9799,.F.);
#9801=ADVANCED_FACE('',(#9800),#9774,.T.);
#9802=FILL_AREA_STYLE_COLOUR('',#23);
#9803=FILL_AREA_STYLE('',(#9802));
#9804=SURFACE_STYLE_FILL_AREA(#9803);
#9805=SURFACE_SIDE_STYLE('',(#9804));
#9806=SURFACE_STYLE_USAGE(.POSITIVE.,#9805);
#9807=PRESENTATION_STYLE_ASSIGNMENT((#9806));
#9808=STYLED_ITEM('',(#9807),#9801);
#9809=CARTESIAN_POINT('',(0.E0,0.E0,-3.12E0));
#9810=DIRECTION('',(0.E0,0.E0,-1.E0));
#9811=DIRECTION('',(1.E0,0.E0,0.E0));
#9812=AXIS2_PLACEMENT_3D('',#9809,#9810,#9811);
#9813=PLANE('',#9812);
#9815=ORIENTED_EDGE('',*,*,#9814,.F.);
#9817=ORIENTED_EDGE('',*,*,#9816,.F.);
#9819=ORIENTED_EDGE('',*,*,#9818,.F.);
#9821=ORIENTED_EDGE('',*,*,#9820,.F.);
#9823=ORIENTED_EDGE('',*,*,#9822,.F.);
#9825=ORIENTED_EDGE('',*,*,#9824,.F.);
#9827=ORIENTED_EDGE('',*,*,#9826,.F.);
#9829=ORIENTED_EDGE('',*,*,#9828,.F.);
#9831=ORIENTED_EDGE('',*,*,#9830,.F.);
#9833=ORIENTED_EDGE('',*,*,#9832,.F.);
#9835=ORIENTED_EDGE('',*,*,#9834,.F.);
#9837=ORIENTED_EDGE('',*,*,#9836,.F.);
#9839=ORIENTED_EDGE('',*,*,#9838,.F.);
#9841=ORIENTED_EDGE('',*,*,#9840,.F.);
#9842=EDGE_LOOP('',(#9815,#9817,#9819,#9821,#9823,#9825,#9827,#9829,#9831,#9833,
#9835,#9837,#9839,#9841));
#9843=FACE_OUTER_BOUND('',#9842,.F.);
#9845=ORIENTED_EDGE('',*,*,#9844,.F.);
#9847=ORIENTED_EDGE('',*,*,#9846,.F.);
#9849=ORIENTED_EDGE('',*,*,#9848,.F.);
#9851=ORIENTED_EDGE('',*,*,#9850,.F.);
#9853=ORIENTED_EDGE('',*,*,#9852,.F.);
#9855=ORIENTED_EDGE('',*,*,#9854,.F.);
#9857=ORIENTED_EDGE('',*,*,#9856,.F.);
#9859=ORIENTED_EDGE('',*,*,#9858,.F.);
#9861=ORIENTED_EDGE('',*,*,#9860,.F.);
#9863=ORIENTED_EDGE('',*,*,#9862,.F.);
#9865=ORIENTED_EDGE('',*,*,#9864,.F.);
#9867=ORIENTED_EDGE('',*,*,#9866,.F.);
#9868=EDGE_LOOP('',(#9845,#9847,#9849,#9851,#9853,#9855,#9857,#9859,#9861,#9863,
#9865,#9867));
#9869=FACE_BOUND('',#9868,.F.);
#9870=ADVANCED_FACE('',(#9843,#9869),#9813,.T.);
#9871=FILL_AREA_STYLE_COLOUR('',#23);
#9872=FILL_AREA_STYLE('',(#9871));
#9873=SURFACE_STYLE_FILL_AREA(#9872);
#9874=SURFACE_SIDE_STYLE('',(#9873));
#9875=SURFACE_STYLE_USAGE(.POSITIVE.,#9874);
#9876=PRESENTATION_STYLE_ASSIGNMENT((#9875));
#9877=STYLED_ITEM('',(#9876),#9870);
#9878=CARTESIAN_POINT('',(0.E0,0.E0,-3.12E0));
#9879=DIRECTION('',(0.E0,0.E0,-1.E0));
#9880=DIRECTION('',(1.E0,0.E0,0.E0));
#9881=AXIS2_PLACEMENT_3D('',#9878,#9879,#9880);
#9882=PLANE('',#9881);
#9884=ORIENTED_EDGE('',*,*,#9883,.F.);
#9886=ORIENTED_EDGE('',*,*,#9885,.F.);
#9888=ORIENTED_EDGE('',*,*,#9887,.F.);
#9890=ORIENTED_EDGE('',*,*,#9889,.F.);
#9892=ORIENTED_EDGE('',*,*,#9891,.F.);
#9894=ORIENTED_EDGE('',*,*,#9893,.F.);
#9896=ORIENTED_EDGE('',*,*,#9895,.F.);
#9898=ORIENTED_EDGE('',*,*,#9897,.F.);
#9899=EDGE_LOOP('',(#9884,#9886,#9888,#9890,#9892,#9894,#9896,#9898));
#9900=FACE_OUTER_BOUND('',#9899,.F.);
#9902=ORIENTED_EDGE('',*,*,#9901,.F.);
#9904=ORIENTED_EDGE('',*,*,#9903,.F.);
#9906=ORIENTED_EDGE('',*,*,#9905,.F.);
#9907=EDGE_LOOP('',(#9902,#9904,#9906));
#9908=FACE_BOUND('',#9907,.F.);
#9909=ADVANCED_FACE('',(#9900,#9908),#9882,.T.);
#9910=FILL_AREA_STYLE_COLOUR('',#23);
#9911=FILL_AREA_STYLE('',(#9910));
#9912=SURFACE_STYLE_FILL_AREA(#9911);
#9913=SURFACE_SIDE_STYLE('',(#9912));
#9914=SURFACE_STYLE_USAGE(.POSITIVE.,#9913);
#9915=PRESENTATION_STYLE_ASSIGNMENT((#9914));
#9916=STYLED_ITEM('',(#9915),#9909);
#9917=CARTESIAN_POINT('',(-2.737541905165E-1,-2.410425528109E-1,-3.1E0));
#9918=DIRECTION('',(0.E0,-1.E0,0.E0));
#9919=DIRECTION('',(-1.E0,0.E0,0.E0));
#9920=AXIS2_PLACEMENT_3D('',#9917,#9918,#9919);
#9921=PLANE('',#9920);
#9922=ORIENTED_EDGE('',*,*,#4572,.F.);
#9924=ORIENTED_EDGE('',*,*,#9923,.T.);
#9925=ORIENTED_EDGE('',*,*,#9680,.T.);
#9927=ORIENTED_EDGE('',*,*,#9926,.F.);
#9928=EDGE_LOOP('',(#9922,#9924,#9925,#9927));
#9929=FACE_OUTER_BOUND('',#9928,.F.);
#9930=ADVANCED_FACE('',(#9929),#9921,.T.);
#9931=FILL_AREA_STYLE_COLOUR('',#23);
#9932=FILL_AREA_STYLE('',(#9931));
#9933=SURFACE_STYLE_FILL_AREA(#9932);
#9934=SURFACE_SIDE_STYLE('',(#9933));
#9935=SURFACE_STYLE_USAGE(.POSITIVE.,#9934);
#9936=PRESENTATION_STYLE_ASSIGNMENT((#9935));
#9937=STYLED_ITEM('',(#9936),#9930);
#9938=CARTESIAN_POINT('',(-2.862583094835E-1,-1.771914876491E-1,-3.1E0));
#9939=DIRECTION('',(9.813592778365E-1,1.921821214477E-1,0.E0));
#9940=DIRECTION('',(1.921821214477E-1,-9.813592778365E-1,0.E0));
#9941=AXIS2_PLACEMENT_3D('',#9938,#9939,#9940);
#9942=PLANE('',#9941);
#9943=ORIENTED_EDGE('',*,*,#4650,.F.);
#9945=ORIENTED_EDGE('',*,*,#9944,.T.);
#9946=ORIENTED_EDGE('',*,*,#9682,.T.);
#9947=ORIENTED_EDGE('',*,*,#9923,.F.);
#9948=EDGE_LOOP('',(#9943,#9945,#9946,#9947));
#9949=FACE_OUTER_BOUND('',#9948,.F.);
#9950=ADVANCED_FACE('',(#9949),#9942,.T.);
#9951=FILL_AREA_STYLE_COLOUR('',#23);
#9952=FILL_AREA_STYLE('',(#9951));
#9953=SURFACE_STYLE_FILL_AREA(#9952);
#9954=SURFACE_SIDE_STYLE('',(#9953));
#9955=SURFACE_STYLE_USAGE(.POSITIVE.,#9954);
#9956=PRESENTATION_STYLE_ASSIGNMENT((#9955));
#9957=STYLED_ITEM('',(#9956),#9950);
#9958=CARTESIAN_POINT('',(-3.36275E-1,-1.261106382027E-1,-3.1E0));
#9959=DIRECTION('',(7.145102486526E-1,6.996249742329E-1,0.E0));
#9960=DIRECTION('',(6.996249742329E-1,-7.145102486526E-1,0.E0));
#9961=AXIS2_PLACEMENT_3D('',#9958,#9959,#9960);
#9962=PLANE('',#9961);
#9963=ORIENTED_EDGE('',*,*,#4648,.F.);
#9965=ORIENTED_EDGE('',*,*,#9964,.T.);
#9966=ORIENTED_EDGE('',*,*,#9684,.T.);
#9967=ORIENTED_EDGE('',*,*,#9944,.F.);
#9968=EDGE_LOOP('',(#9963,#9965,#9966,#9967));
#9969=FACE_OUTER_BOUND('',#9968,.F.);
#9970=ADVANCED_FACE('',(#9969),#9962,.T.);
#9971=FILL_AREA_STYLE_COLOUR('',#23);
#9972=FILL_AREA_STYLE('',(#9971));
#9973=SURFACE_STYLE_FILL_AREA(#9972);
#9974=SURFACE_SIDE_STYLE('',(#9973));
#9975=SURFACE_STYLE_USAGE(.POSITIVE.,#9974);
#9976=PRESENTATION_STYLE_ASSIGNMENT((#9975));
#9977=STYLED_ITEM('',(#9976),#9970);
#9978=CARTESIAN_POINT('',(-3.862916905165E-1,-1.005702123616E-1,-3.1E0));
#9979=DIRECTION('',(4.547769889117E-1,8.906053505096E-1,0.E0));
#9980=DIRECTION('',(8.906053505096E-1,-4.547769889117E-1,0.E0));
#9981=AXIS2_PLACEMENT_3D('',#9978,#9979,#9980);
#9982=PLANE('',#9981);
#9983=ORIENTED_EDGE('',*,*,#4646,.F.);
#9985=ORIENTED_EDGE('',*,*,#9984,.T.);
#9986=ORIENTED_EDGE('',*,*,#9686,.T.);
#9987=ORIENTED_EDGE('',*,*,#9964,.F.);
#9988=EDGE_LOOP('',(#9983,#9985,#9986,#9987));
#9989=FACE_OUTER_BOUND('',#9988,.F.);
#9990=ADVANCED_FACE('',(#9989),#9982,.T.);
#9991=FILL_AREA_STYLE_COLOUR('',#23);
#9992=FILL_AREA_STYLE('',(#9991));
#9993=SURFACE_STYLE_FILL_AREA(#9992);
#9994=SURFACE_SIDE_STYLE('',(#9993));
#9995=SURFACE_STYLE_USAGE(.POSITIVE.,#9994);
#9996=PRESENTATION_STYLE_ASSIGNMENT((#9995));
#9997=STYLED_ITEM('',(#9996),#9990);
#9998=CARTESIAN_POINT('',(-4.488125E-1,-8.78E-2,-3.1E0));
#9999=DIRECTION('',(2.001234451615E-1,9.797706908745E-1,0.E0));
#10000=DIRECTION('',(9.797706908745E-1,-2.001234451615E-1,0.E0));
#10001=AXIS2_PLACEMENT_3D('',#9998,#9999,#10000);
#10002=PLANE('',#10001);
#10003=ORIENTED_EDGE('',*,*,#4644,.F.);
#10005=ORIENTED_EDGE('',*,*,#10004,.T.);
#10006=ORIENTED_EDGE('',*,*,#9688,.T.);
#10007=ORIENTED_EDGE('',*,*,#9984,.F.);
#10008=EDGE_LOOP('',(#10003,#10005,#10006,#10007));
#10009=FACE_OUTER_BOUND('',#10008,.F.);
#10010=ADVANCED_FACE('',(#10009),#10002,.T.);
#10011=FILL_AREA_STYLE_COLOUR('',#23);
#10012=FILL_AREA_STYLE('',(#10011));
#10013=SURFACE_STYLE_FILL_AREA(#10012);
#10014=SURFACE_SIDE_STYLE('',(#10013));
#10015=SURFACE_STYLE_USAGE(.POSITIVE.,#10014);
#10016=PRESENTATION_STYLE_ASSIGNMENT((#10015));
#10017=STYLED_ITEM('',(#10016),#10010);
#10018=CARTESIAN_POINT('',(-5.6135E-1,-8.78E-2,-3.1E0));
#10019=DIRECTION('',(0.E0,1.E0,0.E0));
#10020=DIRECTION('',(1.E0,0.E0,0.E0));
#10021=AXIS2_PLACEMENT_3D('',#10018,#10019,#10020);
#10022=PLANE('',#10021);
#10023=ORIENTED_EDGE('',*,*,#4642,.F.);
#10025=ORIENTED_EDGE('',*,*,#10024,.T.);
#10026=ORIENTED_EDGE('',*,*,#9690,.T.);
#10027=ORIENTED_EDGE('',*,*,#10004,.F.);
#10028=EDGE_LOOP('',(#10023,#10025,#10026,#10027));
#10029=FACE_OUTER_BOUND('',#10028,.F.);
#10030=ADVANCED_FACE('',(#10029),#10022,.T.);
#10031=FILL_AREA_STYLE_COLOUR('',#23);
#10032=FILL_AREA_STYLE('',(#10031));
#10033=SURFACE_STYLE_FILL_AREA(#10032);
#10034=SURFACE_SIDE_STYLE('',(#10033));
#10035=SURFACE_STYLE_USAGE(.POSITIVE.,#10034);
#10036=PRESENTATION_STYLE_ASSIGNMENT((#10035));
#10037=STYLED_ITEM('',(#10036),#10030);
#10038=CARTESIAN_POINT('',(-6.238708094835E-1,-1.005702123616E-1,-3.1E0));
#10039=DIRECTION('',(-2.001234451615E-1,9.797706908745E-1,0.E0));
#10040=DIRECTION('',(9.797706908745E-1,2.001234451615E-1,0.E0));
#10041=AXIS2_PLACEMENT_3D('',#10038,#10039,#10040);
#10042=PLANE('',#10041);
#10043=ORIENTED_EDGE('',*,*,#4640,.F.);
#10045=ORIENTED_EDGE('',*,*,#10044,.T.);
#10046=ORIENTED_EDGE('',*,*,#9692,.T.);
#10047=ORIENTED_EDGE('',*,*,#10024,.F.);
#10048=EDGE_LOOP('',(#10043,#10045,#10046,#10047));
#10049=FACE_OUTER_BOUND('',#10048,.F.);
#10050=ADVANCED_FACE('',(#10049),#10042,.T.);
#10051=FILL_AREA_STYLE_COLOUR('',#23);
#10052=FILL_AREA_STYLE('',(#10051));
#10053=SURFACE_STYLE_FILL_AREA(#10052);
#10054=SURFACE_SIDE_STYLE('',(#10053));
#10055=SURFACE_STYLE_USAGE(.POSITIVE.,#10054);
#10056=PRESENTATION_STYLE_ASSIGNMENT((#10055));
#10057=STYLED_ITEM('',(#10056),#10050);
#10058=CARTESIAN_POINT('',(-6.738875E-1,-1.261106382027E-1,-3.1E0));
#10059=DIRECTION('',(-4.547769889117E-1,8.906053505096E-1,0.E0));
#10060=DIRECTION('',(8.906053505096E-1,4.547769889117E-1,0.E0));
#10061=AXIS2_PLACEMENT_3D('',#10058,#10059,#10060);
#10062=PLANE('',#10061);
#10063=ORIENTED_EDGE('',*,*,#4638,.F.);
#10065=ORIENTED_EDGE('',*,*,#10064,.T.);
#10066=ORIENTED_EDGE('',*,*,#9694,.T.);
#10067=ORIENTED_EDGE('',*,*,#10044,.F.);
#10068=EDGE_LOOP('',(#10063,#10065,#10066,#10067));
#10069=FACE_OUTER_BOUND('',#10068,.F.);
#10070=ADVANCED_FACE('',(#10069),#10062,.T.);
#10071=FILL_AREA_STYLE_COLOUR('',#23);
#10072=FILL_AREA_STYLE('',(#10071));
#10073=SURFACE_STYLE_FILL_AREA(#10072);
#10074=SURFACE_SIDE_STYLE('',(#10073));
#10075=SURFACE_STYLE_USAGE(.POSITIVE.,#10074);
#10076=PRESENTATION_STYLE_ASSIGNMENT((#10075));
#10077=STYLED_ITEM('',(#10076),#10070);
#10078=CARTESIAN_POINT('',(-7.239041547418E-1,-1.771914876491E-1,-3.1E0));
#10079=DIRECTION('',(-7.145104988025E-1,6.996247187608E-1,0.E0));
#10080=DIRECTION('',(6.996247187608E-1,7.145104988025E-1,0.E0));
#10081=AXIS2_PLACEMENT_3D('',#10078,#10079,#10080);
#10082=PLANE('',#10081);
#10083=ORIENTED_EDGE('',*,*,#4636,.F.);
#10085=ORIENTED_EDGE('',*,*,#10084,.T.);
#10086=ORIENTED_EDGE('',*,*,#9696,.T.);
#10087=ORIENTED_EDGE('',*,*,#10064,.F.);
#10088=EDGE_LOOP('',(#10083,#10085,#10086,#10087));
#10089=FACE_OUTER_BOUND('',#10088,.F.);
#10090=ADVANCED_FACE('',(#10089),#10082,.T.);
#10091=FILL_AREA_STYLE_COLOUR('',#23);
#10092=FILL_AREA_STYLE('',(#10091));
#10093=SURFACE_STYLE_FILL_AREA(#10092);
#10094=SURFACE_SIDE_STYLE('',(#10093));
#10095=SURFACE_STYLE_USAGE(.POSITIVE.,#10094);
#10096=PRESENTATION_STYLE_ASSIGNMENT((#10095));
#10097=STYLED_ITEM('',(#10096),#10090);
#10098=CARTESIAN_POINT('',(-7.489125E-1,-2.282723415673E-1,-3.1E0));
#10099=DIRECTION('',(-8.981380447713E-1,4.397136028534E-1,0.E0));
#10100=DIRECTION('',(4.397136028534E-1,8.981380447713E-1,0.E0));
#10101=AXIS2_PLACEMENT_3D('',#10098,#10099,#10100);
#10102=PLANE('',#10101);
#10103=ORIENTED_EDGE('',*,*,#4634,.F.);
#10105=ORIENTED_EDGE('',*,*,#10104,.T.);
#10106=ORIENTED_EDGE('',*,*,#9698,.T.);
#10107=ORIENTED_EDGE('',*,*,#10084,.F.);
#10108=EDGE_LOOP('',(#10103,#10105,#10106,#10107));
#10109=FACE_OUTER_BOUND('',#10108,.F.);
#10110=ADVANCED_FACE('',(#10109),#10102,.T.);
#10111=FILL_AREA_STYLE_COLOUR('',#23);
#10112=FILL_AREA_STYLE('',(#10111));
#10113=SURFACE_STYLE_FILL_AREA(#10112);
#10114=SURFACE_SIDE_STYLE('',(#10113));
#10115=SURFACE_STYLE_USAGE(.POSITIVE.,#10114);
#10116=PRESENTATION_STYLE_ASSIGNMENT((#10115));
#10117=STYLED_ITEM('',(#10116),#10110);
#10118=CARTESIAN_POINT('',(-7.614166547418E-1,-2.921233977854E-1,-3.1E0));
#10119=DIRECTION('',(-9.813591690599E-1,1.921826769043E-1,0.E0));
#10120=DIRECTION('',(1.921826769043E-1,9.813591690599E-1,0.E0));
#10121=AXIS2_PLACEMENT_3D('',#10118,#10119,#10120);
#10122=PLANE('',#10121);
#10123=ORIENTED_EDGE('',*,*,#4632,.F.);
#10125=ORIENTED_EDGE('',*,*,#10124,.T.);
#10126=ORIENTED_EDGE('',*,*,#9700,.T.);
#10127=ORIENTED_EDGE('',*,*,#10104,.F.);
#10128=EDGE_LOOP('',(#10123,#10125,#10126,#10127));
#10129=FACE_OUTER_BOUND('',#10128,.F.);
#10130=ADVANCED_FACE('',(#10129),#10122,.T.);
#10131=FILL_AREA_STYLE_COLOUR('',#23);
#10132=FILL_AREA_STYLE('',(#10131));
#10133=SURFACE_STYLE_FILL_AREA(#10132);
#10134=SURFACE_SIDE_STYLE('',(#10133));
#10135=SURFACE_STYLE_USAGE(.POSITIVE.,#10134);
#10136=PRESENTATION_STYLE_ASSIGNMENT((#10135));
#10137=STYLED_ITEM('',(#10136),#10130);
#10138=CARTESIAN_POINT('',(-7.614166547418E-1,-4.836765843272E-1,-3.1E0));
#10139=DIRECTION('',(-1.E0,0.E0,0.E0));
#10140=DIRECTION('',(0.E0,1.E0,0.E0));
#10141=AXIS2_PLACEMENT_3D('',#10138,#10139,#10140);
#10142=PLANE('',#10141);
#10143=ORIENTED_EDGE('',*,*,#4630,.F.);
#10145=ORIENTED_EDGE('',*,*,#10144,.T.);
#10146=ORIENTED_EDGE('',*,*,#9702,.T.);
#10147=ORIENTED_EDGE('',*,*,#10124,.F.);
#10148=EDGE_LOOP('',(#10143,#10145,#10146,#10147));
#10149=FACE_OUTER_BOUND('',#10148,.F.);
#10150=ADVANCED_FACE('',(#10149),#10142,.T.);
#10151=FILL_AREA_STYLE_COLOUR('',#23);
#10152=FILL_AREA_STYLE('',(#10151));
#10153=SURFACE_STYLE_FILL_AREA(#10152);
#10154=SURFACE_SIDE_STYLE('',(#10153));
#10155=SURFACE_STYLE_USAGE(.POSITIVE.,#10154);
#10156=PRESENTATION_STYLE_ASSIGNMENT((#10155));
#10157=STYLED_ITEM('',(#10156),#10150);
#10158=CARTESIAN_POINT('',(-7.489125E-1,-5.475276763201E-1,-3.1E0));
#10159=DIRECTION('',(-9.813591893677E-1,-1.921825732045E-1,0.E0));
#10160=DIRECTION('',(-1.921825732045E-1,9.813591893677E-1,0.E0));
#10161=AXIS2_PLACEMENT_3D('',#10158,#10159,#10160);
#10162=PLANE('',#10161);
#10163=ORIENTED_EDGE('',*,*,#4628,.F.);
#10165=ORIENTED_EDGE('',*,*,#10164,.T.);
#10166=ORIENTED_EDGE('',*,*,#9704,.T.);
#10167=ORIENTED_EDGE('',*,*,#10144,.F.);
#10168=EDGE_LOOP('',(#10163,#10165,#10166,#10167));
#10169=FACE_OUTER_BOUND('',#10168,.F.);
#10170=ADVANCED_FACE('',(#10169),#10162,.T.);
#10171=FILL_AREA_STYLE_COLOUR('',#23);
#10172=FILL_AREA_STYLE('',(#10171));
#10173=SURFACE_STYLE_FILL_AREA(#10172);
#10174=SURFACE_SIDE_STYLE('',(#10173));
#10175=SURFACE_STYLE_USAGE(.POSITIVE.,#10174);
#10176=PRESENTATION_STYLE_ASSIGNMENT((#10175));
#10177=STYLED_ITEM('',(#10176),#10170);
#10178=CARTESIAN_POINT('',(-7.239041547418E-1,-5.986085212946E-1,-3.1E0));
#10179=DIRECTION('',(-8.981380143666E-1,-4.397136649566E-1,0.E0));
#10180=DIRECTION('',(-4.397136649566E-1,8.981380143666E-1,0.E0));
#10181=AXIS2_PLACEMENT_3D('',#10178,#10179,#10180);
#10182=PLANE('',#10181);
#10183=ORIENTED_EDGE('',*,*,#4626,.F.);
#10185=ORIENTED_EDGE('',*,*,#10184,.T.);
#10186=ORIENTED_EDGE('',*,*,#9706,.T.);
#10187=ORIENTED_EDGE('',*,*,#10164,.F.);
#10188=EDGE_LOOP('',(#10183,#10185,#10186,#10187));
#10189=FACE_OUTER_BOUND('',#10188,.F.);
#10190=ADVANCED_FACE('',(#10189),#10182,.T.);
#10191=FILL_AREA_STYLE_COLOUR('',#23);
#10192=FILL_AREA_STYLE('',(#10191));
#10193=SURFACE_STYLE_FILL_AREA(#10192);
#10194=SURFACE_SIDE_STYLE('',(#10193));
#10195=SURFACE_STYLE_USAGE(.POSITIVE.,#10194);
#10196=PRESENTATION_STYLE_ASSIGNMENT((#10195));
#10197=STYLED_ITEM('',(#10196),#10190);
#10198=CARTESIAN_POINT('',(-6.738875E-1,-6.496893662691E-1,-3.1E0));
#10199=DIRECTION('',(-7.145104681851E-1,-6.996247500295E-1,0.E0));
#10200=DIRECTION('',(-6.996247500295E-1,7.145104681851E-1,0.E0));
#10201=AXIS2_PLACEMENT_3D('',#10198,#10199,#10200);
#10202=PLANE('',#10201);
#10203=ORIENTED_EDGE('',*,*,#4624,.F.);
#10205=ORIENTED_EDGE('',*,*,#10204,.T.);
#10206=ORIENTED_EDGE('',*,*,#9708,.T.);
#10207=ORIENTED_EDGE('',*,*,#10184,.F.);
#10208=EDGE_LOOP('',(#10203,#10205,#10206,#10207));
#10209=FACE_OUTER_BOUND('',#10208,.F.);
#10210=ADVANCED_FACE('',(#10209),#10202,.T.);
#10211=FILL_AREA_STYLE_COLOUR('',#23);
#10212=FILL_AREA_STYLE('',(#10211));
#10213=SURFACE_STYLE_FILL_AREA(#10212);
#10214=SURFACE_SIDE_STYLE('',(#10213));
#10215=SURFACE_STYLE_USAGE(.POSITIVE.,#10214);
#10216=PRESENTATION_STYLE_ASSIGNMENT((#10215));
#10217=STYLED_ITEM('',(#10216),#10210);
#10218=CARTESIAN_POINT('',(-6.238708094835E-1,-6.752297887564E-1,-3.1E0));
#10219=DIRECTION('',(-4.547769415434E-1,-8.906053746977E-1,0.E0));
#10220=DIRECTION('',(-8.906053746977E-1,4.547769415434E-1,0.E0));
#10221=AXIS2_PLACEMENT_3D('',#10218,#10219,#10220);
#10222=PLANE('',#10221);
#10223=ORIENTED_EDGE('',*,*,#4622,.F.);
#10225=ORIENTED_EDGE('',*,*,#10224,.T.);
#10226=ORIENTED_EDGE('',*,*,#9710,.T.);
#10227=ORIENTED_EDGE('',*,*,#10204,.F.);
#10228=EDGE_LOOP('',(#10223,#10225,#10226,#10227));
#10229=FACE_OUTER_BOUND('',#10228,.F.);
#10230=ADVANCED_FACE('',(#10229),#10222,.T.);
#10231=FILL_AREA_STYLE_COLOUR('',#23);
#10232=FILL_AREA_STYLE('',(#10231));
#10233=SURFACE_STYLE_FILL_AREA(#10232);
#10234=SURFACE_SIDE_STYLE('',(#10233));
#10235=SURFACE_STYLE_USAGE(.POSITIVE.,#10234);
#10236=PRESENTATION_STYLE_ASSIGNMENT((#10235));
#10237=STYLED_ITEM('',(#10236),#10230);
#10238=CARTESIAN_POINT('',(-5.6135E-1,-6.88E-1,-3.1E0));
#10239=DIRECTION('',(-2.001234283435E-1,-9.797706943097E-1,0.E0));
#10240=DIRECTION('',(-9.797706943097E-1,2.001234283435E-1,0.E0));
#10241=AXIS2_PLACEMENT_3D('',#10238,#10239,#10240);
#10242=PLANE('',#10241);
#10243=ORIENTED_EDGE('',*,*,#4620,.F.);
#10245=ORIENTED_EDGE('',*,*,#10244,.T.);
#10246=ORIENTED_EDGE('',*,*,#9712,.T.);
#10247=ORIENTED_EDGE('',*,*,#10224,.F.);
#10248=EDGE_LOOP('',(#10243,#10245,#10246,#10247));
#10249=FACE_OUTER_BOUND('',#10248,.F.);
#10250=ADVANCED_FACE('',(#10249),#10242,.T.);
#10251=FILL_AREA_STYLE_COLOUR('',#23);
#10252=FILL_AREA_STYLE('',(#10251));
#10253=SURFACE_STYLE_FILL_AREA(#10252);
#10254=SURFACE_SIDE_STYLE('',(#10253));
#10255=SURFACE_STYLE_USAGE(.POSITIVE.,#10254);
#10256=PRESENTATION_STYLE_ASSIGNMENT((#10255));
#10257=STYLED_ITEM('',(#10256),#10250);
#10258=CARTESIAN_POINT('',(-4.488125E-1,-6.88E-1,-3.1E0));
#10259=DIRECTION('',(0.E0,-1.E0,0.E0));
#10260=DIRECTION('',(-1.E0,0.E0,0.E0));
#10261=AXIS2_PLACEMENT_3D('',#10258,#10259,#10260);
#10262=PLANE('',#10261);
#10263=ORIENTED_EDGE('',*,*,#4618,.F.);
#10265=ORIENTED_EDGE('',*,*,#10264,.T.);
#10266=ORIENTED_EDGE('',*,*,#9714,.T.);
#10267=ORIENTED_EDGE('',*,*,#10244,.F.);
#10268=EDGE_LOOP('',(#10263,#10265,#10266,#10267));
#10269=FACE_OUTER_BOUND('',#10268,.F.);
#10270=ADVANCED_FACE('',(#10269),#10262,.T.);
#10271=FILL_AREA_STYLE_COLOUR('',#23);
#10272=FILL_AREA_STYLE('',(#10271));
#10273=SURFACE_STYLE_FILL_AREA(#10272);
#10274=SURFACE_SIDE_STYLE('',(#10273));
#10275=SURFACE_STYLE_USAGE(.POSITIVE.,#10274);
#10276=PRESENTATION_STYLE_ASSIGNMENT((#10275));
#10277=STYLED_ITEM('',(#10276),#10270);
#10278=CARTESIAN_POINT('',(-3.862916905165E-1,-6.752297887564E-1,-3.1E0));
#10279=DIRECTION('',(2.001234283435E-1,-9.797706943097E-1,0.E0));
#10280=DIRECTION('',(-9.797706943097E-1,-2.001234283435E-1,0.E0));
#10281=AXIS2_PLACEMENT_3D('',#10278,#10279,#10280);
#10282=PLANE('',#10281);
#10283=ORIENTED_EDGE('',*,*,#4616,.F.);
#10285=ORIENTED_EDGE('',*,*,#10284,.T.);
#10286=ORIENTED_EDGE('',*,*,#9716,.T.);
#10287=ORIENTED_EDGE('',*,*,#10264,.F.);
#10288=EDGE_LOOP('',(#10283,#10285,#10286,#10287));
#10289=FACE_OUTER_BOUND('',#10288,.F.);
#10290=ADVANCED_FACE('',(#10289),#10282,.T.);
#10291=FILL_AREA_STYLE_COLOUR('',#23);
#10292=FILL_AREA_STYLE('',(#10291));
#10293=SURFACE_STYLE_FILL_AREA(#10292);
#10294=SURFACE_SIDE_STYLE('',(#10293));
#10295=SURFACE_STYLE_USAGE(.POSITIVE.,#10294);
#10296=PRESENTATION_STYLE_ASSIGNMENT((#10295));
#10297=STYLED_ITEM('',(#10296),#10290);
#10298=CARTESIAN_POINT('',(-3.36275E-1,-6.496893662691E-1,-3.1E0));
#10299=DIRECTION('',(4.547769415434E-1,-8.906053746977E-1,0.E0));
#10300=DIRECTION('',(-8.906053746977E-1,-4.547769415434E-1,0.E0));
#10301=AXIS2_PLACEMENT_3D('',#10298,#10299,#10300);
#10302=PLANE('',#10301);
#10303=ORIENTED_EDGE('',*,*,#4614,.F.);
#10305=ORIENTED_EDGE('',*,*,#10304,.T.);
#10306=ORIENTED_EDGE('',*,*,#9718,.T.);
#10307=ORIENTED_EDGE('',*,*,#10284,.F.);
#10308=EDGE_LOOP('',(#10303,#10305,#10306,#10307));
#10309=FACE_OUTER_BOUND('',#10308,.F.);
#10310=ADVANCED_FACE('',(#10309),#10302,.T.);
#10311=FILL_AREA_STYLE_COLOUR('',#23);
#10312=FILL_AREA_STYLE('',(#10311));
#10313=SURFACE_STYLE_FILL_AREA(#10312);
#10314=SURFACE_SIDE_STYLE('',(#10313));
#10315=SURFACE_STYLE_USAGE(.POSITIVE.,#10314);
#10316=PRESENTATION_STYLE_ASSIGNMENT((#10315));
#10317=STYLED_ITEM('',(#10316),#10310);
#10318=CARTESIAN_POINT('',(-2.862583094835E-1,-5.986085212946E-1,-3.1E0));
#10319=DIRECTION('',(7.145102180353E-1,-6.996250055017E-1,0.E0));
#10320=DIRECTION('',(-6.996250055017E-1,-7.145102180353E-1,0.E0));
#10321=AXIS2_PLACEMENT_3D('',#10318,#10319,#10320);
#10322=PLANE('',#10321);
#10323=ORIENTED_EDGE('',*,*,#4612,.F.);
#10325=ORIENTED_EDGE('',*,*,#10324,.T.);
#10326=ORIENTED_EDGE('',*,*,#9720,.T.);
#10327=ORIENTED_EDGE('',*,*,#10304,.F.);
#10328=EDGE_LOOP('',(#10323,#10325,#10326,#10327));
#10329=FACE_OUTER_BOUND('',#10328,.F.);
#10330=ADVANCED_FACE('',(#10329),#10322,.T.);
#10331=FILL_AREA_STYLE_COLOUR('',#23);
#10332=FILL_AREA_STYLE('',(#10331));
#10333=SURFACE_STYLE_FILL_AREA(#10332);
#10334=SURFACE_SIDE_STYLE('',(#10333));
#10335=SURFACE_STYLE_USAGE(.POSITIVE.,#10334);
#10336=PRESENTATION_STYLE_ASSIGNMENT((#10335));
#10337=STYLED_ITEM('',(#10336),#10330);
#10338=CARTESIAN_POINT('',(-2.737541905165E-1,-5.347574293017E-1,-3.1E0));
#10339=DIRECTION('',(9.813592930674E-1,-1.921820436730E-1,0.E0));
#10340=DIRECTION('',(-1.921820436730E-1,-9.813592930674E-1,0.E0));
#10341=AXIS2_PLACEMENT_3D('',#10338,#10339,#10340);
#10342=PLANE('',#10341);
#10343=ORIENTED_EDGE('',*,*,#4610,.F.);
#10345=ORIENTED_EDGE('',*,*,#10344,.T.);
#10346=ORIENTED_EDGE('',*,*,#9722,.T.);
#10347=ORIENTED_EDGE('',*,*,#10324,.F.);
#10348=EDGE_LOOP('',(#10343,#10345,#10346,#10347));
#10349=FACE_OUTER_BOUND('',#10348,.F.);
#10350=ADVANCED_FACE('',(#10349),#10342,.T.);
#10351=FILL_AREA_STYLE_COLOUR('',#23);
#10352=FILL_AREA_STYLE('',(#10351));
#10353=SURFACE_STYLE_FILL_AREA(#10352);
#10354=SURFACE_SIDE_STYLE('',(#10353));
#10355=SURFACE_STYLE_USAGE(.POSITIVE.,#10354);
#10356=PRESENTATION_STYLE_ASSIGNMENT((#10355));
#10357=STYLED_ITEM('',(#10356),#10350);
#10358=CARTESIAN_POINT('',(-3.487791905165E-1,-5.347574293017E-1,-3.1E0));
#10359=DIRECTION('',(0.E0,1.E0,0.E0));
#10360=DIRECTION('',(1.E0,0.E0,0.E0));
#10361=AXIS2_PLACEMENT_3D('',#10358,#10359,#10360);
#10362=PLANE('',#10361);
#10363=ORIENTED_EDGE('',*,*,#4608,.F.);
#10365=ORIENTED_EDGE('',*,*,#10364,.T.);
#10366=ORIENTED_EDGE('',*,*,#9724,.T.);
#10367=ORIENTED_EDGE('',*,*,#10344,.F.);
#10368=EDGE_LOOP('',(#10363,#10365,#10366,#10367));
#10369=FACE_OUTER_BOUND('',#10368,.F.);
#10370=ADVANCED_FACE('',(#10369),#10362,.T.);
#10371=FILL_AREA_STYLE_COLOUR('',#23);
#10372=FILL_AREA_STYLE('',(#10371));
#10373=SURFACE_STYLE_FILL_AREA(#10372);
#10374=SURFACE_SIDE_STYLE('',(#10373));
#10375=SURFACE_STYLE_USAGE(.POSITIVE.,#10374);
#10376=PRESENTATION_STYLE_ASSIGNMENT((#10375));
#10377=STYLED_ITEM('',(#10376),#10370);
#10378=CARTESIAN_POINT('',(-3.612833094835E-1,-5.730680988073E-1,-3.1E0));
#10379=DIRECTION('',(-9.506456267027E-1,3.102787334496E-1,0.E0));
#10380=DIRECTION('',(3.102787334496E-1,9.506456267027E-1,0.E0));
#10381=AXIS2_PLACEMENT_3D('',#10378,#10379,#10380);
#10382=PLANE('',#10381);
#10383=ORIENTED_EDGE('',*,*,#4606,.F.);
#10385=ORIENTED_EDGE('',*,*,#10384,.T.);
#10386=ORIENTED_EDGE('',*,*,#9726,.T.);
#10387=ORIENTED_EDGE('',*,*,#10364,.F.);
#10388=EDGE_LOOP('',(#10383,#10385,#10386,#10387));
#10389=FACE_OUTER_BOUND('',#10388,.F.);
#10390=ADVANCED_FACE('',(#10389),#10382,.T.);
#10391=FILL_AREA_STYLE_COLOUR('',#23);
#10392=FILL_AREA_STYLE('',(#10391));
#10393=SURFACE_STYLE_FILL_AREA(#10392);
#10394=SURFACE_SIDE_STYLE('',(#10393));
#10395=SURFACE_STYLE_USAGE(.POSITIVE.,#10394);
#10396=PRESENTATION_STYLE_ASSIGNMENT((#10395));
#10397=STYLED_ITEM('',(#10396),#10390);
#10398=CARTESIAN_POINT('',(-3.987958094835E-1,-5.986085212946E-1,-3.1E0));
#10399=DIRECTION('',(-5.627909312417E-1,8.265992787996E-1,0.E0));
#10400=DIRECTION('',(8.265992787996E-1,5.627909312417E-1,0.E0));
#10401=AXIS2_PLACEMENT_3D('',#10398,#10399,#10400);
#10402=PLANE('',#10401);
#10403=ORIENTED_EDGE('',*,*,#4604,.F.);
#10405=ORIENTED_EDGE('',*,*,#10404,.T.);
#10406=ORIENTED_EDGE('',*,*,#9728,.T.);
#10407=ORIENTED_EDGE('',*,*,#10384,.F.);
#10408=EDGE_LOOP('',(#10403,#10405,#10406,#10407));
#10409=FACE_OUTER_BOUND('',#10408,.F.);
#10410=ADVANCED_FACE('',(#10409),#10402,.T.);
#10411=FILL_AREA_STYLE_COLOUR('',#23);
#10412=FILL_AREA_STYLE('',(#10411));
#10413=SURFACE_STYLE_FILL_AREA(#10412);
#10414=SURFACE_SIDE_STYLE('',(#10413));
#10415=SURFACE_STYLE_USAGE(.POSITIVE.,#10414);
#10416=PRESENTATION_STYLE_ASSIGNMENT((#10415));
#10417=STYLED_ITEM('',(#10416),#10410);
#10418=CARTESIAN_POINT('',(-4.488125E-1,-6.113787325382E-1,-3.1E0));
#10419=DIRECTION('',(-2.473831068378E-1,9.689177459678E-1,0.E0));
#10420=DIRECTION('',(9.689177459678E-1,2.473831068378E-1,0.E0));
#10421=AXIS2_PLACEMENT_3D('',#10418,#10419,#10420);
#10422=PLANE('',#10421);
#10423=ORIENTED_EDGE('',*,*,#4602,.F.);
#10425=ORIENTED_EDGE('',*,*,#10424,.T.);
#10426=ORIENTED_EDGE('',*,*,#9730,.T.);
#10427=ORIENTED_EDGE('',*,*,#10404,.F.);
#10428=EDGE_LOOP('',(#10423,#10425,#10426,#10427));
#10429=FACE_OUTER_BOUND('',#10428,.F.);
#10430=ADVANCED_FACE('',(#10429),#10422,.T.);
#10431=FILL_AREA_STYLE_COLOUR('',#23);
#10432=FILL_AREA_STYLE('',(#10431));
#10433=SURFACE_STYLE_FILL_AREA(#10432);
#10434=SURFACE_SIDE_STYLE('',(#10433));
#10435=SURFACE_STYLE_USAGE(.POSITIVE.,#10434);
#10436=PRESENTATION_STYLE_ASSIGNMENT((#10435));
#10437=STYLED_ITEM('',(#10436),#10430);
#10438=CARTESIAN_POINT('',(-5.6135E-1,-6.113787325382E-1,-3.1E0));
#10439=DIRECTION('',(0.E0,1.E0,0.E0));
#10440=DIRECTION('',(1.E0,0.E0,0.E0));
#10441=AXIS2_PLACEMENT_3D('',#10438,#10439,#10440);
#10442=PLANE('',#10441);
#10443=ORIENTED_EDGE('',*,*,#4600,.F.);
#10445=ORIENTED_EDGE('',*,*,#10444,.T.);
#10446=ORIENTED_EDGE('',*,*,#9732,.T.);
#10447=ORIENTED_EDGE('',*,*,#10424,.F.);
#10448=EDGE_LOOP('',(#10443,#10445,#10446,#10447));
#10449=FACE_OUTER_BOUND('',#10448,.F.);
#10450=ADVANCED_FACE('',(#10449),#10442,.T.);
#10451=FILL_AREA_STYLE_COLOUR('',#23);
#10452=FILL_AREA_STYLE('',(#10451));
#10453=SURFACE_STYLE_FILL_AREA(#10452);
#10454=SURFACE_SIDE_STYLE('',(#10453));
#10455=SURFACE_STYLE_USAGE(.POSITIVE.,#10454);
#10456=PRESENTATION_STYLE_ASSIGNMENT((#10455));
#10457=STYLED_ITEM('',(#10456),#10450);
#10458=CARTESIAN_POINT('',(-6.113666905165E-1,-5.986085212946E-1,-3.1E0));
#10459=DIRECTION('',(2.473831068378E-1,9.689177459678E-1,0.E0));
#10460=DIRECTION('',(9.689177459678E-1,-2.473831068378E-1,0.E0));
#10461=AXIS2_PLACEMENT_3D('',#10458,#10459,#10460);
#10462=PLANE('',#10461);
#10463=ORIENTED_EDGE('',*,*,#4598,.F.);
#10465=ORIENTED_EDGE('',*,*,#10464,.T.);
#10466=ORIENTED_EDGE('',*,*,#9734,.T.);
#10467=ORIENTED_EDGE('',*,*,#10444,.F.);
#10468=EDGE_LOOP('',(#10463,#10465,#10466,#10467));
#10469=FACE_OUTER_BOUND('',#10468,.F.);
#10470=ADVANCED_FACE('',(#10469),#10462,.T.);
#10471=FILL_AREA_STYLE_COLOUR('',#23);
#10472=FILL_AREA_STYLE('',(#10471));
#10473=SURFACE_STYLE_FILL_AREA(#10472);
#10474=SURFACE_SIDE_STYLE('',(#10473));
#10475=SURFACE_STYLE_USAGE(.POSITIVE.,#10474);
#10476=PRESENTATION_STYLE_ASSIGNMENT((#10475));
#10477=STYLED_ITEM('',(#10476),#10470);
#10478=CARTESIAN_POINT('',(-6.488791905165E-1,-5.730680988073E-1,-3.1E0));
#10479=DIRECTION('',(5.627909312417E-1,8.265992787996E-1,0.E0));
#10480=DIRECTION('',(8.265992787996E-1,-5.627909312417E-1,0.E0));
#10481=AXIS2_PLACEMENT_3D('',#10478,#10479,#10480);
#10482=PLANE('',#10481);
#10483=ORIENTED_EDGE('',*,*,#4596,.F.);
#10485=ORIENTED_EDGE('',*,*,#10484,.T.);
#10486=ORIENTED_EDGE('',*,*,#9736,.T.);
#10487=ORIENTED_EDGE('',*,*,#10464,.F.);
#10488=EDGE_LOOP('',(#10483,#10485,#10486,#10487));
#10489=FACE_OUTER_BOUND('',#10488,.F.);
#10490=ADVANCED_FACE('',(#10489),#10482,.T.);
#10491=FILL_AREA_STYLE_COLOUR('',#23);
#10492=FILL_AREA_STYLE('',(#10491));
#10493=SURFACE_STYLE_FILL_AREA(#10492);
#10494=SURFACE_SIDE_STYLE('',(#10493));
#10495=SURFACE_STYLE_USAGE(.POSITIVE.,#10494);
#10496=PRESENTATION_STYLE_ASSIGNMENT((#10495));
#10497=STYLED_ITEM('',(#10496),#10490);
#10498=CARTESIAN_POINT('',(-6.738875E-1,-5.347574293017E-1,-3.1E0));
#10499=DIRECTION('',(8.373795927994E-1,5.466218231676E-1,0.E0));
#10500=DIRECTION('',(5.466218231676E-1,-8.373795927994E-1,0.E0));
#10501=AXIS2_PLACEMENT_3D('',#10498,#10499,#10500);
#10502=PLANE('',#10501);
#10503=ORIENTED_EDGE('',*,*,#4594,.F.);
#10505=ORIENTED_EDGE('',*,*,#10504,.T.);
#10506=ORIENTED_EDGE('',*,*,#9738,.T.);
#10507=ORIENTED_EDGE('',*,*,#10484,.F.);
#10508=EDGE_LOOP('',(#10503,#10505,#10506,#10507));
#10509=FACE_OUTER_BOUND('',#10508,.F.);
#10510=ADVANCED_FACE('',(#10509),#10502,.T.);
#10511=FILL_AREA_STYLE_COLOUR('',#23);
#10512=FILL_AREA_STYLE('',(#10511));
#10513=SURFACE_STYLE_FILL_AREA(#10512);
#10514=SURFACE_SIDE_STYLE('',(#10513));
#10515=SURFACE_STYLE_USAGE(.POSITIVE.,#10514);
#10516=PRESENTATION_STYLE_ASSIGNMENT((#10515));
#10517=STYLED_ITEM('',(#10516),#10510);
#10518=CARTESIAN_POINT('',(-6.863916905165E-1,-4.836765843272E-1,-3.1E0));
#10519=DIRECTION('',(9.713210491251E-1,2.377717803411E-1,0.E0));
#10520=DIRECTION('',(2.377717803411E-1,-9.713210491251E-1,0.E0));
#10521=AXIS2_PLACEMENT_3D('',#10518,#10519,#10520);
#10522=PLANE('',#10521);
#10523=ORIENTED_EDGE('',*,*,#4592,.F.);
#10525=ORIENTED_EDGE('',*,*,#10524,.T.);
#10526=ORIENTED_EDGE('',*,*,#9740,.T.);
#10527=ORIENTED_EDGE('',*,*,#10504,.F.);
#10528=EDGE_LOOP('',(#10523,#10525,#10526,#10527));
#10529=FACE_OUTER_BOUND('',#10528,.F.);
#10530=ADVANCED_FACE('',(#10529),#10522,.T.);
#10531=FILL_AREA_STYLE_COLOUR('',#23);
#10532=FILL_AREA_STYLE('',(#10531));
#10533=SURFACE_STYLE_FILL_AREA(#10532);
#10534=SURFACE_SIDE_STYLE('',(#10533));
#10535=SURFACE_STYLE_USAGE(.POSITIVE.,#10534);
#10536=PRESENTATION_STYLE_ASSIGNMENT((#10535));
#10537=STYLED_ITEM('',(#10536),#10530);
#10538=CARTESIAN_POINT('',(-6.863916905165E-1,-2.921233977854E-1,-3.1E0));
#10539=DIRECTION('',(1.E0,0.E0,0.E0));
#10540=DIRECTION('',(0.E0,-1.E0,0.E0));
#10541=AXIS2_PLACEMENT_3D('',#10538,#10539,#10540);
#10542=PLANE('',#10541);
#10543=ORIENTED_EDGE('',*,*,#4590,.F.);
#10545=ORIENTED_EDGE('',*,*,#10544,.T.);
#10546=ORIENTED_EDGE('',*,*,#9742,.T.);
#10547=ORIENTED_EDGE('',*,*,#10524,.F.);
#10548=EDGE_LOOP('',(#10543,#10545,#10546,#10547));
#10549=FACE_OUTER_BOUND('',#10548,.F.);
#10550=ADVANCED_FACE('',(#10549),#10542,.T.);
#10551=FILL_AREA_STYLE_COLOUR('',#23);
#10552=FILL_AREA_STYLE('',(#10551));
#10553=SURFACE_STYLE_FILL_AREA(#10552);
#10554=SURFACE_SIDE_STYLE('',(#10553));
#10555=SURFACE_STYLE_USAGE(.POSITIVE.,#10554);
#10556=PRESENTATION_STYLE_ASSIGNMENT((#10555));
#10557=STYLED_ITEM('',(#10556),#10550);
#10558=CARTESIAN_POINT('',(-6.738875E-1,-2.410425528109E-1,-3.1E0));
#10559=DIRECTION('',(9.713210491251E-1,-2.377717803411E-1,0.E0));
#10560=DIRECTION('',(-2.377717803411E-1,-9.713210491251E-1,0.E0));
#10561=AXIS2_PLACEMENT_3D('',#10558,#10559,#10560);
#10562=PLANE('',#10561);
#10563=ORIENTED_EDGE('',*,*,#4588,.F.);
#10565=ORIENTED_EDGE('',*,*,#10564,.T.);
#10566=ORIENTED_EDGE('',*,*,#9744,.T.);
#10567=ORIENTED_EDGE('',*,*,#10544,.F.);
#10568=EDGE_LOOP('',(#10563,#10565,#10566,#10567));
#10569=FACE_OUTER_BOUND('',#10568,.F.);
#10570=ADVANCED_FACE('',(#10569),#10562,.T.);
#10571=FILL_AREA_STYLE_COLOUR('',#23);
#10572=FILL_AREA_STYLE('',(#10571));
#10573=SURFACE_STYLE_FILL_AREA(#10572);
#10574=SURFACE_SIDE_STYLE('',(#10573));
#10575=SURFACE_STYLE_USAGE(.POSITIVE.,#10574);
#10576=PRESENTATION_STYLE_ASSIGNMENT((#10575));
#10577=STYLED_ITEM('',(#10576),#10570);
#10578=CARTESIAN_POINT('',(-6.488791905165E-1,-2.027319190800E-1,-3.1E0));
#10579=DIRECTION('',(8.373793591563E-1,-5.466221810895E-1,0.E0));
#10580=DIRECTION('',(-5.466221810895E-1,-8.373793591563E-1,0.E0));
#10581=AXIS2_PLACEMENT_3D('',#10578,#10579,#10580);
#10582=PLANE('',#10581);
#10583=ORIENTED_EDGE('',*,*,#4586,.F.);
#10585=ORIENTED_EDGE('',*,*,#10584,.T.);
#10586=ORIENTED_EDGE('',*,*,#9746,.T.);
#10587=ORIENTED_EDGE('',*,*,#10564,.F.);
#10588=EDGE_LOOP('',(#10583,#10585,#10586,#10587));
#10589=FACE_OUTER_BOUND('',#10588,.F.);
#10590=ADVANCED_FACE('',(#10589),#10582,.T.);
#10591=FILL_AREA_STYLE_COLOUR('',#23);
#10592=FILL_AREA_STYLE('',(#10591));
#10593=SURFACE_STYLE_FILL_AREA(#10592);
#10594=SURFACE_SIDE_STYLE('',(#10593));
#10595=SURFACE_STYLE_USAGE(.POSITIVE.,#10594);
#10596=PRESENTATION_STYLE_ASSIGNMENT((#10595));
#10597=STYLED_ITEM('',(#10596),#10590);
#10598=CARTESIAN_POINT('',(-6.113666905165E-1,-1.771914876491E-1,-3.1E0));
#10599=DIRECTION('',(5.627910658975E-1,-8.265991871191E-1,0.E0));
#10600=DIRECTION('',(-8.265991871191E-1,-5.627910658975E-1,0.E0));
#10601=AXIS2_PLACEMENT_3D('',#10598,#10599,#10600);
#10602=PLANE('',#10601);
#10603=ORIENTED_EDGE('',*,*,#4584,.F.);
#10605=ORIENTED_EDGE('',*,*,#10604,.T.);
#10606=ORIENTED_EDGE('',*,*,#9748,.T.);
#10607=ORIENTED_EDGE('',*,*,#10584,.F.);
#10608=EDGE_LOOP('',(#10603,#10605,#10606,#10607));
#10609=FACE_OUTER_BOUND('',#10608,.F.);
#10610=ADVANCED_FACE('',(#10609),#10602,.T.);
#10611=FILL_AREA_STYLE_COLOUR('',#23);
#10612=FILL_AREA_STYLE('',(#10611));
#10613=SURFACE_STYLE_FILL_AREA(#10612);
#10614=SURFACE_SIDE_STYLE('',(#10613));
#10615=SURFACE_STYLE_USAGE(.POSITIVE.,#10614);
#10616=PRESENTATION_STYLE_ASSIGNMENT((#10615));
#10617=STYLED_ITEM('',(#10616),#10610);
#10618=CARTESIAN_POINT('',(-5.6135E-1,-1.644212764055E-1,-3.1E0));
#10619=DIRECTION('',(2.473831068378E-1,-9.689177459678E-1,0.E0));
#10620=DIRECTION('',(-9.689177459678E-1,-2.473831068378E-1,0.E0));
#10621=AXIS2_PLACEMENT_3D('',#10618,#10619,#10620);
#10622=PLANE('',#10621);
#10623=ORIENTED_EDGE('',*,*,#4582,.F.);
#10625=ORIENTED_EDGE('',*,*,#10624,.T.);
#10626=ORIENTED_EDGE('',*,*,#9750,.T.);
#10627=ORIENTED_EDGE('',*,*,#10604,.F.);
#10628=EDGE_LOOP('',(#10623,#10625,#10626,#10627));
#10629=FACE_OUTER_BOUND('',#10628,.F.);
#10630=ADVANCED_FACE('',(#10629),#10622,.T.);
#10631=FILL_AREA_STYLE_COLOUR('',#23);
#10632=FILL_AREA_STYLE('',(#10631));
#10633=SURFACE_STYLE_FILL_AREA(#10632);
#10634=SURFACE_SIDE_STYLE('',(#10633));
#10635=SURFACE_STYLE_USAGE(.POSITIVE.,#10634);
#10636=PRESENTATION_STYLE_ASSIGNMENT((#10635));
#10637=STYLED_ITEM('',(#10636),#10630);
#10638=CARTESIAN_POINT('',(-4.488125E-1,-1.644212764055E-1,-3.1E0));
#10639=DIRECTION('',(0.E0,-1.E0,0.E0));
#10640=DIRECTION('',(-1.E0,0.E0,0.E0));
#10641=AXIS2_PLACEMENT_3D('',#10638,#10639,#10640);
#10642=PLANE('',#10641);
#10643=ORIENTED_EDGE('',*,*,#4580,.F.);
#10645=ORIENTED_EDGE('',*,*,#10644,.T.);
#10646=ORIENTED_EDGE('',*,*,#9752,.T.);
#10647=ORIENTED_EDGE('',*,*,#10624,.F.);
#10648=EDGE_LOOP('',(#10643,#10645,#10646,#10647));
#10649=FACE_OUTER_BOUND('',#10648,.F.);
#10650=ADVANCED_FACE('',(#10649),#10642,.T.);
#10651=FILL_AREA_STYLE_COLOUR('',#23);
#10652=FILL_AREA_STYLE('',(#10651));
#10653=SURFACE_STYLE_FILL_AREA(#10652);
#10654=SURFACE_SIDE_STYLE('',(#10653));
#10655=SURFACE_STYLE_USAGE(.POSITIVE.,#10654);
#10656=PRESENTATION_STYLE_ASSIGNMENT((#10655));
#10657=STYLED_ITEM('',(#10656),#10650);
#10658=CARTESIAN_POINT('',(-3.987958094835E-1,-1.771914876491E-1,-3.1E0));
#10659=DIRECTION('',(-2.473831068378E-1,-9.689177459678E-1,0.E0));
#10660=DIRECTION('',(-9.689177459678E-1,2.473831068378E-1,0.E0));
#10661=AXIS2_PLACEMENT_3D('',#10658,#10659,#10660);
#10662=PLANE('',#10661);
#10663=ORIENTED_EDGE('',*,*,#4578,.F.);
#10665=ORIENTED_EDGE('',*,*,#10664,.T.);
#10666=ORIENTED_EDGE('',*,*,#9754,.T.);
#10667=ORIENTED_EDGE('',*,*,#10644,.F.);
#10668=EDGE_LOOP('',(#10663,#10665,#10666,#10667));
#10669=FACE_OUTER_BOUND('',#10668,.F.);
#10670=ADVANCED_FACE('',(#10669),#10662,.T.);
#10671=FILL_AREA_STYLE_COLOUR('',#23);
#10672=FILL_AREA_STYLE('',(#10671));
#10673=SURFACE_STYLE_FILL_AREA(#10672);
#10674=SURFACE_SIDE_STYLE('',(#10673));
#10675=SURFACE_STYLE_USAGE(.POSITIVE.,#10674);
#10676=PRESENTATION_STYLE_ASSIGNMENT((#10675));
#10677=STYLED_ITEM('',(#10676),#10670);
#10678=CARTESIAN_POINT('',(-3.612833094835E-1,-2.027319190800E-1,-3.1E0));
#10679=DIRECTION('',(-5.627910658976E-1,-8.265991871191E-1,0.E0));
#10680=DIRECTION('',(-8.265991871191E-1,5.627910658976E-1,0.E0));
#10681=AXIS2_PLACEMENT_3D('',#10678,#10679,#10680);
#10682=PLANE('',#10681);
#10683=ORIENTED_EDGE('',*,*,#4576,.F.);
#10685=ORIENTED_EDGE('',*,*,#10684,.T.);
#10686=ORIENTED_EDGE('',*,*,#9756,.T.);
#10687=ORIENTED_EDGE('',*,*,#10664,.F.);
#10688=EDGE_LOOP('',(#10683,#10685,#10686,#10687));
#10689=FACE_OUTER_BOUND('',#10688,.F.);
#10690=ADVANCED_FACE('',(#10689),#10682,.T.);
#10691=FILL_AREA_STYLE_COLOUR('',#23);
#10692=FILL_AREA_STYLE('',(#10691));
#10693=SURFACE_STYLE_FILL_AREA(#10692);
#10694=SURFACE_SIDE_STYLE('',(#10693));
#10695=SURFACE_STYLE_USAGE(.POSITIVE.,#10694);
#10696=PRESENTATION_STYLE_ASSIGNMENT((#10695));
#10697=STYLED_ITEM('',(#10696),#10690);
#10698=CARTESIAN_POINT('',(-3.487791905165E-1,-2.410425528109E-1,-3.1E0));
#10699=DIRECTION('',(-9.506455412394E-1,-3.102789952956E-1,0.E0));
#10700=DIRECTION('',(-3.102789952956E-1,9.506455412394E-1,0.E0));
#10701=AXIS2_PLACEMENT_3D('',#10698,#10699,#10700);
#10702=PLANE('',#10701);
#10703=ORIENTED_EDGE('',*,*,#4574,.F.);
#10704=ORIENTED_EDGE('',*,*,#9926,.T.);
#10705=ORIENTED_EDGE('',*,*,#9758,.T.);
#10706=ORIENTED_EDGE('',*,*,#10684,.F.);
#10707=EDGE_LOOP('',(#10703,#10704,#10705,#10706));
#10708=FACE_OUTER_BOUND('',#10707,.F.);
#10709=ADVANCED_FACE('',(#10708),#10702,.T.);
#10710=FILL_AREA_STYLE_COLOUR('',#23);
#10711=FILL_AREA_STYLE('',(#10710));
#10712=SURFACE_STYLE_FILL_AREA(#10711);
#10713=SURFACE_SIDE_STYLE('',(#10712));
#10714=SURFACE_STYLE_USAGE(.POSITIVE.,#10713);
#10715=PRESENTATION_STYLE_ASSIGNMENT((#10714));
#10716=STYLED_ITEM('',(#10715),#10709);
#10717=CARTESIAN_POINT('',(2.764291189671E-1,-1.644212764055E-1,-3.1E0));
#10718=DIRECTION('',(0.E0,-1.E0,0.E0));
#10719=DIRECTION('',(-1.E0,0.E0,0.E0));
#10720=AXIS2_PLACEMENT_3D('',#10717,#10718,#10719);
#10721=PLANE('',#10720);
#10722=ORIENTED_EDGE('',*,*,#4654,.F.);
#10724=ORIENTED_EDGE('',*,*,#10723,.T.);
#10725=ORIENTED_EDGE('',*,*,#9775,.T.);
#10727=ORIENTED_EDGE('',*,*,#10726,.F.);
#10728=EDGE_LOOP('',(#10722,#10724,#10725,#10727));
#10729=FACE_OUTER_BOUND('',#10728,.F.);
#10730=ADVANCED_FACE('',(#10729),#10721,.T.);
#10731=FILL_AREA_STYLE_COLOUR('',#23);
#10732=FILL_AREA_STYLE('',(#10731));
#10733=SURFACE_STYLE_FILL_AREA(#10732);
#10734=SURFACE_SIDE_STYLE('',(#10733));
#10735=SURFACE_STYLE_USAGE(.POSITIVE.,#10734);
#10736=PRESENTATION_STYLE_ASSIGNMENT((#10735));
#10737=STYLED_ITEM('',(#10736),#10730);
#10738=CARTESIAN_POINT('',(2.764291189671E-1,-8.78E-2,-3.1E0));
#10739=DIRECTION('',(1.E0,0.E0,0.E0));
#10740=DIRECTION('',(0.E0,-1.E0,0.E0));
#10741=AXIS2_PLACEMENT_3D('',#10738,#10739,#10740);
#10742=PLANE('',#10741);
#10743=ORIENTED_EDGE('',*,*,#4676,.F.);
#10745=ORIENTED_EDGE('',*,*,#10744,.T.);
#10746=ORIENTED_EDGE('',*,*,#9777,.T.);
#10747=ORIENTED_EDGE('',*,*,#10723,.F.);
#10748=EDGE_LOOP('',(#10743,#10745,#10746,#10747));
#10749=FACE_OUTER_BOUND('',#10748,.F.);
#10750=ADVANCED_FACE('',(#10749),#10742,.T.);
#10751=FILL_AREA_STYLE_COLOUR('',#23);
#10752=FILL_AREA_STYLE('',(#10751));
#10753=SURFACE_STYLE_FILL_AREA(#10752);
#10754=SURFACE_SIDE_STYLE('',(#10753));
#10755=SURFACE_STYLE_USAGE(.POSITIVE.,#10754);
#10756=PRESENTATION_STYLE_ASSIGNMENT((#10755));
#10757=STYLED_ITEM('',(#10756),#10750);
#10758=CARTESIAN_POINT('',(-1.737208094835E-1,-8.78E-2,-3.1E0));
#10759=DIRECTION('',(0.E0,1.E0,0.E0));
#10760=DIRECTION('',(1.E0,0.E0,0.E0));
#10761=AXIS2_PLACEMENT_3D('',#10758,#10759,#10760);
#10762=PLANE('',#10761);
#10763=ORIENTED_EDGE('',*,*,#4674,.F.);
#10765=ORIENTED_EDGE('',*,*,#10764,.T.);
#10766=ORIENTED_EDGE('',*,*,#9779,.T.);
#10767=ORIENTED_EDGE('',*,*,#10744,.F.);
#10768=EDGE_LOOP('',(#10763,#10765,#10766,#10767));
#10769=FACE_OUTER_BOUND('',#10768,.F.);
#10770=ADVANCED_FACE('',(#10769),#10762,.T.);
#10771=FILL_AREA_STYLE_COLOUR('',#23);
#10772=FILL_AREA_STYLE('',(#10771));
#10773=SURFACE_STYLE_FILL_AREA(#10772);
#10774=SURFACE_SIDE_STYLE('',(#10773));
#10775=SURFACE_STYLE_USAGE(.POSITIVE.,#10774);
#10776=PRESENTATION_STYLE_ASSIGNMENT((#10775));
#10777=STYLED_ITEM('',(#10776),#10770);
#10778=CARTESIAN_POINT('',(-1.737208094835E-1,-6.88E-1,-3.1E0));
#10779=DIRECTION('',(-1.E0,0.E0,0.E0));
#10780=DIRECTION('',(0.E0,1.E0,0.E0));
#10781=AXIS2_PLACEMENT_3D('',#10778,#10779,#10780);
#10782=PLANE('',#10781);
#10783=ORIENTED_EDGE('',*,*,#4672,.F.);
#10785=ORIENTED_EDGE('',*,*,#10784,.T.);
#10786=ORIENTED_EDGE('',*,*,#9781,.T.);
#10787=ORIENTED_EDGE('',*,*,#10764,.F.);
#10788=EDGE_LOOP('',(#10783,#10785,#10786,#10787));
#10789=FACE_OUTER_BOUND('',#10788,.F.);
#10790=ADVANCED_FACE('',(#10789),#10782,.T.);
#10791=FILL_AREA_STYLE_COLOUR('',#23);
#10792=FILL_AREA_STYLE('',(#10791));
#10793=SURFACE_STYLE_FILL_AREA(#10792);
#10794=SURFACE_SIDE_STYLE('',(#10793));
#10795=SURFACE_STYLE_USAGE(.POSITIVE.,#10794);
#10796=PRESENTATION_STYLE_ASSIGNMENT((#10795));
#10797=STYLED_ITEM('',(#10796),#10790);
#10798=CARTESIAN_POINT('',(2.764291189671E-1,-6.88E-1,-3.1E0));
#10799=DIRECTION('',(0.E0,-1.E0,0.E0));
#10800=DIRECTION('',(-1.E0,0.E0,0.E0));
#10801=AXIS2_PLACEMENT_3D('',#10798,#10799,#10800);
#10802=PLANE('',#10801);
#10803=ORIENTED_EDGE('',*,*,#4670,.F.);
#10805=ORIENTED_EDGE('',*,*,#10804,.T.);
#10806=ORIENTED_EDGE('',*,*,#9783,.T.);
#10807=ORIENTED_EDGE('',*,*,#10784,.F.);
#10808=EDGE_LOOP('',(#10803,#10805,#10806,#10807));
#10809=FACE_OUTER_BOUND('',#10808,.F.);
#10810=ADVANCED_FACE('',(#10809),#10802,.T.);
#10811=FILL_AREA_STYLE_COLOUR('',#23);
#10812=FILL_AREA_STYLE('',(#10811));
#10813=SURFACE_STYLE_FILL_AREA(#10812);
#10814=SURFACE_SIDE_STYLE('',(#10813));
#10815=SURFACE_STYLE_USAGE(.POSITIVE.,#10814);
#10816=PRESENTATION_STYLE_ASSIGNMENT((#10815));
#10817=STYLED_ITEM('',(#10816),#10810);
#10818=CARTESIAN_POINT('',(2.764291189671E-1,-6.113787325382E-1,-3.1E0));
#10819=DIRECTION('',(1.E0,0.E0,0.E0));
#10820=DIRECTION('',(0.E0,-1.E0,0.E0));
#10821=AXIS2_PLACEMENT_3D('',#10818,#10819,#10820);
#10822=PLANE('',#10821);
#10823=ORIENTED_EDGE('',*,*,#4668,.F.);
#10825=ORIENTED_EDGE('',*,*,#10824,.T.);
#10826=ORIENTED_EDGE('',*,*,#9785,.T.);
#10827=ORIENTED_EDGE('',*,*,#10804,.F.);
#10828=EDGE_LOOP('',(#10823,#10825,#10826,#10827));
#10829=FACE_OUTER_BOUND('',#10828,.F.);
#10830=ADVANCED_FACE('',(#10829),#10822,.T.);
#10831=FILL_AREA_STYLE_COLOUR('',#23);
#10832=FILL_AREA_STYLE('',(#10831));
#10833=SURFACE_STYLE_FILL_AREA(#10832);
#10834=SURFACE_SIDE_STYLE('',(#10833));
#10835=SURFACE_STYLE_USAGE(.POSITIVE.,#10834);
#10836=PRESENTATION_STYLE_ASSIGNMENT((#10835));
#10837=STYLED_ITEM('',(#10836),#10830);
#10838=CARTESIAN_POINT('',(-9.869588103294E-2,-6.113787325382E-1,-3.1E0));
#10839=DIRECTION('',(0.E0,1.E0,0.E0));
#10840=DIRECTION('',(1.E0,0.E0,0.E0));
#10841=AXIS2_PLACEMENT_3D('',#10838,#10839,#10840);
#10842=PLANE('',#10841);
#10843=ORIENTED_EDGE('',*,*,#4666,.F.);
#10845=ORIENTED_EDGE('',*,*,#10844,.T.);
#10846=ORIENTED_EDGE('',*,*,#9787,.T.);
#10847=ORIENTED_EDGE('',*,*,#10824,.F.);
#10848=EDGE_LOOP('',(#10843,#10845,#10846,#10847));
#10849=FACE_OUTER_BOUND('',#10848,.F.);
#10850=ADVANCED_FACE('',(#10849),#10842,.T.);
#10851=FILL_AREA_STYLE_COLOUR('',#23);
#10852=FILL_AREA_STYLE('',(#10851));
#10853=SURFACE_STYLE_FILL_AREA(#10852);
#10854=SURFACE_SIDE_STYLE('',(#10853));
#10855=SURFACE_STYLE_USAGE(.POSITIVE.,#10854);
#10856=PRESENTATION_STYLE_ASSIGNMENT((#10855));
#10857=STYLED_ITEM('',(#10856),#10850);
#10858=CARTESIAN_POINT('',(-9.869588103294E-2,-4.453659505963E-1,-3.1E0));
#10859=DIRECTION('',(1.E0,0.E0,0.E0));
#10860=DIRECTION('',(0.E0,-1.E0,0.E0));
#10861=AXIS2_PLACEMENT_3D('',#10858,#10859,#10860);
#10862=PLANE('',#10861);
#10863=ORIENTED_EDGE('',*,*,#4664,.F.);
#10865=ORIENTED_EDGE('',*,*,#10864,.T.);
#10866=ORIENTED_EDGE('',*,*,#9789,.T.);
#10867=ORIENTED_EDGE('',*,*,#10844,.F.);
#10868=EDGE_LOOP('',(#10863,#10865,#10866,#10867));
#10869=FACE_OUTER_BOUND('',#10868,.F.);
#10870=ADVANCED_FACE('',(#10869),#10862,.T.);
#10871=FILL_AREA_STYLE_COLOUR('',#23);
#10872=FILL_AREA_STYLE('',(#10871));
#10873=SURFACE_STYLE_FILL_AREA(#10872);
#10874=SURFACE_SIDE_STYLE('',(#10873));
#10875=SURFACE_STYLE_USAGE(.POSITIVE.,#10874);
#10876=PRESENTATION_STYLE_ASSIGNMENT((#10875));
#10877=STYLED_ITEM('',(#10876),#10870);
#10878=CARTESIAN_POINT('',(2.264125E-1,-4.453659505963E-1,-3.1E0));
#10879=DIRECTION('',(0.E0,-1.E0,0.E0));
#10880=DIRECTION('',(-1.E0,0.E0,0.E0));
#10881=AXIS2_PLACEMENT_3D('',#10878,#10879,#10880);
#10882=PLANE('',#10881);
#10883=ORIENTED_EDGE('',*,*,#4662,.F.);
#10885=ORIENTED_EDGE('',*,*,#10884,.T.);
#10886=ORIENTED_EDGE('',*,*,#9791,.T.);
#10887=ORIENTED_EDGE('',*,*,#10864,.F.);
#10888=EDGE_LOOP('',(#10883,#10885,#10886,#10887));
#10889=FACE_OUTER_BOUND('',#10888,.F.);
#10890=ADVANCED_FACE('',(#10889),#10882,.T.);
#10891=FILL_AREA_STYLE_COLOUR('',#23);
#10892=FILL_AREA_STYLE('',(#10891));
#10893=SURFACE_STYLE_FILL_AREA(#10892);
#10894=SURFACE_SIDE_STYLE('',(#10893));
#10895=SURFACE_STYLE_USAGE(.POSITIVE.,#10894);
#10896=PRESENTATION_STYLE_ASSIGNMENT((#10895));
#10897=STYLED_ITEM('',(#10896),#10890);
#10898=CARTESIAN_POINT('',(2.264125E-1,-3.687446831346E-1,-3.1E0));
#10899=DIRECTION('',(1.E0,0.E0,0.E0));
#10900=DIRECTION('',(0.E0,-1.E0,0.E0));
#10901=AXIS2_PLACEMENT_3D('',#10898,#10899,#10900);
#10902=PLANE('',#10901);
#10903=ORIENTED_EDGE('',*,*,#4660,.F.);
#10905=ORIENTED_EDGE('',*,*,#10904,.T.);
#10906=ORIENTED_EDGE('',*,*,#9793,.T.);
#10907=ORIENTED_EDGE('',*,*,#10884,.F.);
#10908=EDGE_LOOP('',(#10903,#10905,#10906,#10907));
#10909=FACE_OUTER_BOUND('',#10908,.F.);
#10910=ADVANCED_FACE('',(#10909),#10902,.T.);
#10911=FILL_AREA_STYLE_COLOUR('',#23);
#10912=FILL_AREA_STYLE('',(#10911));
#10913=SURFACE_STYLE_FILL_AREA(#10912);
#10914=SURFACE_SIDE_STYLE('',(#10913));
#10915=SURFACE_STYLE_USAGE(.POSITIVE.,#10914);
#10916=PRESENTATION_STYLE_ASSIGNMENT((#10915));
#10917=STYLED_ITEM('',(#10916),#10910);
#10918=CARTESIAN_POINT('',(-9.869588103294E-2,-3.687446831346E-1,-3.1E0));
#10919=DIRECTION('',(0.E0,1.E0,0.E0));
#10920=DIRECTION('',(1.E0,0.E0,0.E0));
#10921=AXIS2_PLACEMENT_3D('',#10918,#10919,#10920);
#10922=PLANE('',#10921);
#10923=ORIENTED_EDGE('',*,*,#4658,.F.);
#10925=ORIENTED_EDGE('',*,*,#10924,.T.);
#10926=ORIENTED_EDGE('',*,*,#9795,.T.);
#10927=ORIENTED_EDGE('',*,*,#10904,.F.);
#10928=EDGE_LOOP('',(#10923,#10925,#10926,#10927));
#10929=FACE_OUTER_BOUND('',#10928,.F.);
#10930=ADVANCED_FACE('',(#10929),#10922,.T.);
#10931=FILL_AREA_STYLE_COLOUR('',#23);
#10932=FILL_AREA_STYLE('',(#10931));
#10933=SURFACE_STYLE_FILL_AREA(#10932);
#10934=SURFACE_SIDE_STYLE('',(#10933));
#10935=SURFACE_STYLE_USAGE(.POSITIVE.,#10934);
#10936=PRESENTATION_STYLE_ASSIGNMENT((#10935));
#10937=STYLED_ITEM('',(#10936),#10930);
#10938=CARTESIAN_POINT('',(-9.869588103294E-2,-1.644212764055E-1,-3.1E0));
#10939=DIRECTION('',(1.E0,0.E0,0.E0));
#10940=DIRECTION('',(0.E0,-1.E0,0.E0));
#10941=AXIS2_PLACEMENT_3D('',#10938,#10939,#10940);
#10942=PLANE('',#10941);
#10943=ORIENTED_EDGE('',*,*,#4656,.F.);
#10944=ORIENTED_EDGE('',*,*,#10726,.T.);
#10945=ORIENTED_EDGE('',*,*,#9797,.T.);
#10946=ORIENTED_EDGE('',*,*,#10924,.F.);
#10947=EDGE_LOOP('',(#10943,#10944,#10945,#10946));
#10948=FACE_OUTER_BOUND('',#10947,.F.);
#10949=ADVANCED_FACE('',(#10948),#10942,.T.);
#10950=FILL_AREA_STYLE_COLOUR('',#23);
#10951=FILL_AREA_STYLE('',(#10950));
#10952=SURFACE_STYLE_FILL_AREA(#10951);
#10953=SURFACE_SIDE_STYLE('',(#10952));
#10954=SURFACE_STYLE_USAGE(.POSITIVE.,#10953);
#10955=PRESENTATION_STYLE_ASSIGNMENT((#10954));
#10956=STYLED_ITEM('',(#10955),#10949);
#10957=CARTESIAN_POINT('',(6.765625E-1,-6.88E-1,-3.1E0));
#10958=DIRECTION('',(0.E0,-1.E0,0.E0));
#10959=DIRECTION('',(-1.E0,0.E0,0.E0));
#10960=AXIS2_PLACEMENT_3D('',#10957,#10958,#10959);
#10961=PLANE('',#10960);
#10962=ORIENTED_EDGE('',*,*,#4680,.F.);
#10964=ORIENTED_EDGE('',*,*,#10963,.T.);
#10965=ORIENTED_EDGE('',*,*,#9814,.T.);
#10967=ORIENTED_EDGE('',*,*,#10966,.F.);
#10968=EDGE_LOOP('',(#10962,#10964,#10965,#10967));
#10969=FACE_OUTER_BOUND('',#10968,.F.);
#10970=ADVANCED_FACE('',(#10969),#10961,.T.);
#10971=FILL_AREA_STYLE_COLOUR('',#23);
#10972=FILL_AREA_STYLE('',(#10971));
#10973=SURFACE_STYLE_FILL_AREA(#10972);
#10974=SURFACE_SIDE_STYLE('',(#10973));
#10975=SURFACE_STYLE_USAGE(.POSITIVE.,#10974);
#10976=PRESENTATION_STYLE_ASSIGNMENT((#10975));
#10977=STYLED_ITEM('',(#10976),#10970);
#10978=CARTESIAN_POINT('',(7.390833810329E-1,-6.752297887564E-1,-3.1E0));
#10979=DIRECTION('',(2.001232084928E-1,-9.797707392153E-1,0.E0));
#10980=DIRECTION('',(-9.797707392153E-1,-2.001232084928E-1,0.E0));
#10981=AXIS2_PLACEMENT_3D('',#10978,#10979,#10980);
#10982=PLANE('',#10981);
#10983=ORIENTED_EDGE('',*,*,#4706,.F.);
#10985=ORIENTED_EDGE('',*,*,#10984,.T.);
#10986=ORIENTED_EDGE('',*,*,#9816,.T.);
#10987=ORIENTED_EDGE('',*,*,#10963,.F.);
#10988=EDGE_LOOP('',(#10983,#10985,#10986,#10987));
#10989=FACE_OUTER_BOUND('',#10988,.F.);
#10990=ADVANCED_FACE('',(#10989),#10982,.T.);
#10991=FILL_AREA_STYLE_COLOUR('',#23);
#10992=FILL_AREA_STYLE('',(#10991));
#10993=SURFACE_STYLE_FILL_AREA(#10992);
#10994=SURFACE_SIDE_STYLE('',(#10993));
#10995=SURFACE_STYLE_USAGE(.POSITIVE.,#10994);
#10996=PRESENTATION_STYLE_ASSIGNMENT((#10995));
#10997=STYLED_ITEM('',(#10996),#10990);
#10998=CARTESIAN_POINT('',(7.891E-1,-6.496893662691E-1,-3.1E0));
#10999=DIRECTION('',(4.547774575564E-1,-8.906051112017E-1,0.E0));
#11000=DIRECTION('',(-8.906051112017E-1,-4.547774575564E-1,0.E0));
#11001=AXIS2_PLACEMENT_3D('',#10998,#10999,#11000);
#11002=PLANE('',#11001);
#11003=ORIENTED_EDGE('',*,*,#4704,.F.);
#11005=ORIENTED_EDGE('',*,*,#11004,.T.);
#11006=ORIENTED_EDGE('',*,*,#9818,.T.);
#11007=ORIENTED_EDGE('',*,*,#10984,.F.);
#11008=EDGE_LOOP('',(#11003,#11005,#11006,#11007));
#11009=FACE_OUTER_BOUND('',#11008,.F.);
#11010=ADVANCED_FACE('',(#11009),#11002,.T.);
#11011=FILL_AREA_STYLE_COLOUR('',#23);
#11012=FILL_AREA_STYLE('',(#11011));
#11013=SURFACE_STYLE_FILL_AREA(#11012);
#11014=SURFACE_SIDE_STYLE('',(#11013));
#11015=SURFACE_STYLE_USAGE(.POSITIVE.,#11014);
#11016=PRESENTATION_STYLE_ASSIGNMENT((#11015));
#11017=STYLED_ITEM('',(#11016),#11010);
#11018=CARTESIAN_POINT('',(8.391166189671E-1,-5.986085212946E-1,-3.1E0));
#11019=DIRECTION('',(7.145107183351E-1,-6.996244945571E-1,0.E0));
#11020=DIRECTION('',(-6.996244945571E-1,-7.145107183351E-1,0.E0));
#11021=AXIS2_PLACEMENT_3D('',#11018,#11019,#11020);
#11022=PLANE('',#11021);
#11023=ORIENTED_EDGE('',*,*,#4702,.F.);
#11025=ORIENTED_EDGE('',*,*,#11024,.T.);
#11026=ORIENTED_EDGE('',*,*,#9820,.T.);
#11027=ORIENTED_EDGE('',*,*,#11004,.F.);
#11028=EDGE_LOOP('',(#11023,#11025,#11026,#11027));
#11029=FACE_OUTER_BOUND('',#11028,.F.);
#11030=ADVANCED_FACE('',(#11029),#11022,.T.);
#11031=FILL_AREA_STYLE_COLOUR('',#23);
#11032=FILL_AREA_STYLE('',(#11031));
#11033=SURFACE_STYLE_FILL_AREA(#11032);
#11034=SURFACE_SIDE_STYLE('',(#11033));
#11035=SURFACE_STYLE_USAGE(.POSITIVE.,#11034);
#11036=PRESENTATION_STYLE_ASSIGNMENT((#11035));
#11037=STYLED_ITEM('',(#11036),#11030);
#11038=CARTESIAN_POINT('',(8.64125E-1,-5.475276763201E-1,-3.1E0));
#11039=DIRECTION('',(8.981377659536E-1,-4.397141723527E-1,0.E0));
#11040=DIRECTION('',(-4.397141723527E-1,-8.981377659536E-1,0.E0));
#11041=AXIS2_PLACEMENT_3D('',#11038,#11039,#11040);
#11042=PLANE('',#11041);
#11043=ORIENTED_EDGE('',*,*,#4700,.F.);
#11045=ORIENTED_EDGE('',*,*,#11044,.T.);
#11046=ORIENTED_EDGE('',*,*,#9822,.T.);
#11047=ORIENTED_EDGE('',*,*,#11024,.F.);
#11048=EDGE_LOOP('',(#11043,#11045,#11046,#11047));
#11049=FACE_OUTER_BOUND('',#11048,.F.);
#11050=ADVANCED_FACE('',(#11049),#11042,.T.);
#11051=FILL_AREA_STYLE_COLOUR('',#23);
#11052=FILL_AREA_STYLE('',(#11051));
#11053=SURFACE_STYLE_FILL_AREA(#11052);
#11054=SURFACE_SIDE_STYLE('',(#11053));
#11055=SURFACE_STYLE_USAGE(.POSITIVE.,#11054);
#11056=PRESENTATION_STYLE_ASSIGNMENT((#11055));
#11057=STYLED_ITEM('',(#11056),#11050);
#11058=CARTESIAN_POINT('',(8.766291189671E-1,-4.836765843272E-1,-3.1E0));
#11059=DIRECTION('',(9.813592930674E-1,-1.921820436730E-1,0.E0));
#11060=DIRECTION('',(-1.921820436730E-1,-9.813592930674E-1,0.E0));
#11061=AXIS2_PLACEMENT_3D('',#11058,#11059,#11060);
#11062=PLANE('',#11061);
#11063=ORIENTED_EDGE('',*,*,#4698,.F.);
#11065=ORIENTED_EDGE('',*,*,#11064,.T.);
#11066=ORIENTED_EDGE('',*,*,#9824,.T.);
#11067=ORIENTED_EDGE('',*,*,#11044,.F.);
#11068=EDGE_LOOP('',(#11063,#11065,#11066,#11067));
#11069=FACE_OUTER_BOUND('',#11068,.F.);
#11070=ADVANCED_FACE('',(#11069),#11062,.T.);
#11071=FILL_AREA_STYLE_COLOUR('',#23);
#11072=FILL_AREA_STYLE('',(#11071));
#11073=SURFACE_STYLE_FILL_AREA(#11072);
#11074=SURFACE_SIDE_STYLE('',(#11073));
#11075=SURFACE_STYLE_USAGE(.POSITIVE.,#11074);
#11076=PRESENTATION_STYLE_ASSIGNMENT((#11075));
#11077=STYLED_ITEM('',(#11076),#11070);
#11078=CARTESIAN_POINT('',(8.766291189671E-1,-2.921233977854E-1,-3.1E0));
#11079=DIRECTION('',(1.E0,0.E0,0.E0));
#11080=DIRECTION('',(0.E0,-1.E0,0.E0));
#11081=AXIS2_PLACEMENT_3D('',#11078,#11079,#11080);
#11082=PLANE('',#11081);
#11083=ORIENTED_EDGE('',*,*,#4696,.F.);
#11085=ORIENTED_EDGE('',*,*,#11084,.T.);
#11086=ORIENTED_EDGE('',*,*,#9826,.T.);
#11087=ORIENTED_EDGE('',*,*,#11064,.F.);
#11088=EDGE_LOOP('',(#11083,#11085,#11086,#11087));
#11089=FACE_OUTER_BOUND('',#11088,.F.);
#11090=ADVANCED_FACE('',(#11089),#11082,.T.);
#11091=FILL_AREA_STYLE_COLOUR('',#23);
#11092=FILL_AREA_STYLE('',(#11091));
#11093=SURFACE_STYLE_FILL_AREA(#11092);
#11094=SURFACE_SIDE_STYLE('',(#11093));
#11095=SURFACE_STYLE_USAGE(.POSITIVE.,#11094);
#11096=PRESENTATION_STYLE_ASSIGNMENT((#11095));
#11097=STYLED_ITEM('',(#11096),#11090);
#11098=CARTESIAN_POINT('',(8.64125E-1,-2.282723415673E-1,-3.1E0));
#11099=DIRECTION('',(9.813592727596E-1,1.921821473726E-1,0.E0));
#11100=DIRECTION('',(1.921821473726E-1,-9.813592727596E-1,0.E0));
#11101=AXIS2_PLACEMENT_3D('',#11098,#11099,#11100);
#11102=PLANE('',#11101);
#11103=ORIENTED_EDGE('',*,*,#4694,.F.);
#11105=ORIENTED_EDGE('',*,*,#11104,.T.);
#11106=ORIENTED_EDGE('',*,*,#9828,.T.);
#11107=ORIENTED_EDGE('',*,*,#11084,.F.);
#11108=EDGE_LOOP('',(#11103,#11105,#11106,#11107));
#11109=FACE_OUTER_BOUND('',#11108,.F.);
#11110=ADVANCED_FACE('',(#11109),#11102,.T.);
#11111=FILL_AREA_STYLE_COLOUR('',#23);
#11112=FILL_AREA_STYLE('',(#11111));
#11113=SURFACE_STYLE_FILL_AREA(#11112);
#11114=SURFACE_SIDE_STYLE('',(#11113));
#11115=SURFACE_STYLE_USAGE(.POSITIVE.,#11114);
#11116=PRESENTATION_STYLE_ASSIGNMENT((#11115));
#11117=STYLED_ITEM('',(#11116),#11110);
#11118=CARTESIAN_POINT('',(8.391166189671E-1,-1.771914876491E-1,-3.1E0));
#11119=DIRECTION('',(8.981377963584E-1,4.397141102494E-1,0.E0));
#11120=DIRECTION('',(4.397141102494E-1,-8.981377963584E-1,0.E0));
#11121=AXIS2_PLACEMENT_3D('',#11118,#11119,#11120);
#11122=PLANE('',#11121);
#11123=ORIENTED_EDGE('',*,*,#4692,.F.);
#11125=ORIENTED_EDGE('',*,*,#11124,.T.);
#11126=ORIENTED_EDGE('',*,*,#9830,.T.);
#11127=ORIENTED_EDGE('',*,*,#11104,.F.);
#11128=EDGE_LOOP('',(#11123,#11125,#11126,#11127));
#11129=FACE_OUTER_BOUND('',#11128,.F.);
#11130=ADVANCED_FACE('',(#11129),#11122,.T.);
#11131=FILL_AREA_STYLE_COLOUR('',#23);
#11132=FILL_AREA_STYLE('',(#11131));
#11133=SURFACE_STYLE_FILL_AREA(#11132);
#11134=SURFACE_SIDE_STYLE('',(#11133));
#11135=SURFACE_STYLE_USAGE(.POSITIVE.,#11134);
#11136=PRESENTATION_STYLE_ASSIGNMENT((#11135));
#11137=STYLED_ITEM('',(#11136),#11130);
#11138=CARTESIAN_POINT('',(7.891E-1,-1.261106382027E-1,-3.1E0));
#11139=DIRECTION('',(7.145107489524E-1,6.996244632883E-1,0.E0));
#11140=DIRECTION('',(6.996244632883E-1,-7.145107489524E-1,0.E0));
#11141=AXIS2_PLACEMENT_3D('',#11138,#11139,#11140);
#11142=PLANE('',#11141);
#11143=ORIENTED_EDGE('',*,*,#4690,.F.);
#11145=ORIENTED_EDGE('',*,*,#11144,.T.);
#11146=ORIENTED_EDGE('',*,*,#9832,.T.);
#11147=ORIENTED_EDGE('',*,*,#11124,.F.);
#11148=EDGE_LOOP('',(#11143,#11145,#11146,#11147));
#11149=FACE_OUTER_BOUND('',#11148,.F.);
#11150=ADVANCED_FACE('',(#11149),#11142,.T.);
#11151=FILL_AREA_STYLE_COLOUR('',#23);
#11152=FILL_AREA_STYLE('',(#11151));
#11153=SURFACE_STYLE_FILL_AREA(#11152);
#11154=SURFACE_SIDE_STYLE('',(#11153));
#11155=SURFACE_STYLE_USAGE(.POSITIVE.,#11154);
#11156=PRESENTATION_STYLE_ASSIGNMENT((#11155));
#11157=STYLED_ITEM('',(#11156),#11150);
#11158=CARTESIAN_POINT('',(7.390833810329E-1,-1.005702123616E-1,-3.1E0));
#11159=DIRECTION('',(4.547775049247E-1,8.906050870136E-1,0.E0));
#11160=DIRECTION('',(8.906050870136E-1,-4.547775049247E-1,0.E0));
#11161=AXIS2_PLACEMENT_3D('',#11158,#11159,#11160);
#11162=PLANE('',#11161);
#11163=ORIENTED_EDGE('',*,*,#4688,.F.);
#11165=ORIENTED_EDGE('',*,*,#11164,.T.);
#11166=ORIENTED_EDGE('',*,*,#9834,.T.);
#11167=ORIENTED_EDGE('',*,*,#11144,.F.);
#11168=EDGE_LOOP('',(#11163,#11165,#11166,#11167));
#11169=FACE_OUTER_BOUND('',#11168,.F.);
#11170=ADVANCED_FACE('',(#11169),#11162,.T.);
#11171=FILL_AREA_STYLE_COLOUR('',#23);
#11172=FILL_AREA_STYLE('',(#11171));
#11173=SURFACE_STYLE_FILL_AREA(#11172);
#11174=SURFACE_SIDE_STYLE('',(#11173));
#11175=SURFACE_STYLE_USAGE(.POSITIVE.,#11174);
#11176=PRESENTATION_STYLE_ASSIGNMENT((#11175));
#11177=STYLED_ITEM('',(#11176),#11170);
#11178=CARTESIAN_POINT('',(6.765625E-1,-8.78E-2,-3.1E0));
#11179=DIRECTION('',(2.001232253108E-1,9.797707357802E-1,0.E0));
#11180=DIRECTION('',(9.797707357802E-1,-2.001232253108E-1,0.E0));
#11181=AXIS2_PLACEMENT_3D('',#11178,#11179,#11180);
#11182=PLANE('',#11181);
#11183=ORIENTED_EDGE('',*,*,#4686,.F.);
#11185=ORIENTED_EDGE('',*,*,#11184,.T.);
#11186=ORIENTED_EDGE('',*,*,#9836,.T.);
#11187=ORIENTED_EDGE('',*,*,#11164,.F.);
#11188=EDGE_LOOP('',(#11183,#11185,#11186,#11187));
#11189=FACE_OUTER_BOUND('',#11188,.F.);
#11190=ADVANCED_FACE('',(#11189),#11182,.T.);
#11191=FILL_AREA_STYLE_COLOUR('',#23);
#11192=FILL_AREA_STYLE('',(#11191));
#11193=SURFACE_STYLE_FILL_AREA(#11192);
#11194=SURFACE_SIDE_STYLE('',(#11193));
#11195=SURFACE_STYLE_USAGE(.POSITIVE.,#11194);
#11196=PRESENTATION_STYLE_ASSIGNMENT((#11195));
#11197=STYLED_ITEM('',(#11196),#11190);
#11198=CARTESIAN_POINT('',(3.764625E-1,-8.78E-2,-3.1E0));
#11199=DIRECTION('',(0.E0,1.E0,0.E0));
#11200=DIRECTION('',(1.E0,0.E0,0.E0));
#11201=AXIS2_PLACEMENT_3D('',#11198,#11199,#11200);
#11202=PLANE('',#11201);
#11203=ORIENTED_EDGE('',*,*,#4684,.F.);
#11205=ORIENTED_EDGE('',*,*,#11204,.T.);
#11206=ORIENTED_EDGE('',*,*,#9838,.T.);
#11207=ORIENTED_EDGE('',*,*,#11184,.F.);
#11208=EDGE_LOOP('',(#11203,#11205,#11206,#11207));
#11209=FACE_OUTER_BOUND('',#11208,.F.);
#11210=ADVANCED_FACE('',(#11209),#11202,.T.);
#11211=FILL_AREA_STYLE_COLOUR('',#23);
#11212=FILL_AREA_STYLE('',(#11211));
#11213=SURFACE_STYLE_FILL_AREA(#11212);
#11214=SURFACE_SIDE_STYLE('',(#11213));
#11215=SURFACE_STYLE_USAGE(.POSITIVE.,#11214);
#11216=PRESENTATION_STYLE_ASSIGNMENT((#11215));
#11217=STYLED_ITEM('',(#11216),#11210);
#11218=CARTESIAN_POINT('',(3.764625E-1,-6.88E-1,-3.1E0));
#11219=DIRECTION('',(-1.E0,0.E0,0.E0));
#11220=DIRECTION('',(0.E0,1.E0,0.E0));
#11221=AXIS2_PLACEMENT_3D('',#11218,#11219,#11220);
#11222=PLANE('',#11221);
#11223=ORIENTED_EDGE('',*,*,#4682,.F.);
#11224=ORIENTED_EDGE('',*,*,#10966,.T.);
#11225=ORIENTED_EDGE('',*,*,#9840,.T.);
#11226=ORIENTED_EDGE('',*,*,#11204,.F.);
#11227=EDGE_LOOP('',(#11223,#11224,#11225,#11226));
#11228=FACE_OUTER_BOUND('',#11227,.F.);
#11229=ADVANCED_FACE('',(#11228),#11222,.T.);
#11230=FILL_AREA_STYLE_COLOUR('',#23);
#11231=FILL_AREA_STYLE('',(#11230));
#11232=SURFACE_STYLE_FILL_AREA(#11231);
#11233=SURFACE_SIDE_STYLE('',(#11232));
#11234=SURFACE_STYLE_USAGE(.POSITIVE.,#11233);
#11235=PRESENTATION_STYLE_ASSIGNMENT((#11234));
#11236=STYLED_ITEM('',(#11235),#11229);
#11237=CARTESIAN_POINT('',(4.514875E-1,-6.113787325382E-1,-3.1E0));
#11238=DIRECTION('',(0.E0,1.E0,0.E0));
#11239=DIRECTION('',(1.E0,0.E0,0.E0));
#11240=AXIS2_PLACEMENT_3D('',#11237,#11238,#11239);
#11241=PLANE('',#11240);
#11242=ORIENTED_EDGE('',*,*,#4741,.F.);
#11244=ORIENTED_EDGE('',*,*,#11243,.T.);
#11245=ORIENTED_EDGE('',*,*,#9844,.T.);
#11247=ORIENTED_EDGE('',*,*,#11246,.F.);
#11248=EDGE_LOOP('',(#11242,#11244,#11245,#11247));
#11249=FACE_OUTER_BOUND('',#11248,.F.);
#11250=ADVANCED_FACE('',(#11249),#11241,.T.);
#11251=FILL_AREA_STYLE_COLOUR('',#23);
#11252=FILL_AREA_STYLE('',(#11251));
#11253=SURFACE_STYLE_FILL_AREA(#11252);
#11254=SURFACE_SIDE_STYLE('',(#11253));
#11255=SURFACE_STYLE_USAGE(.POSITIVE.,#11254);
#11256=PRESENTATION_STYLE_ASSIGNMENT((#11255));
#11257=STYLED_ITEM('',(#11256),#11250);
#11258=CARTESIAN_POINT('',(4.514875E-1,-1.644212764055E-1,-3.1E0));
#11259=DIRECTION('',(1.E0,0.E0,0.E0));
#11260=DIRECTION('',(0.E0,-1.E0,0.E0));
#11261=AXIS2_PLACEMENT_3D('',#11258,#11259,#11260);
#11262=PLANE('',#11261);
#11263=ORIENTED_EDGE('',*,*,#4763,.F.);
#11265=ORIENTED_EDGE('',*,*,#11264,.T.);
#11266=ORIENTED_EDGE('',*,*,#9846,.T.);
#11267=ORIENTED_EDGE('',*,*,#11243,.F.);
#11268=EDGE_LOOP('',(#11263,#11265,#11266,#11267));
#11269=FACE_OUTER_BOUND('',#11268,.F.);
#11270=ADVANCED_FACE('',(#11269),#11262,.T.);
#11271=FILL_AREA_STYLE_COLOUR('',#23);
#11272=FILL_AREA_STYLE('',(#11271));
#11273=SURFACE_STYLE_FILL_AREA(#11272);
#11274=SURFACE_SIDE_STYLE('',(#11273));
#11275=SURFACE_STYLE_USAGE(.POSITIVE.,#11274);
#11276=PRESENTATION_STYLE_ASSIGNMENT((#11275));
#11277=STYLED_ITEM('',(#11276),#11270);
#11278=CARTESIAN_POINT('',(6.765625E-1,-1.644212764055E-1,-3.1E0));
#11279=DIRECTION('',(0.E0,-1.E0,0.E0));
#11280=DIRECTION('',(-1.E0,0.E0,0.E0));
#11281=AXIS2_PLACEMENT_3D('',#11278,#11279,#11280);
#11282=PLANE('',#11281);
#11283=ORIENTED_EDGE('',*,*,#4761,.F.);
#11285=ORIENTED_EDGE('',*,*,#11284,.T.);
#11286=ORIENTED_EDGE('',*,*,#9848,.T.);
#11287=ORIENTED_EDGE('',*,*,#11264,.F.);
#11288=EDGE_LOOP('',(#11283,#11285,#11286,#11287));
#11289=FACE_OUTER_BOUND('',#11288,.F.);
#11290=ADVANCED_FACE('',(#11289),#11282,.T.);
#11291=FILL_AREA_STYLE_COLOUR('',#23);
#11292=FILL_AREA_STYLE('',(#11291));
#11293=SURFACE_STYLE_FILL_AREA(#11292);
#11294=SURFACE_SIDE_STYLE('',(#11293));
#11295=SURFACE_STYLE_USAGE(.POSITIVE.,#11294);
#11296=PRESENTATION_STYLE_ASSIGNMENT((#11295));
#11297=STYLED_ITEM('',(#11296),#11290);
#11298=CARTESIAN_POINT('',(7.265791189671E-1,-1.771914876491E-1,-3.1E0));
#11299=DIRECTION('',(-2.473834390653E-1,-9.689176611437E-1,0.E0));
#11300=DIRECTION('',(-9.689176611437E-1,2.473834390653E-1,0.E0));
#11301=AXIS2_PLACEMENT_3D('',#11298,#11299,#11300);
#11302=PLANE('',#11301);
#11303=ORIENTED_EDGE('',*,*,#4759,.F.);
#11305=ORIENTED_EDGE('',*,*,#11304,.T.);
#11306=ORIENTED_EDGE('',*,*,#9850,.T.);
#11307=ORIENTED_EDGE('',*,*,#11284,.F.);
#11308=EDGE_LOOP('',(#11303,#11305,#11306,#11307));
#11309=FACE_OUTER_BOUND('',#11308,.F.);
#11310=ADVANCED_FACE('',(#11309),#11302,.T.);
#11311=FILL_AREA_STYLE_COLOUR('',#23);
#11312=FILL_AREA_STYLE('',(#11311));
#11313=SURFACE_STYLE_FILL_AREA(#11312);
#11314=SURFACE_SIDE_STYLE('',(#11313));
#11315=SURFACE_STYLE_USAGE(.POSITIVE.,#11314);
#11316=PRESENTATION_STYLE_ASSIGNMENT((#11315));
#11317=STYLED_ITEM('',(#11316),#11310);
#11318=CARTESIAN_POINT('',(7.640916189671E-1,-2.027319190800E-1,-3.1E0));
#11319=DIRECTION('',(-5.627910658975E-1,-8.265991871191E-1,0.E0));
#11320=DIRECTION('',(-8.265991871191E-1,5.627910658975E-1,0.E0));
#11321=AXIS2_PLACEMENT_3D('',#11318,#11319,#11320);
#11322=PLANE('',#11321);
#11323=ORIENTED_EDGE('',*,*,#4757,.F.);
#11325=ORIENTED_EDGE('',*,*,#11324,.T.);
#11326=ORIENTED_EDGE('',*,*,#9852,.T.);
#11327=ORIENTED_EDGE('',*,*,#11304,.F.);
#11328=EDGE_LOOP('',(#11323,#11325,#11326,#11327));
#11329=FACE_OUTER_BOUND('',#11328,.F.);
#11330=ADVANCED_FACE('',(#11329),#11322,.T.);
#11331=FILL_AREA_STYLE_COLOUR('',#23);
#11332=FILL_AREA_STYLE('',(#11331));
#11333=SURFACE_STYLE_FILL_AREA(#11332);
#11334=SURFACE_SIDE_STYLE('',(#11333));
#11335=SURFACE_STYLE_USAGE(.POSITIVE.,#11334);
#11336=PRESENTATION_STYLE_ASSIGNMENT((#11335));
#11337=STYLED_ITEM('',(#11336),#11330);
#11338=CARTESIAN_POINT('',(7.891E-1,-2.410425528109E-1,-3.1E0));
#11339=DIRECTION('',(-8.373786433120E-1,-5.466232777014E-1,0.E0));
#11340=DIRECTION('',(-5.466232777014E-1,8.373786433120E-1,0.E0));
#11341=AXIS2_PLACEMENT_3D('',#11338,#11339,#11340);
#11342=PLANE('',#11341);
#11343=ORIENTED_EDGE('',*,*,#4755,.F.);
#11345=ORIENTED_EDGE('',*,*,#11344,.T.);
#11346=ORIENTED_EDGE('',*,*,#9854,.T.);
#11347=ORIENTED_EDGE('',*,*,#11324,.F.);
#11348=EDGE_LOOP('',(#11343,#11345,#11346,#11347));
#11349=FACE_OUTER_BOUND('',#11348,.F.);
#11350=ADVANCED_FACE('',(#11349),#11342,.T.);
#11351=FILL_AREA_STYLE_COLOUR('',#23);
#11352=FILL_AREA_STYLE('',(#11351));
#11353=SURFACE_STYLE_FILL_AREA(#11352);
#11354=SURFACE_SIDE_STYLE('',(#11353));
#11355=SURFACE_STYLE_USAGE(.POSITIVE.,#11354);
#11356=PRESENTATION_STYLE_ASSIGNMENT((#11355));
#11357=STYLED_ITEM('',(#11356),#11350);
#11358=CARTESIAN_POINT('',(8.016041189671E-1,-2.921233977854E-1,-3.1E0));
#11359=DIRECTION('',(-9.713213633444E-1,-2.377704967206E-1,0.E0));
#11360=DIRECTION('',(-2.377704967206E-1,9.713213633444E-1,0.E0));
#11361=AXIS2_PLACEMENT_3D('',#11358,#11359,#11360);
#11362=PLANE('',#11361);
#11363=ORIENTED_EDGE('',*,*,#4753,.F.);
#11365=ORIENTED_EDGE('',*,*,#11364,.T.);
#11366=ORIENTED_EDGE('',*,*,#9856,.T.);
#11367=ORIENTED_EDGE('',*,*,#11344,.F.);
#11368=EDGE_LOOP('',(#11363,#11365,#11366,#11367));
#11369=FACE_OUTER_BOUND('',#11368,.F.);
#11370=ADVANCED_FACE('',(#11369),#11362,.T.);
#11371=FILL_AREA_STYLE_COLOUR('',#23);
#11372=FILL_AREA_STYLE('',(#11371));
#11373=SURFACE_STYLE_FILL_AREA(#11372);
#11374=SURFACE_SIDE_STYLE('',(#11373));
#11375=SURFACE_STYLE_USAGE(.POSITIVE.,#11374);
#11376=PRESENTATION_STYLE_ASSIGNMENT((#11375));
#11377=STYLED_ITEM('',(#11376),#11370);
#11378=CARTESIAN_POINT('',(8.016041189671E-1,-4.836765843272E-1,-3.1E0));
#11379=DIRECTION('',(-1.E0,0.E0,0.E0));
#11380=DIRECTION('',(0.E0,1.E0,0.E0));
#11381=AXIS2_PLACEMENT_3D('',#11378,#11379,#11380);
#11382=PLANE('',#11381);
#11383=ORIENTED_EDGE('',*,*,#4751,.F.);
#11385=ORIENTED_EDGE('',*,*,#11384,.T.);
#11386=ORIENTED_EDGE('',*,*,#9858,.T.);
#11387=ORIENTED_EDGE('',*,*,#11364,.F.);
#11388=EDGE_LOOP('',(#11383,#11385,#11386,#11387));
#11389=FACE_OUTER_BOUND('',#11388,.F.);
#11390=ADVANCED_FACE('',(#11389),#11382,.T.);
#11391=FILL_AREA_STYLE_COLOUR('',#23);
#11392=FILL_AREA_STYLE('',(#11391));
#11393=SURFACE_STYLE_FILL_AREA(#11392);
#11394=SURFACE_SIDE_STYLE('',(#11393));
#11395=SURFACE_STYLE_USAGE(.POSITIVE.,#11394);
#11396=PRESENTATION_STYLE_ASSIGNMENT((#11395));
#11397=STYLED_ITEM('',(#11396),#11390);
#11398=CARTESIAN_POINT('',(7.891E-1,-5.347574293017E-1,-3.1E0));
#11399=DIRECTION('',(-9.713213633444E-1,2.377704967206E-1,0.E0));
#11400=DIRECTION('',(2.377704967206E-1,9.713213633444E-1,0.E0));
#11401=AXIS2_PLACEMENT_3D('',#11398,#11399,#11400);
#11402=PLANE('',#11401);
#11403=ORIENTED_EDGE('',*,*,#4749,.F.);
#11405=ORIENTED_EDGE('',*,*,#11404,.T.);
#11406=ORIENTED_EDGE('',*,*,#9860,.T.);
#11407=ORIENTED_EDGE('',*,*,#11384,.F.);
#11408=EDGE_LOOP('',(#11403,#11405,#11406,#11407));
#11409=FACE_OUTER_BOUND('',#11408,.F.);
#11410=ADVANCED_FACE('',(#11409),#11402,.T.);
#11411=FILL_AREA_STYLE_COLOUR('',#23);
#11412=FILL_AREA_STYLE('',(#11411));
#11413=SURFACE_STYLE_FILL_AREA(#11412);
#11414=SURFACE_SIDE_STYLE('',(#11413));
#11415=SURFACE_STYLE_USAGE(.POSITIVE.,#11414);
#11416=PRESENTATION_STYLE_ASSIGNMENT((#11415));
#11417=STYLED_ITEM('',(#11416),#11410);
#11418=CARTESIAN_POINT('',(7.640916189671E-1,-5.730680988073E-1,-3.1E0));
#11419=DIRECTION('',(-8.373788769559E-1,5.466229197794E-1,0.E0));
#11420=DIRECTION('',(5.466229197794E-1,8.373788769559E-1,0.E0));
#11421=AXIS2_PLACEMENT_3D('',#11418,#11419,#11420);
#11422=PLANE('',#11421);
#11423=ORIENTED_EDGE('',*,*,#4747,.F.);
#11425=ORIENTED_EDGE('',*,*,#11424,.T.);
#11426=ORIENTED_EDGE('',*,*,#9862,.T.);
#11427=ORIENTED_EDGE('',*,*,#11404,.F.);
#11428=EDGE_LOOP('',(#11423,#11425,#11426,#11427));
#11429=FACE_OUTER_BOUND('',#11428,.F.);
#11430=ADVANCED_FACE('',(#11429),#11422,.T.);
#11431=FILL_AREA_STYLE_COLOUR('',#23);
#11432=FILL_AREA_STYLE('',(#11431));
#11433=SURFACE_STYLE_FILL_AREA(#11432);
#11434=SURFACE_SIDE_STYLE('',(#11433));
#11435=SURFACE_STYLE_USAGE(.POSITIVE.,#11434);
#11436=PRESENTATION_STYLE_ASSIGNMENT((#11435));
#11437=STYLED_ITEM('',(#11436),#11430);
#11438=CARTESIAN_POINT('',(7.265791189671E-1,-5.986085212946E-1,-3.1E0));
#11439=DIRECTION('',(-5.627909312417E-1,8.265992787996E-1,0.E0));
#11440=DIRECTION('',(8.265992787996E-1,5.627909312417E-1,0.E0));
#11441=AXIS2_PLACEMENT_3D('',#11438,#11439,#11440);
#11442=PLANE('',#11441);
#11443=ORIENTED_EDGE('',*,*,#4745,.F.);
#11445=ORIENTED_EDGE('',*,*,#11444,.T.);
#11446=ORIENTED_EDGE('',*,*,#9864,.T.);
#11447=ORIENTED_EDGE('',*,*,#11424,.F.);
#11448=EDGE_LOOP('',(#11443,#11445,#11446,#11447));
#11449=FACE_OUTER_BOUND('',#11448,.F.);
#11450=ADVANCED_FACE('',(#11449),#11442,.T.);
#11451=FILL_AREA_STYLE_COLOUR('',#23);
#11452=FILL_AREA_STYLE('',(#11451));
#11453=SURFACE_STYLE_FILL_AREA(#11452);
#11454=SURFACE_SIDE_STYLE('',(#11453));
#11455=SURFACE_STYLE_USAGE(.POSITIVE.,#11454);
#11456=PRESENTATION_STYLE_ASSIGNMENT((#11455));
#11457=STYLED_ITEM('',(#11456),#11450);
#11458=CARTESIAN_POINT('',(6.765625E-1,-6.113787325382E-1,-3.1E0));
#11459=DIRECTION('',(-2.473834390653E-1,9.689176611437E-1,0.E0));
#11460=DIRECTION('',(9.689176611437E-1,2.473834390653E-1,0.E0));
#11461=AXIS2_PLACEMENT_3D('',#11458,#11459,#11460);
#11462=PLANE('',#11461);
#11463=ORIENTED_EDGE('',*,*,#4743,.F.);
#11464=ORIENTED_EDGE('',*,*,#11246,.T.);
#11465=ORIENTED_EDGE('',*,*,#9866,.T.);
#11466=ORIENTED_EDGE('',*,*,#11444,.F.);
#11467=EDGE_LOOP('',(#11463,#11464,#11465,#11466));
#11468=FACE_OUTER_BOUND('',#11467,.F.);
#11469=ADVANCED_FACE('',(#11468),#11462,.T.);
#11470=FILL_AREA_STYLE_COLOUR('',#23);
#11471=FILL_AREA_STYLE('',(#11470));
#11472=SURFACE_STYLE_FILL_AREA(#11471);
#11473=SURFACE_SIDE_STYLE('',(#11472));
#11474=SURFACE_STYLE_USAGE(.POSITIVE.,#11473);
#11475=PRESENTATION_STYLE_ASSIGNMENT((#11474));
#11476=STYLED_ITEM('',(#11475),#11469);
#11477=CARTESIAN_POINT('',(1.2767625E0,-6.88E-1,-3.1E0));
#11478=DIRECTION('',(0.E0,-1.E0,0.E0));
#11479=DIRECTION('',(-1.E0,0.E0,0.E0));
#11480=AXIS2_PLACEMENT_3D('',#11477,#11478,#11479);
#11481=PLANE('',#11480);
#11482=ORIENTED_EDGE('',*,*,#4710,.F.);
#11484=ORIENTED_EDGE('',*,*,#11483,.T.);
#11485=ORIENTED_EDGE('',*,*,#9883,.T.);
#11487=ORIENTED_EDGE('',*,*,#11486,.F.);
#11488=EDGE_LOOP('',(#11482,#11484,#11485,#11487));
#11489=FACE_OUTER_BOUND('',#11488,.F.);
#11490=ADVANCED_FACE('',(#11489),#11481,.T.);
#11491=FILL_AREA_STYLE_COLOUR('',#23);
#11492=FILL_AREA_STYLE('',(#11491));
#11493=SURFACE_STYLE_FILL_AREA(#11492);
#11494=SURFACE_SIDE_STYLE('',(#11493));
#11495=SURFACE_STYLE_USAGE(.POSITIVE.,#11494);
#11496=PRESENTATION_STYLE_ASSIGNMENT((#11495));
#11497=STYLED_ITEM('',(#11496),#11490);
#11498=CARTESIAN_POINT('',(1.476829262066E0,-8.78E-2,-3.1E0));
#11499=DIRECTION('',(9.486832528138E-1,-3.162279017271E-1,0.E0));
#11500=DIRECTION('',(-3.162279017271E-1,-9.486832528138E-1,0.E0));
#11501=AXIS2_PLACEMENT_3D('',#11498,#11499,#11500);
#11502=PLANE('',#11501);
#11503=ORIENTED_EDGE('',*,*,#4724,.F.);
#11505=ORIENTED_EDGE('',*,*,#11504,.T.);
#11506=ORIENTED_EDGE('',*,*,#9885,.T.);
#11507=ORIENTED_EDGE('',*,*,#11483,.F.);
#11508=EDGE_LOOP('',(#11503,#11505,#11506,#11507));
#11509=FACE_OUTER_BOUND('',#11508,.F.);
#11510=ADVANCED_FACE('',(#11509),#11502,.T.);
#11511=FILL_AREA_STYLE_COLOUR('',#23);
#11512=FILL_AREA_STYLE('',(#11511));
#11513=SURFACE_STYLE_FILL_AREA(#11512);
#11514=SURFACE_SIDE_STYLE('',(#11513));
#11515=SURFACE_STYLE_USAGE(.POSITIVE.,#11514);
#11516=PRESENTATION_STYLE_ASSIGNMENT((#11515));
#11517=STYLED_ITEM('',(#11516),#11510);
#11518=CARTESIAN_POINT('',(1.401804262066E0,-8.78E-2,-3.1E0));
#11519=DIRECTION('',(0.E0,1.E0,0.E0));
#11520=DIRECTION('',(1.E0,0.E0,0.E0));
#11521=AXIS2_PLACEMENT_3D('',#11518,#11519,#11520);
#11522=PLANE('',#11521);
#11523=ORIENTED_EDGE('',*,*,#4722,.F.);
#11525=ORIENTED_EDGE('',*,*,#11524,.T.);
#11526=ORIENTED_EDGE('',*,*,#9887,.T.);
#11527=ORIENTED_EDGE('',*,*,#11504,.F.);
#11528=EDGE_LOOP('',(#11523,#11525,#11526,#11527));
#11529=FACE_OUTER_BOUND('',#11528,.F.);
#11530=ADVANCED_FACE('',(#11529),#11522,.T.);
#11531=FILL_AREA_STYLE_COLOUR('',#23);
#11532=FILL_AREA_STYLE('',(#11531));
#11533=SURFACE_STYLE_FILL_AREA(#11532);
#11534=SURFACE_SIDE_STYLE('',(#11533));
#11535=SURFACE_STYLE_USAGE(.POSITIVE.,#11534);
#11536=PRESENTATION_STYLE_ASSIGNMENT((#11535));
#11537=STYLED_ITEM('',(#11536),#11530);
#11538=CARTESIAN_POINT('',(1.3517875E0,-2.410425528109E-1,-3.1E0));
#11539=DIRECTION('',(-9.506450282288E-1,3.102805670740E-1,0.E0));
#11540=DIRECTION('',(3.102805670740E-1,9.506450282288E-1,0.E0));
#11541=AXIS2_PLACEMENT_3D('',#11538,#11539,#11540);
#11542=PLANE('',#11541);
#11543=ORIENTED_EDGE('',*,*,#4720,.F.);
#11545=ORIENTED_EDGE('',*,*,#11544,.T.);
#11546=ORIENTED_EDGE('',*,*,#9889,.T.);
#11547=ORIENTED_EDGE('',*,*,#11524,.F.);
#11548=EDGE_LOOP('',(#11543,#11545,#11546,#11547));
#11549=FACE_OUTER_BOUND('',#11548,.F.);
#11550=ADVANCED_FACE('',(#11549),#11542,.T.);
#11551=FILL_AREA_STYLE_COLOUR('',#23);
#11552=FILL_AREA_STYLE('',(#11551));
#11553=SURFACE_STYLE_FILL_AREA(#11552);
#11554=SURFACE_SIDE_STYLE('',(#11553));
#11555=SURFACE_STYLE_USAGE(.POSITIVE.,#11554);
#11556=PRESENTATION_STYLE_ASSIGNMENT((#11555));
#11557=STYLED_ITEM('',(#11556),#11550);
#11558=CARTESIAN_POINT('',(1.101704262066E0,-2.410425528109E-1,-3.1E0));
#11559=DIRECTION('',(0.E0,1.E0,0.E0));
#11560=DIRECTION('',(1.E0,0.E0,0.E0));
#11561=AXIS2_PLACEMENT_3D('',#11558,#11559,#11560);
#11562=PLANE('',#11561);
#11563=ORIENTED_EDGE('',*,*,#4718,.F.);
#11565=ORIENTED_EDGE('',*,*,#11564,.T.);
#11566=ORIENTED_EDGE('',*,*,#9891,.T.);
#11567=ORIENTED_EDGE('',*,*,#11544,.F.);
#11568=EDGE_LOOP('',(#11563,#11565,#11566,#11567));
#11569=FACE_OUTER_BOUND('',#11568,.F.);
#11570=ADVANCED_FACE('',(#11569),#11562,.T.);
#11571=FILL_AREA_STYLE_COLOUR('',#23);
#11572=FILL_AREA_STYLE('',(#11571));
#11573=SURFACE_STYLE_FILL_AREA(#11572);
#11574=SURFACE_SIDE_STYLE('',(#11573));
#11575=SURFACE_STYLE_USAGE(.POSITIVE.,#11574);
#11576=PRESENTATION_STYLE_ASSIGNMENT((#11575));
#11577=STYLED_ITEM('',(#11576),#11570);
#11578=CARTESIAN_POINT('',(1.0516875E0,-8.78E-2,-3.1E0));
#11579=DIRECTION('',(9.506450282288E-1,3.102805670740E-1,0.E0));
#11580=DIRECTION('',(3.102805670740E-1,-9.506450282288E-1,0.E0));
#11581=AXIS2_PLACEMENT_3D('',#11578,#11579,#11580);
#11582=PLANE('',#11581);
#11583=ORIENTED_EDGE('',*,*,#4716,.F.);
#11585=ORIENTED_EDGE('',*,*,#11584,.T.);
#11586=ORIENTED_EDGE('',*,*,#9893,.T.);
#11587=ORIENTED_EDGE('',*,*,#11564,.F.);
#11588=EDGE_LOOP('',(#11583,#11585,#11586,#11587));
#11589=FACE_OUTER_BOUND('',#11588,.F.);
#11590=ADVANCED_FACE('',(#11589),#11582,.T.);
#11591=FILL_AREA_STYLE_COLOUR('',#23);
#11592=FILL_AREA_STYLE('',(#11591));
#11593=SURFACE_STYLE_FILL_AREA(#11592);
#11594=SURFACE_SIDE_STYLE('',(#11593));
#11595=SURFACE_STYLE_USAGE(.POSITIVE.,#11594);
#11596=PRESENTATION_STYLE_ASSIGNMENT((#11595));
#11597=STYLED_ITEM('',(#11596),#11590);
#11598=CARTESIAN_POINT('',(9.766625E-1,-8.78E-2,-3.1E0));
#11599=DIRECTION('',(0.E0,1.E0,0.E0));
#11600=DIRECTION('',(1.E0,0.E0,0.E0));
#11601=AXIS2_PLACEMENT_3D('',#11598,#11599,#11600);
#11602=PLANE('',#11601);
#11603=ORIENTED_EDGE('',*,*,#4714,.F.);
#11605=ORIENTED_EDGE('',*,*,#11604,.T.);
#11606=ORIENTED_EDGE('',*,*,#9895,.T.);
#11607=ORIENTED_EDGE('',*,*,#11584,.F.);
#11608=EDGE_LOOP('',(#11603,#11605,#11606,#11607));
#11609=FACE_OUTER_BOUND('',#11608,.F.);
#11610=ADVANCED_FACE('',(#11609),#11602,.T.);
#11611=FILL_AREA_STYLE_COLOUR('',#23);
#11612=FILL_AREA_STYLE('',(#11611));
#11613=SURFACE_STYLE_FILL_AREA(#11612);
#11614=SURFACE_SIDE_STYLE('',(#11613));
#11615=SURFACE_STYLE_USAGE(.POSITIVE.,#11614);
#11616=PRESENTATION_STYLE_ASSIGNMENT((#11615));
#11617=STYLED_ITEM('',(#11616),#11610);
#11618=CARTESIAN_POINT('',(1.176729262066E0,-6.88E-1,-3.1E0));
#11619=DIRECTION('',(-9.486832528138E-1,-3.162279017271E-1,0.E0));
#11620=DIRECTION('',(-3.162279017271E-1,9.486832528138E-1,0.E0));
#11621=AXIS2_PLACEMENT_3D('',#11618,#11619,#11620);
#11622=PLANE('',#11621);
#11623=ORIENTED_EDGE('',*,*,#4712,.F.);
#11624=ORIENTED_EDGE('',*,*,#11486,.T.);
#11625=ORIENTED_EDGE('',*,*,#9897,.T.);
#11626=ORIENTED_EDGE('',*,*,#11604,.F.);
#11627=EDGE_LOOP('',(#11623,#11624,#11625,#11626));
#11628=FACE_OUTER_BOUND('',#11627,.F.);
#11629=ADVANCED_FACE('',(#11628),#11622,.T.);
#11630=FILL_AREA_STYLE_COLOUR('',#23);
#11631=FILL_AREA_STYLE('',(#11630));
#11632=SURFACE_STYLE_FILL_AREA(#11631);
#11633=SURFACE_SIDE_STYLE('',(#11632));
#11634=SURFACE_STYLE_USAGE(.POSITIVE.,#11633);
#11635=PRESENTATION_STYLE_ASSIGNMENT((#11634));
#11636=STYLED_ITEM('',(#11635),#11629);
#11637=CARTESIAN_POINT('',(1.226745737934E0,-6.369191550255E-1,-3.1E0));
#11638=DIRECTION('',(-9.506452063546E-1,3.102800213276E-1,0.E0));
#11639=DIRECTION('',(3.102800213276E-1,9.506452063546E-1,0.E0));
#11640=AXIS2_PLACEMENT_3D('',#11637,#11638,#11639);
#11641=PLANE('',#11640);
#11642=ORIENTED_EDGE('',*,*,#4780,.F.);
#11644=ORIENTED_EDGE('',*,*,#11643,.T.);
#11645=ORIENTED_EDGE('',*,*,#9901,.T.);
#11647=ORIENTED_EDGE('',*,*,#11646,.F.);
#11648=EDGE_LOOP('',(#11642,#11644,#11645,#11647));
#11649=FACE_OUTER_BOUND('',#11648,.F.);
#11650=ADVANCED_FACE('',(#11649),#11641,.T.);
#11651=FILL_AREA_STYLE_COLOUR('',#23);
#11652=FILL_AREA_STYLE('',(#11651));
#11653=SURFACE_STYLE_FILL_AREA(#11652);
#11654=SURFACE_SIDE_STYLE('',(#11653));
#11655=SURFACE_STYLE_USAGE(.POSITIVE.,#11654);
#11656=PRESENTATION_STYLE_ASSIGNMENT((#11655));
#11657=STYLED_ITEM('',(#11656),#11650);
#11658=CARTESIAN_POINT('',(1.114208237934E0,-2.921233977854E-1,-3.1E0));
#11659=DIRECTION('',(9.506452063546E-1,3.102800213276E-1,0.E0));
#11660=DIRECTION('',(3.102800213276E-1,-9.506452063546E-1,0.E0));
#11661=AXIS2_PLACEMENT_3D('',#11658,#11659,#11660);
#11662=PLANE('',#11661);
#11663=ORIENTED_EDGE('',*,*,#4784,.F.);
#11665=ORIENTED_EDGE('',*,*,#11664,.T.);
#11666=ORIENTED_EDGE('',*,*,#9903,.T.);
#11667=ORIENTED_EDGE('',*,*,#11643,.F.);
#11668=EDGE_LOOP('',(#11663,#11665,#11666,#11667));
#11669=FACE_OUTER_BOUND('',#11668,.F.);
#11670=ADVANCED_FACE('',(#11669),#11662,.T.);
#11671=FILL_AREA_STYLE_COLOUR('',#23);
#11672=FILL_AREA_STYLE('',(#11671));
#11673=SURFACE_STYLE_FILL_AREA(#11672);
#11674=SURFACE_SIDE_STYLE('',(#11673));
#11675=SURFACE_STYLE_USAGE(.POSITIVE.,#11674);
#11676=PRESENTATION_STYLE_ASSIGNMENT((#11675));
#11677=STYLED_ITEM('',(#11676),#11670);
#11678=CARTESIAN_POINT('',(1.339283237934E0,-2.921233977854E-1,-3.1E0));
#11679=DIRECTION('',(0.E0,-1.E0,0.E0));
#11680=DIRECTION('',(-1.E0,0.E0,0.E0));
#11681=AXIS2_PLACEMENT_3D('',#11678,#11679,#11680);
#11682=PLANE('',#11681);
#11683=ORIENTED_EDGE('',*,*,#4782,.F.);
#11684=ORIENTED_EDGE('',*,*,#11646,.T.);
#11685=ORIENTED_EDGE('',*,*,#9905,.T.);
#11686=ORIENTED_EDGE('',*,*,#11664,.F.);
#11687=EDGE_LOOP('',(#11683,#11684,#11685,#11686));
#11688=FACE_OUTER_BOUND('',#11687,.F.);
#11689=ADVANCED_FACE('',(#11688),#11682,.T.);
#11690=FILL_AREA_STYLE_COLOUR('',#23);
#11691=FILL_AREA_STYLE('',(#11690));
#11692=SURFACE_STYLE_FILL_AREA(#11691);
#11693=SURFACE_SIDE_STYLE('',(#11692));
#11694=SURFACE_STYLE_USAGE(.POSITIVE.,#11693);
#11695=PRESENTATION_STYLE_ASSIGNMENT((#11694));
#11696=STYLED_ITEM('',(#11695),#11689);
#11697=CLOSED_SHELL('',(#4516,#4728,#4767,#4788,#4810,#5051,#5074,#5095,#5117,
#5151,#5191,#5211,#5231,#5250,#5280,#5301,#5330,#5350,#5370,#5390,#5410,#5430,
#5449,#5479,#5500,#5521,#5542,#5563,#5584,#5605,#5625,#5648,#5667,#5689,#5711,
#5729,#5749,#5768,#5790,#5825,#5846,#5880,#5900,#5920,#5939,#5958,#5979,#6013,
#6075,#6109,#6130,#6163,#6184,#6205,#6226,#6247,#6268,#6289,#6310,#6343,#6364,
#6385,#6406,#6427,#6447,#6467,#6487,#6507,#6527,#6547,#6567,#6587,#6607,#6627,
#6647,#6667,#6687,#6707,#6727,#6747,#6767,#6788,#6808,#6829,#6849,#6870,#6890,
#6911,#6931,#6952,#6972,#6993,#7012,#7031,#7052,#7074,#7136,#7158,#7179,#7212,
#7232,#7252,#7272,#7292,#7312,#7333,#7353,#7386,#7406,#7427,#7447,#7480,#7500,
#7521,#7541,#7562,#7582,#7603,#7623,#7644,#7664,#7685,#7705,#7726,#7746,#7767,
#7787,#7820,#7840,#7861,#7881,#7902,#7922,#7943,#7963,#7984,#8004,#8025,#8045,
#8078,#8097,#8116,#8138,#8159,#8180,#8201,#8222,#8243,#8264,#8285,#8306,#8327,
#8348,#8369,#8390,#8411,#8432,#8453,#8474,#8495,#8516,#8537,#8558,#8579,#8600,
#8621,#8642,#8663,#8684,#8705,#8726,#8747,#8768,#8789,#8810,#8831,#8852,#8873,
#8894,#8915,#8936,#8956,#9011,#9056,#9077,#9097,#9117,#9137,#9157,#9177,#9197,
#9217,#9237,#9257,#9276,#9297,#9317,#9336,#9358,#9380,#9401,#9420,#9439,#9461,
#9483,#9503,#9523,#9542,#9563,#9584,#9605,#9626,#9646,#9667,#9762,#9801,#9870,
#9909,#9930,#9950,#9970,#9990,#10010,#10030,#10050,#10070,#10090,#10110,#10130,
#10150,#10170,#10190,#10210,#10230,#10250,#10270,#10290,#10310,#10330,#10350,
#10370,#10390,#10410,#10430,#10450,#10470,#10490,#10510,#10530,#10550,#10570,
#10590,#10610,#10630,#10650,#10670,#10690,#10709,#10730,#10750,#10770,#10790,
#10810,#10830,#10850,#10870,#10890,#10910,#10930,#10949,#10970,#10990,#11010,
#11030,#11050,#11070,#11090,#11110,#11130,#11150,#11170,#11190,#11210,#11229,
#11250,#11270,#11290,#11310,#11330,#11350,#11370,#11390,#11410,#11430,#11450,
#11469,#11490,#11510,#11530,#11550,#11570,#11590,#11610,#11629,#11650,#11670,
#11689));
#11698=MANIFOLD_SOLID_BREP('',#11697);
#11699=CARTESIAN_POINT('',(-3.625E0,3.165E0,-6.9E0));
#11700=DIRECTION('',(-1.E0,0.E0,0.E0));
#11701=DIRECTION('',(0.E0,9.661738801985E-1,-2.578915144438E-1));
#11702=AXIS2_PLACEMENT_3D('',#11699,#11700,#11701);
#11704=CARTESIAN_POINT('',(-3.384671441016E0,2.665E0,-6.9E0));
#11705=CARTESIAN_POINT('',(-3.381408832091E0,2.665E0,-6.921627226662E0));
#11706=CARTESIAN_POINT('',(-3.376570902343E0,2.667799685268E0,
-6.964828075099E0));
#11707=CARTESIAN_POINT('',(-3.375E0,2.676237201617E0,-7.007681521236E0));
#11708=CARTESIAN_POINT('',(-3.375E0,2.681913059901E0,-7.028945757222E0));
#11710=DIRECTION('',(0.E0,-1.E0,0.E0));
#11711=VECTOR('',#11710,1.E0);
#11712=CARTESIAN_POINT('',(-3.447930978121E0,3.665E0,-6.681428341735E0));
#11713=LINE('',#11712,#11711);
#11714=CARTESIAN_POINT('',(-3.375E0,3.648086940099E0,-7.028945757222E0));
#11715=CARTESIAN_POINT('',(-3.375E0,3.653755265799E0,-7.007709741576E0));
#11716=CARTESIAN_POINT('',(-3.376566574275E0,3.662192665483E0,
-6.964886914519E0));
#11717=CARTESIAN_POINT('',(-3.381404475027E0,3.665E0,-6.921656108829E0));
#11718=CARTESIAN_POINT('',(-3.384671441016E0,3.665E0,-6.9E0));
#11720=DIRECTION('',(0.E0,0.E0,1.E0));
#11721=VECTOR('',#11720,1.261770071880E0);
#11722=CARTESIAN_POINT('',(-3.625E0,2.665E0,-4.669070071880E0));
#11723=LINE('',#11722,#11721);
#11724=DIRECTION('',(0.E0,0.E0,-1.E0));
#11725=VECTOR('',#11724,1.261770071880E0);
#11726=CARTESIAN_POINT('',(-3.375E0,2.665E0,-3.4073E0));
#11727=LINE('',#11726,#11725);
#11728=CARTESIAN_POINT('',(-4.244748313552E0,2.665E0,-4.669070071880E0));
#11729=DIRECTION('',(0.E0,1.E0,0.E0));
#11730=DIRECTION('',(1.E0,0.E0,0.E0));
#11731=AXIS2_PLACEMENT_3D('',#11728,#11729,#11730);
#11733=DIRECTION('',(-4.351996720534E-1,0.E0,-9.003339632851E-1));
#11734=VECTOR('',#11733,7.483238997954E-1);
#11735=CARTESIAN_POINT('',(-3.461684367351E0,2.665E0,-5.047584252707E0));
#11736=LINE('',#11735,#11734);
#11737=CARTESIAN_POINT('',(-3.594251555568E0,2.665E0,-5.814667058778E0));
#11738=DIRECTION('',(0.E0,-1.E0,0.E0));
#11739=DIRECTION('',(-9.003339632851E-1,0.E0,4.351996720534E-1));
#11740=AXIS2_PLACEMENT_3D('',#11737,#11738,#11739);
#11742=DIRECTION('',(4.020196913881E-1,0.E0,-9.156310216109E-1));
#11743=VECTOR('',#11742,8.524572723956E-1);
#11744=CARTESIAN_POINT('',(-3.790635587691E0,2.665E0,-5.900892018532E0));
#11745=LINE('',#11744,#11743);
#11746=CARTESIAN_POINT('',(-4.239428840007E0,2.665E0,-7.028945757222E0));
#11747=DIRECTION('',(0.E0,1.E0,0.E0));
#11748=DIRECTION('',(9.156310216109E-1,0.E0,4.020196913881E-1));
#11749=AXIS2_PLACEMENT_3D('',#11746,#11747,#11748);
#11751=DIRECTION('',(1.E0,0.E0,0.E0));
#11752=VECTOR('',#11751,2.540113701847E-1);
#11753=CARTESIAN_POINT('',(-3.638682811200E0,2.665E0,-6.9E0));
#11754=LINE('',#11753,#11752);
#11755=CARTESIAN_POINT('',(-4.239428840007E0,2.665E0,-7.028945757222E0));
#11756=DIRECTION('',(0.E0,-1.E0,0.E0));
#11757=DIRECTION('',(9.777308447951E-1,0.E0,2.098628007444E-1));
#11758=AXIS2_PLACEMENT_3D('',#11755,#11756,#11757);
#11760=DIRECTION('',(-4.020196913881E-1,0.E0,9.156310216109E-1));
#11761=VECTOR('',#11760,8.524572723956E-1);
#11762=CARTESIAN_POINT('',(-3.676838733524E0,2.665E0,-6.781933264583E0));
#11763=LINE('',#11762,#11761);
#11764=CARTESIAN_POINT('',(-3.594251555568E0,2.665E0,-5.814667058778E0));
#11765=DIRECTION('',(0.E0,1.E0,0.E0));
#11766=DIRECTION('',(-9.156310216109E-1,0.E0,-4.020196913881E-1));
#11767=AXIS2_PLACEMENT_3D('',#11764,#11765,#11766);
#11769=DIRECTION('',(4.351996720534E-1,0.E0,9.003339632851E-1));
#11770=VECTOR('',#11769,7.483238997954E-1);
#11771=CARTESIAN_POINT('',(-4.012438173953E0,2.665E0,-5.612525757217E0));
#11772=LINE('',#11771,#11770);
#11773=CARTESIAN_POINT('',(-4.244748313552E0,2.665E0,-4.669070071880E0));
#11774=DIRECTION('',(0.E0,-1.E0,0.E0));
#11775=DIRECTION('',(9.003339632851E-1,0.E0,-4.351996720534E-1));
#11776=AXIS2_PLACEMENT_3D('',#11773,#11774,#11775);
#11778=DIRECTION('',(0.E0,0.E0,1.E0));
#11779=VECTOR('',#11778,3.1E0);
#11780=CARTESIAN_POINT('',(-3.625E0,-1.635E0,0.E0));
#11781=LINE('',#11780,#11779);
#11782=DIRECTION('',(0.E0,1.E0,0.E0));
#11783=VECTOR('',#11782,3.8E0);
#11784=CARTESIAN_POINT('',(-3.625E0,-1.635E0,0.E0));
#11785=LINE('',#11784,#11783);
#11786=DIRECTION('',(0.E0,0.E0,-1.E0));
#11787=VECTOR('',#11786,1.210633397085E0);
#11788=CARTESIAN_POINT('',(-3.625E0,2.415E0,-2.5E-1));
#11789=LINE('',#11788,#11787);
#11790=DIRECTION('',(0.E0,-8.505945695460E-1,-5.258220975376E-1));
#11791=VECTOR('',#11790,2.954299426235E0);
#11792=CARTESIAN_POINT('',(-3.625E0,2.296455524384E0,-1.673282039471E0));
#11793=LINE('',#11792,#11791);
#11794=CARTESIAN_POINT('',(-3.625E0,-8.5E-2,-3.439366602915E0));
#11795=DIRECTION('',(-1.E0,0.E0,0.E0));
#11796=DIRECTION('',(0.E0,-1.E0,0.E0));
#11797=AXIS2_PLACEMENT_3D('',#11794,#11795,#11796);
#11799=DIRECTION('',(0.E0,0.E0,-1.E0));
#11800=VECTOR('',#11799,3.106333970850E-1);
#11801=CARTESIAN_POINT('',(-3.625E0,-3.35E-1,-3.439366602915E0));
#11802=LINE('',#11801,#11800);
#11803=CARTESIAN_POINT('',(-3.625E0,-8.5E-2,-3.75E0));
#11804=DIRECTION('',(-1.E0,0.E0,0.E0));
#11805=DIRECTION('',(0.E0,0.E0,-1.E0));
#11806=AXIS2_PLACEMENT_3D('',#11803,#11804,#11805);
#11808=DIRECTION('',(0.E0,1.E0,0.E0));
#11809=VECTOR('',#11808,1.202729951915E0);
#11810=CARTESIAN_POINT('',(-3.625E0,-8.5E-2,-4.E0));
#11811=LINE('',#11810,#11809);
#11812=DIRECTION('',(0.E0,-7.443593334209E-1,-6.677792919440E-1));
#11813=VECTOR('',#11812,8.875687029387E-1);
#11814=CARTESIAN_POINT('',(-3.625E0,1.7784E0,-3.4073E0));
#11815=LINE('',#11814,#11813);
#11816=DIRECTION('',(0.E0,-1.E0,0.E0));
#11817=VECTOR('',#11816,8.866E-1);
#11818=CARTESIAN_POINT('',(-3.625E0,2.665E0,-3.4073E0));
#11819=LINE('',#11818,#11817);
#11820=DIRECTION('',(0.E0,-1.E0,0.E0));
#11821=VECTOR('',#11820,1.E0);
#11822=CARTESIAN_POINT('',(-3.625E0,3.665E0,-4.669070071880E0));
#11823=LINE('',#11822,#11821);
#11824=DIRECTION('',(0.E0,1.E0,0.E0));
#11825=VECTOR('',#11824,5.E-1);
#11826=CARTESIAN_POINT('',(-3.625E0,3.915E0,-4.E0));
#11827=LINE('',#11826,#11825);
#11828=CARTESIAN_POINT('',(-3.625E0,4.415E0,-3.75E0));
#11829=DIRECTION('',(-1.E0,0.E0,0.E0));
#11830=DIRECTION('',(0.E0,1.E0,0.E0));
#11831=AXIS2_PLACEMENT_3D('',#11828,#11829,#11830);
#11833=DIRECTION('',(0.E0,0.E0,1.E0));
#11834=VECTOR('',#11833,2.75E0);
#11835=CARTESIAN_POINT('',(-3.625E0,4.665E0,-3.75E0));
#11836=LINE('',#11835,#11834);
#11837=DIRECTION('',(0.E0,-3.536223923291E-1,9.353882635801E-1));
#11838=VECTOR('',#11837,4.210450089472E0);
#11839=CARTESIAN_POINT('',(-3.625E0,4.665E0,-1.E0));
#11840=LINE('',#11839,#11838);
#11841=CARTESIAN_POINT('',(-3.625E0,2.942243500684E0,2.85E0));
#11842=DIRECTION('',(-1.E0,0.E0,0.E0));
#11843=DIRECTION('',(0.E0,0.E0,1.E0));
#11844=AXIS2_PLACEMENT_3D('',#11841,#11842,#11843);
#11846=DIRECTION('',(0.E0,-1.E0,0.E0));
#11847=VECTOR('',#11846,4.577243500684E0);
#11848=CARTESIAN_POINT('',(-3.625E0,2.942243500684E0,3.1E0));
#11849=LINE('',#11848,#11847);
#11850=CARTESIAN_POINT('',(-3.375E0,-1.635E0,3.1E0));
#11851=DIRECTION('',(0.E0,0.E0,1.E0));
#11852=DIRECTION('',(-1.E0,0.E0,0.E0));
#11853=AXIS2_PLACEMENT_3D('',#11850,#11851,#11852);
#11855=DIRECTION('',(-1.E0,0.E0,0.E0));
#11856=VECTOR('',#11855,2.5E-1);
#11857=CARTESIAN_POINT('',(-3.375E0,2.942243500684E0,3.1E0));
#11858=LINE('',#11857,#11856);
#11859=DIRECTION('',(1.E0,0.E0,0.E0));
#11860=VECTOR('',#11859,6.75E0);
#11861=CARTESIAN_POINT('',(-3.375E0,-1.635E0,3.1E0));
#11862=LINE('',#11861,#11860);
#11863=DIRECTION('',(-1.E0,0.E0,0.E0));
#11864=VECTOR('',#11863,2.5E-1);
#11865=CARTESIAN_POINT('',(3.625E0,2.942243500684E0,3.1E0));
#11866=LINE('',#11865,#11864);
#11867=CARTESIAN_POINT('',(3.375E0,-1.635E0,3.1E0));
#11868=DIRECTION('',(0.E0,0.E0,1.E0));
#11869=DIRECTION('',(0.E0,-1.E0,0.E0));
#11870=AXIS2_PLACEMENT_3D('',#11867,#11868,#11869);
#11872=DIRECTION('',(-1.E0,0.E0,0.E0));
#11873=VECTOR('',#11872,6.75E0);
#11874=CARTESIAN_POINT('',(3.375E0,-1.885E0,3.1E0));
#11875=LINE('',#11874,#11873);
#11876=DIRECTION('',(-1.E0,0.E0,0.E0));
#11877=VECTOR('',#11876,2.5E-1);
#11878=CARTESIAN_POINT('',(-3.375E0,3.176090566579E0,2.938405598082E0));
#11879=LINE('',#11878,#11877);
#11880=DIRECTION('',(-1.E0,0.E0,0.E0));
#11881=VECTOR('',#11880,2.5E-1);
#11882=CARTESIAN_POINT('',(-3.375E0,4.665E0,-1.E0));
#11883=LINE('',#11882,#11881);
#11884=DIRECTION('',(-1.E0,0.E0,0.E0));
#11885=VECTOR('',#11884,2.5E-1);
#11886=CARTESIAN_POINT('',(-3.375E0,4.665E0,-3.75E0));
#11887=LINE('',#11886,#11885);
#11888=DIRECTION('',(-1.E0,0.E0,0.E0));
#11889=VECTOR('',#11888,2.5E-1);
#11890=CARTESIAN_POINT('',(-3.375E0,4.415E0,-4.E0));
#11891=LINE('',#11890,#11889);
#11892=DIRECTION('',(1.E0,0.E0,0.E0));
#11893=VECTOR('',#11892,2.5E-1);
#11894=CARTESIAN_POINT('',(-3.625E0,3.915E0,-4.E0));
#11895=LINE('',#11894,#11893);
#11896=DIRECTION('',(-1.E0,0.E0,0.E0));
#11897=VECTOR('',#11896,2.5E-1);
#11898=CARTESIAN_POINT('',(-3.375E0,-8.5E-2,-4.E0));
#11899=LINE('',#11898,#11897);
#11900=DIRECTION('',(-1.E0,0.E0,0.E0));
#11901=VECTOR('',#11900,2.5E-1);
#11902=CARTESIAN_POINT('',(-3.375E0,1.117729951915E0,-4.E0));
#11903=LINE('',#11902,#11901);
#11904=CARTESIAN_POINT('',(-3.625E0,3.915E0,-4.25E0));
#11905=DIRECTION('',(1.E0,0.E0,0.E0));
#11906=DIRECTION('',(0.E0,0.E0,1.E0));
#11907=AXIS2_PLACEMENT_3D('',#11904,#11905,#11906);
#11909=CARTESIAN_POINT('',(-3.375E0,3.915E0,-4.25E0));
#11910=DIRECTION('',(-1.E0,0.E0,0.E0));
#11911=DIRECTION('',(0.E0,-1.E0,0.E0));
#11912=AXIS2_PLACEMENT_3D('',#11909,#11910,#11911);
#11914=DIRECTION('',(1.E0,0.E0,0.E0));
#11915=VECTOR('',#11914,2.5E-1);
#11916=CARTESIAN_POINT('',(-3.625E0,3.665E0,-4.25E0));
#11917=LINE('',#11916,#11915);
#11918=DIRECTION('',(0.E0,0.E0,1.E0));
#11919=VECTOR('',#11918,4.190700718798E-1);
#11920=CARTESIAN_POINT('',(-3.625E0,3.665E0,-4.669070071880E0));
#11921=LINE('',#11920,#11919);
#11922=CARTESIAN_POINT('',(-4.244748313552E0,3.665E0,-4.669070071880E0));
#11923=DIRECTION('',(0.E0,-1.E0,0.E0));
#11924=DIRECTION('',(9.003339632851E-1,0.E0,-4.351996720534E-1));
#11925=AXIS2_PLACEMENT_3D('',#11922,#11923,#11924);
#11927=DIRECTION('',(4.351996720534E-1,0.E0,9.003339632851E-1));
#11928=VECTOR('',#11927,7.483238997954E-1);
#11929=CARTESIAN_POINT('',(-4.012438173953E0,3.665E0,-5.612525757217E0));
#11930=LINE('',#11929,#11928);
#11931=CARTESIAN_POINT('',(-3.594251555568E0,3.665E0,-5.814667058778E0));
#11932=DIRECTION('',(0.E0,1.E0,0.E0));
#11933=DIRECTION('',(-9.156310216109E-1,0.E0,-4.020196913881E-1));
#11934=AXIS2_PLACEMENT_3D('',#11931,#11932,#11933);
#11936=DIRECTION('',(-4.020196913881E-1,0.E0,9.156310216109E-1));
#11937=VECTOR('',#11936,8.524572723956E-1);
#11938=CARTESIAN_POINT('',(-3.676838733524E0,3.665E0,-6.781933264583E0));
#11939=LINE('',#11938,#11937);
#11940=CARTESIAN_POINT('',(-4.239428840007E0,3.665E0,-7.028945757222E0));
#11941=DIRECTION('',(0.E0,-1.E0,0.E0));
#11942=DIRECTION('',(9.777308447951E-1,0.E0,2.098628007444E-1));
#11943=AXIS2_PLACEMENT_3D('',#11940,#11941,#11942);
#11945=DIRECTION('',(1.E0,0.E0,0.E0));
#11946=VECTOR('',#11945,2.540113701847E-1);
#11947=CARTESIAN_POINT('',(-3.638682811200E0,3.665E0,-6.9E0));
#11948=LINE('',#11947,#11946);
#11949=CARTESIAN_POINT('',(-4.239428840007E0,3.665E0,-7.028945757222E0));
#11950=DIRECTION('',(0.E0,1.E0,0.E0));
#11951=DIRECTION('',(9.156310216109E-1,0.E0,4.020196913881E-1));
#11952=AXIS2_PLACEMENT_3D('',#11949,#11950,#11951);
#11954=DIRECTION('',(4.020196913881E-1,0.E0,-9.156310216109E-1));
#11955=VECTOR('',#11954,8.524572723956E-1);
#11956=CARTESIAN_POINT('',(-3.790635587691E0,3.665E0,-5.900892018532E0));
#11957=LINE('',#11956,#11955);
#11958=CARTESIAN_POINT('',(-3.594251555568E0,3.665E0,-5.814667058778E0));
#11959=DIRECTION('',(0.E0,-1.E0,0.E0));
#11960=DIRECTION('',(-9.003339632851E-1,0.E0,4.351996720534E-1));
#11961=AXIS2_PLACEMENT_3D('',#11958,#11959,#11960);
#11963=DIRECTION('',(-4.351996720534E-1,0.E0,-9.003339632851E-1));
#11964=VECTOR('',#11963,7.483238997954E-1);
#11965=CARTESIAN_POINT('',(-3.461684367351E0,3.665E0,-5.047584252707E0));
#11966=LINE('',#11965,#11964);
#11967=CARTESIAN_POINT('',(-4.244748313552E0,3.665E0,-4.669070071880E0));
#11968=DIRECTION('',(0.E0,1.E0,0.E0));
#11969=DIRECTION('',(1.E0,0.E0,0.E0));
#11970=AXIS2_PLACEMENT_3D('',#11967,#11968,#11969);
#11972=DIRECTION('',(0.E0,0.E0,-1.E0));
#11973=VECTOR('',#11972,4.190700718799E-1);
#11974=CARTESIAN_POINT('',(-3.375E0,3.665E0,-4.25E0));
#11975=LINE('',#11974,#11973);
#11976=DIRECTION('',(0.E0,-1.E0,0.E0));
#11977=VECTOR('',#11976,1.E0);
#11978=CARTESIAN_POINT('',(-3.686767858172E0,3.665E0,-4.938784334693E0));
#11979=LINE('',#11978,#11977);
#11980=DIRECTION('',(0.E0,-1.E0,0.E0));
#11981=VECTOR('',#11980,1.E0);
#11982=CARTESIAN_POINT('',(-4.012438173953E0,3.665E0,-5.612525757217E0));
#11983=LINE('',#11982,#11981);
#11984=DIRECTION('',(0.E0,-1.E0,0.E0));
#11985=VECTOR('',#11984,1.E0);
#11986=CARTESIAN_POINT('',(-4.019543343094E0,3.665E0,-6.001396941379E0));
#11987=LINE('',#11986,#11985);
#11988=DIRECTION('',(0.E0,-1.E0,0.E0));
#11989=VECTOR('',#11988,1.E0);
#11990=CARTESIAN_POINT('',(-3.676838733524E0,3.665E0,-6.781933264583E0));
#11991=LINE('',#11990,#11989);
#11992=CARTESIAN_POINT('',(-3.638682811200E0,3.665E0,-6.9E0));
#11993=CARTESIAN_POINT('',(-3.634064380198E0,3.665E0,-6.921516831138E0));
#11994=CARTESIAN_POINT('',(-3.627216454357E0,3.662223095504E0,
-6.964694874657E0));
#11995=CARTESIAN_POINT('',(-3.625E0,3.653769845384E0,-7.007655120103E0));
#11996=CARTESIAN_POINT('',(-3.625E0,3.648086940099E0,-7.028945757222E0));
#11998=CARTESIAN_POINT('',(-3.625E0,2.681913059901E0,-7.028945757222E0));
#11999=CARTESIAN_POINT('',(-3.625E0,2.676214978837E0,-7.007598265031E0));
#12000=CARTESIAN_POINT('',(-3.627228772232E0,2.667761613271E0,
-6.964576464074E0));
#12001=CARTESIAN_POINT('',(-3.634076730827E0,2.665E0,-6.921459290732E0));
#12002=CARTESIAN_POINT('',(-3.638682811200E0,2.665E0,-6.9E0));
#12004=DIRECTION('',(0.E0,-1.E0,0.E0));
#12005=VECTOR('',#12004,9.661738801985E-1);
#12006=CARTESIAN_POINT('',(-3.625E0,3.648086940099E0,-7.028945757222E0));
#12007=LINE('',#12006,#12005);
#12008=DIRECTION('',(0.E0,-1.E0,0.E0));
#12009=VECTOR('',#12008,1.E0);
#12010=CARTESIAN_POINT('',(-3.790635587691E0,3.665E0,-5.900892018532E0));
#12011=LINE('',#12010,#12009);
#12012=DIRECTION('',(0.E0,-1.E0,0.E0));
#12013=VECTOR('',#12012,1.E0);
#12014=CARTESIAN_POINT('',(-3.787354683132E0,3.665E0,-5.721325675230E0));
#12015=LINE('',#12014,#12013);
#12016=DIRECTION('',(0.E0,-1.E0,0.E0));
#12017=VECTOR('',#12016,1.E0);
#12018=CARTESIAN_POINT('',(-3.461684367351E0,3.665E0,-5.047584252707E0));
#12019=LINE('',#12018,#12017);
#12020=DIRECTION('',(0.E0,-1.E0,0.E0));
#12021=VECTOR('',#12020,1.E0);
#12022=CARTESIAN_POINT('',(-3.375E0,3.665E0,-4.669070071880E0));
#12023=LINE('',#12022,#12021);
#12024=CARTESIAN_POINT('',(-3.375E0,2.942243500684E0,2.85E0));
#12025=DIRECTION('',(1.E0,0.E0,0.E0));
#12026=DIRECTION('',(0.E0,9.353882635801E-1,3.536223923291E-1));
#12027=AXIS2_PLACEMENT_3D('',#12024,#12025,#12026);
#12029=DIRECTION('',(0.E0,-3.536223923291E-1,9.353882635801E-1));
#12030=VECTOR('',#12029,4.210450089472E0);
#12031=CARTESIAN_POINT('',(-3.375E0,4.665E0,-1.E0));
#12032=LINE('',#12031,#12030);
#12033=DIRECTION('',(0.E0,0.E0,1.E0));
#12034=VECTOR('',#12033,2.75E0);
#12035=CARTESIAN_POINT('',(-3.375E0,4.665E0,-3.75E0));
#12036=LINE('',#12035,#12034);
#12037=CARTESIAN_POINT('',(-3.375E0,4.415E0,-3.75E0));
#12038=DIRECTION('',(1.E0,0.E0,0.E0));
#12039=DIRECTION('',(0.E0,0.E0,-1.E0));
#12040=AXIS2_PLACEMENT_3D('',#12037,#12038,#12039);
#12042=DIRECTION('',(0.E0,1.E0,0.E0));
#12043=VECTOR('',#12042,5.E-1);
#12044=CARTESIAN_POINT('',(-3.375E0,3.915E0,-4.E0));
#12045=LINE('',#12044,#12043);
#12046=DIRECTION('',(0.E0,-1.E0,0.E0));
#12047=VECTOR('',#12046,8.866E-1);
#12048=CARTESIAN_POINT('',(-3.375E0,2.665E0,-3.4073E0));
#12049=LINE('',#12048,#12047);
#12050=DIRECTION('',(0.E0,-7.443593334209E-1,-6.677792919440E-1));
#12051=VECTOR('',#12050,8.875687029387E-1);
#12052=CARTESIAN_POINT('',(-3.375E0,1.7784E0,-3.4073E0));
#12053=LINE('',#12052,#12051);
#12054=DIRECTION('',(0.E0,1.E0,0.E0));
#12055=VECTOR('',#12054,1.202729951915E0);
#12056=CARTESIAN_POINT('',(-3.375E0,-8.5E-2,-4.E0));
#12057=LINE('',#12056,#12055);
#12058=CARTESIAN_POINT('',(-3.375E0,-8.5E-2,-3.75E0));
#12059=DIRECTION('',(1.E0,0.E0,0.E0));
#12060=DIRECTION('',(0.E0,-1.E0,0.E0));
#12061=AXIS2_PLACEMENT_3D('',#12058,#12059,#12060);
#12063=DIRECTION('',(0.E0,0.E0,-1.E0));
#12064=VECTOR('',#12063,3.106333970850E-1);
#12065=CARTESIAN_POINT('',(-3.375E0,-3.35E-1,-3.439366602915E0));
#12066=LINE('',#12065,#12064);
#12067=CARTESIAN_POINT('',(-3.375E0,-8.5E-2,-3.439366602915E0));
#12068=DIRECTION('',(1.E0,0.E0,0.E0));
#12069=DIRECTION('',(0.E0,-5.258220975375E-1,8.505945695460E-1));
#12070=AXIS2_PLACEMENT_3D('',#12067,#12068,#12069);
#12072=DIRECTION('',(0.E0,-8.505945695460E-1,-5.258220975376E-1));
#12073=VECTOR('',#12072,2.954299426235E0);
#12074=CARTESIAN_POINT('',(-3.375E0,2.296455524384E0,-1.673282039471E0));
#12075=LINE('',#12074,#12073);
#12076=DIRECTION('',(0.E0,0.E0,-1.E0));
#12077=VECTOR('',#12076,1.210633397085E0);
#12078=CARTESIAN_POINT('',(-3.375E0,2.415E0,-2.5E-1));
#12079=LINE('',#12078,#12077);
#12080=DIRECTION('',(0.E0,1.E0,0.E0));
#12081=VECTOR('',#12080,3.8E0);
#12082=CARTESIAN_POINT('',(-3.375E0,-1.635E0,0.E0));
#12083=LINE('',#12082,#12081);
#12084=DIRECTION('',(0.E0,-1.E0,0.E0));
#12085=VECTOR('',#12084,4.577243500684E0);
#12086=CARTESIAN_POINT('',(-3.375E0,2.942243500684E0,3.1E0));
#12087=LINE('',#12086,#12085);
#12088=DIRECTION('',(1.E0,0.E0,0.E0));
#12089=VECTOR('',#12088,2.5E-1);
#12090=CARTESIAN_POINT('',(-3.625E0,2.665E0,-3.4073E0));
#12091=LINE('',#12090,#12089);
#12092=DIRECTION('',(1.E0,0.E0,0.E0));
#12093=VECTOR('',#12092,2.5E-1);
#12094=CARTESIAN_POINT('',(-3.625E0,1.7784E0,-3.4073E0));
#12095=LINE('',#12094,#12093);
#12096=DIRECTION('',(-1.E0,0.E0,0.E0));
#12097=VECTOR('',#12096,2.5E-1);
#12098=CARTESIAN_POINT('',(-3.375E0,-3.35E-1,-3.439366602915E0));
#12099=LINE('',#12098,#12097);
#12100=DIRECTION('',(-1.E0,0.E0,0.E0));
#12101=VECTOR('',#12100,2.5E-1);
#12102=CARTESIAN_POINT('',(-3.375E0,-3.35E-1,-3.75E0));
#12103=LINE('',#12102,#12101);
#12104=DIRECTION('',(-1.E0,0.E0,0.E0));
#12105=VECTOR('',#12104,2.5E-1);
#12106=CARTESIAN_POINT('',(-3.375E0,-2.164555243844E-1,-3.226717960529E0));
#12107=LINE('',#12106,#12105);
#12108=DIRECTION('',(1.E0,0.E0,0.E0));
#12109=VECTOR('',#12108,2.5E-1);
#12110=CARTESIAN_POINT('',(-3.625E0,2.296455524384E0,-1.673282039471E0));
#12111=LINE('',#12110,#12109);
#12112=CARTESIAN_POINT('',(-3.625E0,2.165E0,-1.460633397085E0));
#12113=DIRECTION('',(1.E0,0.E0,0.E0));
#12114=DIRECTION('',(0.E0,5.258220975376E-1,-8.505945695460E-1));
#12115=AXIS2_PLACEMENT_3D('',#12112,#12113,#12114);
#12117=CARTESIAN_POINT('',(-3.375E0,2.165E0,-1.460633397085E0));
#12118=DIRECTION('',(-1.E0,0.E0,0.E0));
#12119=DIRECTION('',(0.E0,1.E0,0.E0));
#12120=AXIS2_PLACEMENT_3D('',#12117,#12118,#12119);
#12122=DIRECTION('',(1.E0,0.E0,0.E0));
#12123=VECTOR('',#12122,2.5E-1);
#12124=CARTESIAN_POINT('',(-3.625E0,2.415E0,-2.5E-1));
#12125=LINE('',#12124,#12123);
#12126=DIRECTION('',(1.E0,0.E0,0.E0));
#12127=VECTOR('',#12126,2.5E-1);
#12128=CARTESIAN_POINT('',(-3.625E0,2.415E0,-1.460633397085E0));
#12129=LINE('',#12128,#12127);
#12130=CARTESIAN_POINT('',(-3.625E0,2.165E0,-2.5E-1));
#12131=DIRECTION('',(1.E0,0.E0,0.E0));
#12132=DIRECTION('',(0.E0,1.E0,0.E0));
#12133=AXIS2_PLACEMENT_3D('',#12130,#12131,#12132);
#12135=CARTESIAN_POINT('',(-3.375E0,2.165E0,-2.5E-1));
#12136=DIRECTION('',(-1.E0,0.E0,0.E0));
#12137=DIRECTION('',(0.E0,0.E0,1.E0));
#12138=AXIS2_PLACEMENT_3D('',#12135,#12136,#12137);
#12140=CARTESIAN_POINT('',(-3.375E0,-1.635E0,0.E0));
#12141=DIRECTION('',(0.E0,0.E0,-1.E0));
#12142=DIRECTION('',(0.E0,-1.E0,0.E0));
#12143=AXIS2_PLACEMENT_3D('',#12140,#12141,#12142);
#12145=DIRECTION('',(1.E0,0.E0,0.E0));
#12146=VECTOR('',#12145,2.75E-1);
#12147=CARTESIAN_POINT('',(-3.375E0,-1.885E0,0.E0));
#12148=LINE('',#12147,#12146);
#12149=DIRECTION('',(1.E0,0.E0,0.E0));
#12150=VECTOR('',#12149,2.5E-1);
#12151=CARTESIAN_POINT('',(-3.625E0,2.165E0,0.E0));
#12152=LINE('',#12151,#12150);
#12153=CARTESIAN_POINT('',(0.E0,-1.885E0,0.E0));
#12154=DIRECTION('',(0.E0,1.E0,0.E0));
#12155=DIRECTION('',(1.E0,0.E0,0.E0));
#12156=AXIS2_PLACEMENT_3D('',#12153,#12154,#12155);
#12158=CARTESIAN_POINT('',(0.E0,-1.885E0,0.E0));
#12159=DIRECTION('',(0.E0,1.E0,0.E0));
#12160=DIRECTION('',(-1.E0,0.E0,0.E0));
#12161=AXIS2_PLACEMENT_3D('',#12158,#12159,#12160);
#12163=DIRECTION('',(0.E0,0.E0,1.E0));
#12164=VECTOR('',#12163,3.1E0);
#12165=CARTESIAN_POINT('',(-3.375E0,-1.885E0,0.E0));
#12166=LINE('',#12165,#12164);
#12167=DIRECTION('',(0.E0,0.E0,-1.E0));
#12168=VECTOR('',#12167,3.1E0);
#12169=CARTESIAN_POINT('',(3.375E0,-1.885E0,3.1E0));
#12170=LINE('',#12169,#12168);
#12171=CARTESIAN_POINT('',(2.7E0,-1.885E0,-2.7E0));
#12172=DIRECTION('',(0.E0,-1.E0,0.E0));
#12173=DIRECTION('',(0.E0,0.E0,-1.E0));
#12174=AXIS2_PLACEMENT_3D('',#12171,#12172,#12173);
#12176=DIRECTION('',(1.E0,0.E0,0.E0));
#12177=VECTOR('',#12176,5.4E0);
#12178=CARTESIAN_POINT('',(-2.7E0,-1.885E0,-3.1E0));
#12179=LINE('',#12178,#12177);
#12180=CARTESIAN_POINT('',(-2.7E0,-1.885E0,-2.7E0));
#12181=DIRECTION('',(0.E0,-1.E0,0.E0));
#12182=DIRECTION('',(-1.E0,0.E0,0.E0));
#12183=AXIS2_PLACEMENT_3D('',#12180,#12181,#12182);
#12185=CARTESIAN_POINT('',(-2.15E0,-1.885E0,2.15E0));
#12186=DIRECTION('',(0.E0,-1.E0,0.E0));
#12187=DIRECTION('',(1.E0,0.E0,0.E0));
#12188=AXIS2_PLACEMENT_3D('',#12185,#12186,#12187);
#12190=CARTESIAN_POINT('',(-2.15E0,-1.885E0,2.15E0));
#12191=DIRECTION('',(0.E0,-1.E0,0.E0));
#12192=DIRECTION('',(-1.E0,0.E0,0.E0));
#12193=AXIS2_PLACEMENT_3D('',#12190,#12191,#12192);
#12195=CARTESIAN_POINT('',(2.15E0,-1.885E0,2.15E0));
#12196=DIRECTION('',(0.E0,1.E0,0.E0));
#12197=DIRECTION('',(-1.E0,0.E0,0.E0));
#12198=AXIS2_PLACEMENT_3D('',#12195,#12196,#12197);
#12200=CARTESIAN_POINT('',(2.15E0,-1.885E0,2.15E0));
#12201=DIRECTION('',(0.E0,1.E0,0.E0));
#12202=DIRECTION('',(1.E0,0.E0,0.E0));
#12203=AXIS2_PLACEMENT_3D('',#12200,#12201,#12202);
#12205=CARTESIAN_POINT('',(-2.15E0,-1.885E0,-2.15E0));
#12206=DIRECTION('',(0.E0,1.E0,0.E0));
#12207=DIRECTION('',(1.E0,0.E0,0.E0));
#12208=AXIS2_PLACEMENT_3D('',#12205,#12206,#12207);
#12210=CARTESIAN_POINT('',(-2.15E0,-1.885E0,-2.15E0));
#12211=DIRECTION('',(0.E0,1.E0,0.E0));
#12212=DIRECTION('',(-1.E0,0.E0,0.E0));
#12213=AXIS2_PLACEMENT_3D('',#12210,#12211,#12212);
#12215=CARTESIAN_POINT('',(2.15E0,-1.885E0,-2.15E0));
#12216=DIRECTION('',(0.E0,-1.E0,0.E0));
#12217=DIRECTION('',(-1.E0,0.E0,0.E0));
#12218=AXIS2_PLACEMENT_3D('',#12215,#12216,#12217);
#12220=CARTESIAN_POINT('',(2.15E0,-1.885E0,-2.15E0));
#12221=DIRECTION('',(0.E0,-1.E0,0.E0));
#12222=DIRECTION('',(1.E0,0.E0,0.E0));
#12223=AXIS2_PLACEMENT_3D('',#12220,#12221,#12222);
#12225=DIRECTION('',(0.E0,-1.E0,0.E0));
#12226=VECTOR('',#12225,2.5E-1);
#12227=CARTESIAN_POINT('',(1.6E0,-1.635E0,0.E0));
#12228=LINE('',#12227,#12226);
#12229=CARTESIAN_POINT('',(0.E0,-1.635E0,0.E0));
#12230=DIRECTION('',(0.E0,1.E0,0.E0));
#12231=DIRECTION('',(1.E0,0.E0,0.E0));
#12232=AXIS2_PLACEMENT_3D('',#12229,#12230,#12231);
#12234=CARTESIAN_POINT('',(0.E0,-1.635E0,0.E0));
#12235=DIRECTION('',(0.E0,1.E0,0.E0));
#12236=DIRECTION('',(-1.E0,0.E0,0.E0));
#12237=AXIS2_PLACEMENT_3D('',#12234,#12235,#12236);
#12239=DIRECTION('',(-1.E0,0.E0,0.E0));
#12240=VECTOR('',#12239,2.75E-1);
#12241=CARTESIAN_POINT('',(-3.1E0,-1.635E0,0.E0));
#12242=LINE('',#12241,#12240);
#12243=CARTESIAN_POINT('',(-2.7E0,-1.635E0,-2.7E0));
#12244=DIRECTION('',(0.E0,1.E0,0.E0));
#12245=DIRECTION('',(0.E0,0.E0,-1.E0));
#12246=AXIS2_PLACEMENT_3D('',#12243,#12244,#12245);
#12248=DIRECTION('',(1.E0,0.E0,0.E0));
#12249=VECTOR('',#12248,5.4E0);
#12250=CARTESIAN_POINT('',(-2.7E0,-1.635E0,-3.1E0));
#12251=LINE('',#12250,#12249);
#12252=CARTESIAN_POINT('',(2.7E0,-1.635E0,-2.7E0));
#12253=DIRECTION('',(0.E0,1.E0,0.E0));
#12254=DIRECTION('',(1.E0,0.E0,0.E0));
#12255=AXIS2_PLACEMENT_3D('',#12252,#12253,#12254);
#12257=DIRECTION('',(1.E0,0.E0,0.E0));
#12258=VECTOR('',#12257,2.75E-1);
#12259=CARTESIAN_POINT('',(3.1E0,-1.635E0,0.E0));
#12260=LINE('',#12259,#12258);
#12261=DIRECTION('',(0.E0,0.E0,1.E0));
#12262=VECTOR('',#12261,3.1E0);
#12263=CARTESIAN_POINT('',(3.375E0,-1.635E0,0.E0));
#12264=LINE('',#12263,#12262);
#12265=DIRECTION('',(0.E0,0.E0,1.E0));
#12266=VECTOR('',#12265,3.1E0);
#12267=CARTESIAN_POINT('',(-3.375E0,-1.635E0,0.E0));
#12268=LINE('',#12267,#12266);
#12269=DIRECTION('',(0.E0,-1.E0,0.E0));
#12270=VECTOR('',#12269,2.5E-1);
#12271=CARTESIAN_POINT('',(-1.6E0,-1.635E0,0.E0));
#12272=LINE('',#12271,#12270);
#12273=DIRECTION('',(0.E0,-1.E0,0.E0));
#12274=VECTOR('',#12273,2.5E-1);
#12275=CARTESIAN_POINT('',(-3.1E0,-1.635E0,0.E0));
#12276=LINE('',#12275,#12274);
#12277=DIRECTION('',(0.E0,0.E0,-1.E0));
#12278=VECTOR('',#12277,2.7E0);
#12279=CARTESIAN_POINT('',(-3.1E0,-1.885E0,0.E0));
#12280=LINE('',#12279,#12278);
#12281=DIRECTION('',(0.E0,1.E0,0.E0));
#12282=VECTOR('',#12281,2.5E-1);
#12283=CARTESIAN_POINT('',(-3.1E0,-1.885E0,-2.7E0));
#12284=LINE('',#12283,#12282);
#12285=DIRECTION('',(0.E0,0.E0,1.E0));
#12286=VECTOR('',#12285,2.7E0);
#12287=CARTESIAN_POINT('',(-3.1E0,-1.635E0,-2.7E0));
#12288=LINE('',#12287,#12286);
#12289=DIRECTION('',(0.E0,1.E0,0.E0));
#12290=VECTOR('',#12289,2.5E-1);
#12291=CARTESIAN_POINT('',(-2.7E0,-1.885E0,-3.1E0));
#12292=LINE('',#12291,#12290);
#12293=DIRECTION('',(0.E0,1.E0,0.E0));
#12294=VECTOR('',#12293,2.5E-1);
#12295=CARTESIAN_POINT('',(2.7E0,-1.885E0,-3.1E0));
#12296=LINE('',#12295,#12294);
#12297=DIRECTION('',(0.E0,-1.E0,0.E0));
#12298=VECTOR('',#12297,2.5E-1);
#12299=CARTESIAN_POINT('',(3.1E0,-1.635E0,0.E0));
#12300=LINE('',#12299,#12298);
#12301=DIRECTION('',(0.E0,0.E0,-1.E0));
#12302=VECTOR('',#12301,2.7E0);
#12303=CARTESIAN_POINT('',(3.1E0,-1.635E0,0.E0));
#12304=LINE('',#12303,#12302);
#12305=DIRECTION('',(0.E0,1.E0,0.E0));
#12306=VECTOR('',#12305,2.5E-1);
#12307=CARTESIAN_POINT('',(3.1E0,-1.885E0,-2.7E0));
#12308=LINE('',#12307,#12306);
#12309=DIRECTION('',(0.E0,0.E0,1.E0));
#12310=VECTOR('',#12309,2.7E0);
#12311=CARTESIAN_POINT('',(3.1E0,-1.885E0,-2.7E0));
#12312=LINE('',#12311,#12310);
#12313=CARTESIAN_POINT('',(3.375E0,-1.635E0,0.E0));
#12314=DIRECTION('',(0.E0,0.E0,-1.E0));
#12315=DIRECTION('',(1.E0,0.E0,0.E0));
#12316=AXIS2_PLACEMENT_3D('',#12313,#12314,#12315);
#12318=DIRECTION('',(1.E0,0.E0,0.E0));
#12319=VECTOR('',#12318,2.5E-1);
#12320=CARTESIAN_POINT('',(3.375E0,2.165E0,0.E0));
#12321=LINE('',#12320,#12319);
#12322=DIRECTION('',(1.E0,0.E0,0.E0));
#12323=VECTOR('',#12322,2.75E-1);
#12324=CARTESIAN_POINT('',(3.1E0,-1.885E0,0.E0));
#12325=LINE('',#12324,#12323);
#12326=DIRECTION('',(0.E0,0.E0,-1.E0));
#12327=VECTOR('',#12326,3.1E0);
#12328=CARTESIAN_POINT('',(3.625E0,-1.635E0,3.1E0));
#12329=LINE('',#12328,#12327);
#12330=DIRECTION('',(0.E0,1.E0,0.E0));
#12331=VECTOR('',#12330,4.577243500684E0);
#12332=CARTESIAN_POINT('',(3.625E0,-1.635E0,3.1E0));
#12333=LINE('',#12332,#12331);
#12334=CARTESIAN_POINT('',(3.625E0,2.942243500684E0,2.85E0));
#12335=DIRECTION('',(1.E0,0.E0,0.E0));
#12336=DIRECTION('',(0.E0,9.353882635801E-1,3.536223923291E-1));
#12337=AXIS2_PLACEMENT_3D('',#12334,#12335,#12336);
#12339=DIRECTION('',(0.E0,3.536223923291E-1,-9.353882635801E-1));
#12340=VECTOR('',#12339,4.210450089472E0);
#12341=CARTESIAN_POINT('',(3.625E0,3.176090566579E0,2.938405598082E0));
#12342=LINE('',#12341,#12340);
#12343=DIRECTION('',(0.E0,0.E0,-1.E0));
#12344=VECTOR('',#12343,2.75E0);
#12345=CARTESIAN_POINT('',(3.625E0,4.665E0,-1.E0));
#12346=LINE('',#12345,#12344);
#12347=CARTESIAN_POINT('',(3.625E0,4.415E0,-3.75E0));
#12348=DIRECTION('',(1.E0,0.E0,0.E0));
#12349=DIRECTION('',(0.E0,0.E0,-1.E0));
#12350=AXIS2_PLACEMENT_3D('',#12347,#12348,#12349);
#12352=DIRECTION('',(0.E0,-1.E0,0.E0));
#12353=VECTOR('',#12352,5.E-1);
#12354=CARTESIAN_POINT('',(3.625E0,4.415E0,-4.E0));
#12355=LINE('',#12354,#12353);
#12356=DIRECTION('',(0.E0,-1.E0,0.E0));
#12357=VECTOR('',#12356,1.E0);
#12358=CARTESIAN_POINT('',(3.625E0,3.665E0,-4.669070071880E0));
#12359=LINE('',#12358,#12357);
#12360=DIRECTION('',(0.E0,-1.E0,0.E0));
#12361=VECTOR('',#12360,8.866E-1);
#12362=CARTESIAN_POINT('',(3.625E0,2.665E0,-3.4073E0));
#12363=LINE('',#12362,#12361);
#12364=DIRECTION('',(0.E0,-7.443593334209E-1,-6.677792919440E-1));
#12365=VECTOR('',#12364,8.875687029387E-1);
#12366=CARTESIAN_POINT('',(3.625E0,1.7784E0,-3.4073E0));
#12367=LINE('',#12366,#12365);
#12368=DIRECTION('',(0.E0,-1.E0,0.E0));
#12369=VECTOR('',#12368,1.202729951915E0);
#12370=CARTESIAN_POINT('',(3.625E0,1.117729951915E0,-4.E0));
#12371=LINE('',#12370,#12369);
#12372=CARTESIAN_POINT('',(3.625E0,-8.5E-2,-3.75E0));
#12373=DIRECTION('',(1.E0,0.E0,0.E0));
#12374=DIRECTION('',(0.E0,-1.E0,0.E0));
#12375=AXIS2_PLACEMENT_3D('',#12372,#12373,#12374);
#12377=DIRECTION('',(0.E0,0.E0,1.E0));
#12378=VECTOR('',#12377,3.106333970850E-1);
#12379=CARTESIAN_POINT('',(3.625E0,-3.35E-1,-3.75E0));
#12380=LINE('',#12379,#12378);
#12381=CARTESIAN_POINT('',(3.625E0,-8.5E-2,-3.439366602915E0));
#12382=DIRECTION('',(1.E0,0.E0,0.E0));
#12383=DIRECTION('',(0.E0,-5.258220975375E-1,8.505945695460E-1));
#12384=AXIS2_PLACEMENT_3D('',#12381,#12382,#12383);
#12386=DIRECTION('',(0.E0,8.505945695460E-1,5.258220975376E-1));
#12387=VECTOR('',#12386,2.954299426235E0);
#12388=CARTESIAN_POINT('',(3.625E0,-2.164555243844E-1,-3.226717960529E0));
#12389=LINE('',#12388,#12387);
#12390=DIRECTION('',(0.E0,0.E0,1.E0));
#12391=VECTOR('',#12390,1.210633397085E0);
#12392=CARTESIAN_POINT('',(3.625E0,2.415E0,-1.460633397085E0));
#12393=LINE('',#12392,#12391);
#12394=DIRECTION('',(0.E0,-1.E0,0.E0));
#12395=VECTOR('',#12394,3.8E0);
#12396=CARTESIAN_POINT('',(3.625E0,2.165E0,0.E0));
#12397=LINE('',#12396,#12395);
#12398=CARTESIAN_POINT('',(3.375E0,2.942243500684E0,2.85E0));
#12399=DIRECTION('',(-1.E0,0.E0,0.E0));
#12400=DIRECTION('',(0.E0,0.E0,1.E0));
#12401=AXIS2_PLACEMENT_3D('',#12398,#12399,#12400);
#12403=DIRECTION('',(0.E0,1.E0,0.E0));
#12404=VECTOR('',#12403,4.577243500684E0);
#12405=CARTESIAN_POINT('',(3.375E0,-1.635E0,3.1E0));
#12406=LINE('',#12405,#12404);
#12407=DIRECTION('',(0.E0,-1.E0,0.E0));
#12408=VECTOR('',#12407,3.8E0);
#12409=CARTESIAN_POINT('',(3.375E0,2.165E0,0.E0));
#12410=LINE('',#12409,#12408);
#12411=DIRECTION('',(0.E0,0.E0,1.E0));
#12412=VECTOR('',#12411,1.210633397085E0);
#12413=CARTESIAN_POINT('',(3.375E0,2.415E0,-1.460633397085E0));
#12414=LINE('',#12413,#12412);
#12415=DIRECTION('',(0.E0,8.505945695460E-1,5.258220975376E-1));
#12416=VECTOR('',#12415,2.954299426235E0);
#12417=CARTESIAN_POINT('',(3.375E0,-2.164555243844E-1,-3.226717960529E0));
#12418=LINE('',#12417,#12416);
#12419=CARTESIAN_POINT('',(3.375E0,-8.5E-2,-3.439366602915E0));
#12420=DIRECTION('',(-1.E0,0.E0,0.E0));
#12421=DIRECTION('',(0.E0,-1.E0,0.E0));
#12422=AXIS2_PLACEMENT_3D('',#12419,#12420,#12421);
#12424=DIRECTION('',(0.E0,0.E0,1.E0));
#12425=VECTOR('',#12424,3.106333970850E-1);
#12426=CARTESIAN_POINT('',(3.375E0,-3.35E-1,-3.75E0));
#12427=LINE('',#12426,#12425);
#12428=CARTESIAN_POINT('',(3.375E0,-8.5E-2,-3.75E0));
#12429=DIRECTION('',(-1.E0,0.E0,0.E0));
#12430=DIRECTION('',(0.E0,0.E0,-1.E0));
#12431=AXIS2_PLACEMENT_3D('',#12428,#12429,#12430);
#12433=DIRECTION('',(0.E0,-1.E0,0.E0));
#12434=VECTOR('',#12433,1.202729951915E0);
#12435=CARTESIAN_POINT('',(3.375E0,1.117729951915E0,-4.E0));
#12436=LINE('',#12435,#12434);
#12437=DIRECTION('',(0.E0,-7.443593334209E-1,-6.677792919440E-1));
#12438=VECTOR('',#12437,8.875687029387E-1);
#12439=CARTESIAN_POINT('',(3.375E0,1.7784E0,-3.4073E0));
#12440=LINE('',#12439,#12438);
#12441=DIRECTION('',(0.E0,-1.E0,0.E0));
#12442=VECTOR('',#12441,8.866E-1);
#12443=CARTESIAN_POINT('',(3.375E0,2.665E0,-3.4073E0));
#12444=LINE('',#12443,#12442);
#12445=DIRECTION('',(0.E0,-1.E0,0.E0));
#12446=VECTOR('',#12445,5.E-1);
#12447=CARTESIAN_POINT('',(3.375E0,4.415E0,-4.E0));
#12448=LINE('',#12447,#12446);
#12449=CARTESIAN_POINT('',(3.375E0,4.415E0,-3.75E0));
#12450=DIRECTION('',(-1.E0,0.E0,0.E0));
#12451=DIRECTION('',(0.E0,1.E0,0.E0));
#12452=AXIS2_PLACEMENT_3D('',#12449,#12450,#12451);
#12454=DIRECTION('',(0.E0,0.E0,-1.E0));
#12455=VECTOR('',#12454,2.75E0);
#12456=CARTESIAN_POINT('',(3.375E0,4.665E0,-1.E0));
#12457=LINE('',#12456,#12455);
#12458=DIRECTION('',(0.E0,3.536223923291E-1,-9.353882635801E-1));
#12459=VECTOR('',#12458,4.210450089472E0);
#12460=CARTESIAN_POINT('',(3.375E0,3.176090566579E0,2.938405598082E0));
#12461=LINE('',#12460,#12459);
#12462=CARTESIAN_POINT('',(3.375E0,2.165E0,-2.5E-1));
#12463=DIRECTION('',(1.E0,0.E0,0.E0));
#12464=DIRECTION('',(0.E0,1.E0,0.E0));
#12465=AXIS2_PLACEMENT_3D('',#12462,#12463,#12464);
#12467=CARTESIAN_POINT('',(3.625E0,2.165E0,-2.5E-1));
#12468=DIRECTION('',(-1.E0,0.E0,0.E0));
#12469=DIRECTION('',(0.E0,0.E0,1.E0));
#12470=AXIS2_PLACEMENT_3D('',#12467,#12468,#12469);
#12472=DIRECTION('',(1.E0,0.E0,0.E0));
#12473=VECTOR('',#12472,2.5E-1);
#12474=CARTESIAN_POINT('',(3.375E0,2.415E0,-2.5E-1));
#12475=LINE('',#12474,#12473);
#12476=DIRECTION('',(1.E0,0.E0,0.E0));
#12477=VECTOR('',#12476,2.5E-1);
#12478=CARTESIAN_POINT('',(3.375E0,2.415E0,-1.460633397085E0));
#12479=LINE('',#12478,#12477);
#12480=CARTESIAN_POINT('',(3.375E0,2.165E0,-1.460633397085E0));
#12481=DIRECTION('',(1.E0,0.E0,0.E0));
#12482=DIRECTION('',(0.E0,5.258220975376E-1,-8.505945695460E-1));
#12483=AXIS2_PLACEMENT_3D('',#12480,#12481,#12482);
#12485=CARTESIAN_POINT('',(3.625E0,2.165E0,-1.460633397085E0));
#12486=DIRECTION('',(-1.E0,0.E0,0.E0));
#12487=DIRECTION('',(0.E0,1.E0,0.E0));
#12488=AXIS2_PLACEMENT_3D('',#12485,#12486,#12487);
#12490=DIRECTION('',(-1.E0,0.E0,0.E0));
#12491=VECTOR('',#12490,2.5E-1);
#12492=CARTESIAN_POINT('',(3.625E0,-2.164555243844E-1,-3.226717960529E0));
#12493=LINE('',#12492,#12491);
#12494=DIRECTION('',(1.E0,0.E0,0.E0));
#12495=VECTOR('',#12494,2.5E-1);
#12496=CARTESIAN_POINT('',(3.375E0,2.296455524384E0,-1.673282039471E0));
#12497=LINE('',#12496,#12495);
#12498=DIRECTION('',(-1.E0,0.E0,0.E0));
#12499=VECTOR('',#12498,2.5E-1);
#12500=CARTESIAN_POINT('',(3.625E0,-3.35E-1,-3.439366602915E0));
#12501=LINE('',#12500,#12499);
#12502=DIRECTION('',(-1.E0,0.E0,0.E0));
#12503=VECTOR('',#12502,2.5E-1);
#12504=CARTESIAN_POINT('',(3.625E0,-3.35E-1,-3.75E0));
#12505=LINE('',#12504,#12503);
#12506=DIRECTION('',(-1.E0,0.E0,0.E0));
#12507=VECTOR('',#12506,2.5E-1);
#12508=CARTESIAN_POINT('',(3.625E0,4.415E0,-4.E0));
#12509=LINE('',#12508,#12507);
#12510=DIRECTION('',(1.E0,0.E0,0.E0));
#12511=VECTOR('',#12510,2.5E-1);
#12512=CARTESIAN_POINT('',(3.375E0,3.915E0,-4.E0));
#12513=LINE('',#12512,#12511);
#12514=DIRECTION('',(-1.E0,0.E0,0.E0));
#12515=VECTOR('',#12514,2.5E-1);
#12516=CARTESIAN_POINT('',(3.625E0,-8.5E-2,-4.E0));
#12517=LINE('',#12516,#12515);
#12518=DIRECTION('',(1.E0,0.E0,0.E0));
#12519=VECTOR('',#12518,2.5E-1);
#12520=CARTESIAN_POINT('',(3.375E0,1.117729951915E0,-4.E0));
#12521=LINE('',#12520,#12519);
#12522=DIRECTION('',(-1.E0,0.E0,0.E0));
#12523=VECTOR('',#12522,2.5E-1);
#12524=CARTESIAN_POINT('',(3.625E0,4.665E0,-3.75E0));
#12525=LINE('',#12524,#12523);
#12526=DIRECTION('',(-1.E0,0.E0,0.E0));
#12527=VECTOR('',#12526,2.5E-1);
#12528=CARTESIAN_POINT('',(3.625E0,3.176090566579E0,2.938405598082E0));
#12529=LINE('',#12528,#12527);
#12530=DIRECTION('',(-1.E0,0.E0,0.E0));
#12531=VECTOR('',#12530,2.5E-1);
#12532=CARTESIAN_POINT('',(3.625E0,4.665E0,-1.E0));
#12533=LINE('',#12532,#12531);
#12534=CARTESIAN_POINT('',(3.375E0,3.915E0,-4.25E0));
#12535=DIRECTION('',(1.E0,0.E0,0.E0));
#12536=DIRECTION('',(0.E0,0.E0,1.E0));
#12537=AXIS2_PLACEMENT_3D('',#12534,#12535,#12536);
#12539=CARTESIAN_POINT('',(3.625E0,3.915E0,-4.25E0));
#12540=DIRECTION('',(-1.E0,0.E0,0.E0));
#12541=DIRECTION('',(0.E0,-1.E0,0.E0));
#12542=AXIS2_PLACEMENT_3D('',#12539,#12540,#12541);
#12544=DIRECTION('',(1.E0,0.E0,0.E0));
#12545=VECTOR('',#12544,2.5E-1);
#12546=CARTESIAN_POINT('',(3.375E0,3.665E0,-4.25E0));
#12547=LINE('',#12546,#12545);
#12548=DIRECTION('',(0.E0,0.E0,-1.E0));
#12549=VECTOR('',#12548,4.190700718799E-1);
#12550=CARTESIAN_POINT('',(3.375E0,3.665E0,-4.25E0));
#12551=LINE('',#12550,#12549);
#12552=CARTESIAN_POINT('',(4.244748313552E0,3.665E0,-4.669070071880E0));
#12553=DIRECTION('',(0.E0,-1.E0,0.E0));
#12554=DIRECTION('',(-1.E0,0.E0,0.E0));
#12555=AXIS2_PLACEMENT_3D('',#12552,#12553,#12554);
#12557=DIRECTION('',(4.351996720534E-1,0.E0,-9.003339632851E-1));
#12558=VECTOR('',#12557,7.483238997954E-1);
#12559=CARTESIAN_POINT('',(3.461684367351E0,3.665E0,-5.047584252707E0));
#12560=LINE('',#12559,#12558);
#12561=CARTESIAN_POINT('',(3.594251555568E0,3.665E0,-5.814667058778E0));
#12562=DIRECTION('',(0.E0,1.E0,0.E0));
#12563=DIRECTION('',(9.003339632851E-1,0.E0,4.351996720534E-1));
#12564=AXIS2_PLACEMENT_3D('',#12561,#12562,#12563);
#12566=DIRECTION('',(-4.020196913881E-1,0.E0,-9.156310216109E-1));
#12567=VECTOR('',#12566,8.524572723956E-1);
#12568=CARTESIAN_POINT('',(3.790635587691E0,3.665E0,-5.900892018532E0));
#12569=LINE('',#12568,#12567);
#12570=CARTESIAN_POINT('',(4.239428840007E0,3.665E0,-7.028945757222E0));
#12571=DIRECTION('',(0.E0,-1.E0,0.E0));
#12572=DIRECTION('',(-9.156310216109E-1,0.E0,4.020196913881E-1));
#12573=AXIS2_PLACEMENT_3D('',#12570,#12571,#12572);
#12575=DIRECTION('',(1.E0,0.E0,0.E0));
#12576=VECTOR('',#12575,2.540113701847E-1);
#12577=CARTESIAN_POINT('',(3.384671441016E0,3.665E0,-6.9E0));
#12578=LINE('',#12577,#12576);
#12579=CARTESIAN_POINT('',(4.239428840007E0,3.665E0,-7.028945757222E0));
#12580=DIRECTION('',(0.E0,1.E0,0.E0));
#12581=DIRECTION('',(-9.777308447951E-1,0.E0,2.098628007444E-1));
#12582=AXIS2_PLACEMENT_3D('',#12579,#12580,#12581);
#12584=DIRECTION('',(4.020196913881E-1,0.E0,9.156310216109E-1));
#12585=VECTOR('',#12584,8.524572723956E-1);
#12586=CARTESIAN_POINT('',(3.676838733524E0,3.665E0,-6.781933264583E0));
#12587=LINE('',#12586,#12585);
#12588=CARTESIAN_POINT('',(3.594251555568E0,3.665E0,-5.814667058778E0));
#12589=DIRECTION('',(0.E0,-1.E0,0.E0));
#12590=DIRECTION('',(9.156310216109E-1,0.E0,-4.020196913881E-1));
#12591=AXIS2_PLACEMENT_3D('',#12588,#12589,#12590);
#12593=DIRECTION('',(-4.351996720534E-1,0.E0,9.003339632851E-1));
#12594=VECTOR('',#12593,7.483238997954E-1);
#12595=CARTESIAN_POINT('',(4.012438173953E0,3.665E0,-5.612525757217E0));
#12596=LINE('',#12595,#12594);
#12597=CARTESIAN_POINT('',(4.244748313552E0,3.665E0,-4.669070071880E0));
#12598=DIRECTION('',(0.E0,1.E0,0.E0));
#12599=DIRECTION('',(-9.003339632851E-1,0.E0,-4.351996720534E-1));
#12600=AXIS2_PLACEMENT_3D('',#12597,#12598,#12599);
#12602=DIRECTION('',(0.E0,0.E0,1.E0));
#12603=VECTOR('',#12602,4.190700718798E-1);
#12604=CARTESIAN_POINT('',(3.625E0,3.665E0,-4.669070071880E0));
#12605=LINE('',#12604,#12603);
#12606=DIRECTION('',(0.E0,-1.E0,0.E0));
#12607=VECTOR('',#12606,1.E0);
#12608=CARTESIAN_POINT('',(3.375E0,3.665E0,-4.669070071880E0));
#12609=LINE('',#12608,#12607);
#12610=DIRECTION('',(0.E0,0.E0,1.E0));
#12611=VECTOR('',#12610,1.261770071880E0);
#12612=CARTESIAN_POINT('',(3.375E0,2.665E0,-4.669070071880E0));
#12613=LINE('',#12612,#12611);
#12614=DIRECTION('',(0.E0,0.E0,-1.E0));
#12615=VECTOR('',#12614,1.261770071880E0);
#12616=CARTESIAN_POINT('',(3.625E0,2.665E0,-3.4073E0));
#12617=LINE('',#12616,#12615);
#12618=CARTESIAN_POINT('',(4.244748313552E0,2.665E0,-4.669070071880E0));
#12619=DIRECTION('',(0.E0,1.E0,0.E0));
#12620=DIRECTION('',(-9.003339632851E-1,0.E0,-4.351996720534E-1));
#12621=AXIS2_PLACEMENT_3D('',#12618,#12619,#12620);
#12623=DIRECTION('',(-4.351996720534E-1,0.E0,9.003339632851E-1));
#12624=VECTOR('',#12623,7.483238997954E-1);
#12625=CARTESIAN_POINT('',(4.012438173953E0,2.665E0,-5.612525757217E0));
#12626=LINE('',#12625,#12624);
#12627=CARTESIAN_POINT('',(3.594251555568E0,2.665E0,-5.814667058778E0));
#12628=DIRECTION('',(0.E0,-1.E0,0.E0));
#12629=DIRECTION('',(9.156310216109E-1,0.E0,-4.020196913881E-1));
#12630=AXIS2_PLACEMENT_3D('',#12627,#12628,#12629);
#12632=DIRECTION('',(4.020196913881E-1,0.E0,9.156310216109E-1));
#12633=VECTOR('',#12632,8.524572723956E-1);
#12634=CARTESIAN_POINT('',(3.676838733524E0,2.665E0,-6.781933264583E0));
#12635=LINE('',#12634,#12633);
#12636=CARTESIAN_POINT('',(4.239428840007E0,2.665E0,-7.028945757222E0));
#12637=DIRECTION('',(0.E0,1.E0,0.E0));
#12638=DIRECTION('',(-9.777308447951E-1,0.E0,2.098628007444E-1));
#12639=AXIS2_PLACEMENT_3D('',#12636,#12637,#12638);
#12641=DIRECTION('',(1.E0,0.E0,0.E0));
#12642=VECTOR('',#12641,2.540113701847E-1);
#12643=CARTESIAN_POINT('',(3.384671441016E0,2.665E0,-6.9E0));
#12644=LINE('',#12643,#12642);
#12645=CARTESIAN_POINT('',(4.239428840007E0,2.665E0,-7.028945757222E0));
#12646=DIRECTION('',(0.E0,-1.E0,0.E0));
#12647=DIRECTION('',(-9.156310216109E-1,0.E0,4.020196913881E-1));
#12648=AXIS2_PLACEMENT_3D('',#12645,#12646,#12647);
#12650=DIRECTION('',(-4.020196913881E-1,0.E0,-9.156310216109E-1));
#12651=VECTOR('',#12650,8.524572723956E-1);
#12652=CARTESIAN_POINT('',(3.790635587691E0,2.665E0,-5.900892018532E0));
#12653=LINE('',#12652,#12651);
#12654=CARTESIAN_POINT('',(3.594251555568E0,2.665E0,-5.814667058778E0));
#12655=DIRECTION('',(0.E0,1.E0,0.E0));
#12656=DIRECTION('',(9.003339632851E-1,0.E0,4.351996720534E-1));
#12657=AXIS2_PLACEMENT_3D('',#12654,#12655,#12656);
#12659=DIRECTION('',(4.351996720534E-1,0.E0,-9.003339632851E-1));
#12660=VECTOR('',#12659,7.483238997954E-1);
#12661=CARTESIAN_POINT('',(3.461684367351E0,2.665E0,-5.047584252707E0));
#12662=LINE('',#12661,#12660);
#12663=CARTESIAN_POINT('',(4.244748313552E0,2.665E0,-4.669070071880E0));
#12664=DIRECTION('',(0.E0,-1.E0,0.E0));
#12665=DIRECTION('',(-1.E0,0.E0,0.E0));
#12666=AXIS2_PLACEMENT_3D('',#12663,#12664,#12665);
#12668=DIRECTION('',(-1.E0,0.E0,0.E0));
#12669=VECTOR('',#12668,2.5E-1);
#12670=CARTESIAN_POINT('',(3.625E0,2.665E0,-3.4073E0));
#12671=LINE('',#12670,#12669);
#12672=DIRECTION('',(-1.E0,0.E0,0.E0));
#12673=VECTOR('',#12672,2.5E-1);
#12674=CARTESIAN_POINT('',(3.625E0,1.7784E0,-3.4073E0));
#12675=LINE('',#12674,#12673);
#12676=DIRECTION('',(0.E0,-1.E0,0.E0));
#12677=VECTOR('',#12676,1.E0);
#12678=CARTESIAN_POINT('',(3.686767858172E0,3.665E0,-4.938784334693E0));
#12679=LINE('',#12678,#12677);
#12680=DIRECTION('',(0.E0,-1.E0,0.E0));
#12681=VECTOR('',#12680,1.E0);
#12682=CARTESIAN_POINT('',(4.012438173953E0,3.665E0,-5.612525757217E0));
#12683=LINE('',#12682,#12681);
#12684=DIRECTION('',(0.E0,-1.E0,0.E0));
#12685=VECTOR('',#12684,1.E0);
#12686=CARTESIAN_POINT('',(4.019543343094E0,3.665E0,-6.001396941379E0));
#12687=LINE('',#12686,#12685);
#12688=DIRECTION('',(0.E0,-1.E0,0.E0));
#12689=VECTOR('',#12688,1.E0);
#12690=CARTESIAN_POINT('',(3.676838733524E0,3.665E0,-6.781933264583E0));
#12691=LINE('',#12690,#12689);
#12692=CARTESIAN_POINT('',(3.638682811200E0,2.665E0,-6.9E0));
#12693=CARTESIAN_POINT('',(3.634076560774E0,2.665E0,-6.921460082989E0));
#12694=CARTESIAN_POINT('',(3.627228602453E0,2.667761823600E0,
-6.964578094462E0));
#12695=CARTESIAN_POINT('',(3.625E0,2.676215187793E0,-7.007599047869E0));
#12696=CARTESIAN_POINT('',(3.625E0,2.681913059901E0,-7.028945757222E0));
#12698=CARTESIAN_POINT('',(3.625E0,3.648086940099E0,-7.028945757222E0));
#12699=CARTESIAN_POINT('',(3.625E0,3.653786450142E0,-7.007592911452E0));
#12700=CARTESIAN_POINT('',(3.627229933420E0,3.662239824932E0,
-6.964565314381E0));
#12701=CARTESIAN_POINT('',(3.634077893756E0,3.665E0,-6.921453872756E0));
#12702=CARTESIAN_POINT('',(3.638682811200E0,3.665E0,-6.9E0));
#12704=DIRECTION('',(0.E0,-1.E0,0.E0));
#12705=VECTOR('',#12704,9.661738801985E-1);
#12706=CARTESIAN_POINT('',(3.625E0,3.648086940099E0,-7.028945757222E0));
#12707=LINE('',#12706,#12705);
#12708=CARTESIAN_POINT('',(3.625E0,3.165E0,-6.9E0));
#12709=DIRECTION('',(1.E0,0.E0,0.E0));
#12710=DIRECTION('',(0.E0,-9.661738801985E-1,-2.578915144438E-1));
#12711=AXIS2_PLACEMENT_3D('',#12708,#12709,#12710);
#12713=CARTESIAN_POINT('',(3.384671441016E0,3.665E0,-6.9E0));
#12714=CARTESIAN_POINT('',(3.381404694563E0,3.665E0,-6.921654653562E0));
#12715=CARTESIAN_POINT('',(3.376566792241E0,3.662193051085E0,
-6.964883949847E0));
#12716=CARTESIAN_POINT('',(3.375E0,3.653755645335E0,-7.007708319670E0));
#12717=CARTESIAN_POINT('',(3.375E0,3.648086940099E0,-7.028945757222E0));
#12719=DIRECTION('',(0.E0,-1.E0,0.E0));
#12720=VECTOR('',#12719,1.E0);
#12721=CARTESIAN_POINT('',(3.447930978121E0,3.665E0,-6.681428341735E0));
#12722=LINE('',#12721,#12720);
#12723=CARTESIAN_POINT('',(3.375E0,2.681913059901E0,-7.028945757222E0));
#12724=CARTESIAN_POINT('',(3.375E0,2.676245866913E0,-7.007713985209E0));
#12725=CARTESIAN_POINT('',(3.376565923829E0,2.667808485454E0,
-6.964895762494E0));
#12726=CARTESIAN_POINT('',(3.381403819825E0,2.665E0,-6.921660452041E0));
#12727=CARTESIAN_POINT('',(3.384671441016E0,2.665E0,-6.9E0));
#12729=DIRECTION('',(0.E0,-1.E0,0.E0));
#12730=VECTOR('',#12729,1.E0);
#12731=CARTESIAN_POINT('',(3.790635587691E0,3.665E0,-5.900892018532E0));
#12732=LINE('',#12731,#12730);
#12733=DIRECTION('',(0.E0,-1.E0,0.E0));
#12734=VECTOR('',#12733,1.E0);
#12735=CARTESIAN_POINT('',(3.787354683132E0,3.665E0,-5.721325675230E0));
#12736=LINE('',#12735,#12734);
#12737=DIRECTION('',(0.E0,-1.E0,0.E0));
#12738=VECTOR('',#12737,1.E0);
#12739=CARTESIAN_POINT('',(3.461684367351E0,3.665E0,-5.047584252707E0));
#12740=LINE('',#12739,#12738);
#12741=CARTESIAN_POINT('',(3.375E0,3.165E0,-6.9E0));
#12742=DIRECTION('',(-1.E0,0.E0,0.E0));
#12743=DIRECTION('',(0.E0,9.661738801985E-1,-2.578915144438E-1));
#12744=AXIS2_PLACEMENT_3D('',#12741,#12742,#12743);
#12746=DIRECTION('',(0.E0,-1.E0,0.E0));
#12747=VECTOR('',#12746,9.661738801985E-1);
#12748=CARTESIAN_POINT('',(3.375E0,3.648086940099E0,-7.028945757222E0));
#12749=LINE('',#12748,#12747);
#12750=CARTESIAN_POINT('',(-2.15E0,-2.085E0,2.15E0));
#12751=DIRECTION('',(0.E0,-1.E0,0.E0));
#12752=DIRECTION('',(1.E0,0.E0,0.E0));
#12753=AXIS2_PLACEMENT_3D('',#12750,#12751,#12752);
#12755=DIRECTION('',(0.E0,-1.E0,3.600542086701E-10));
#12756=VECTOR('',#12755,2.E-1);
#12757=CARTESIAN_POINT('',(-1.65E0,-1.885E0,2.15E0));
#12758=LINE('',#12757,#12756);
#12759=CARTESIAN_POINT('',(-1.85E0,-2.085E0,2.15E0));
#12760=DIRECTION('',(0.E0,0.E0,1.E0));
#12761=DIRECTION('',(0.E0,-1.E0,0.E0));
#12762=AXIS2_PLACEMENT_3D('',#12759,#12760,#12761);
#12764=CARTESIAN_POINT('',(-2.15E0,-2.285E0,2.15E0));
#12765=DIRECTION('',(0.E0,-1.E0,0.E0));
#12766=DIRECTION('',(-1.E0,0.E0,0.E0));
#12767=AXIS2_PLACEMENT_3D('',#12764,#12765,#12766);
#12769=CARTESIAN_POINT('',(-2.15E0,-2.285E0,2.15E0));
#12770=DIRECTION('',(0.E0,-1.E0,0.E0));
#12771=DIRECTION('',(1.E0,0.E0,0.E0));
#12772=AXIS2_PLACEMENT_3D('',#12769,#12770,#12771);
#12774=CARTESIAN_POINT('',(-2.45E0,-2.085E0,2.15E0));
#12775=DIRECTION('',(0.E0,0.E0,-1.E0));
#12776=DIRECTION('',(0.E0,-1.E0,0.E0));
#12777=AXIS2_PLACEMENT_3D('',#12774,#12775,#12776);
#12779=CARTESIAN_POINT('',(-2.15E0,-2.085E0,2.15E0));
#12780=DIRECTION('',(0.E0,-1.E0,0.E0));
#12781=DIRECTION('',(-1.E0,0.E0,0.E0));
#12782=AXIS2_PLACEMENT_3D('',#12779,#12780,#12781);
#12784=DIRECTION('',(0.E0,-1.E0,-3.600542086701E-10));
#12785=VECTOR('',#12784,2.E-1);
#12786=CARTESIAN_POINT('',(-2.65E0,-1.885E0,2.15E0));
#12787=LINE('',#12786,#12785);
#12788=CARTESIAN_POINT('',(2.15E0,-2.085E0,2.15E0));
#12789=DIRECTION('',(0.E0,-1.E0,0.E0));
#12790=DIRECTION('',(1.E0,0.E0,0.E0));
#12791=AXIS2_PLACEMENT_3D('',#12788,#12789,#12790);
#12793=DIRECTION('',(0.E0,-1.E0,3.600564291162E-10));
#12794=VECTOR('',#12793,2.E-1);
#12795=CARTESIAN_POINT('',(1.65E0,-1.885E0,2.15E0));
#12796=LINE('',#12795,#12794);
#12797=CARTESIAN_POINT('',(2.45E0,-2.085E0,2.15E0));
#12798=DIRECTION('',(0.E0,0.E0,1.E0));
#12799=DIRECTION('',(0.E0,-1.E0,0.E0));
#12800=AXIS2_PLACEMENT_3D('',#12797,#12798,#12799);
#12802=CARTESIAN_POINT('',(2.15E0,-2.285E0,2.15E0));
#12803=DIRECTION('',(0.E0,-1.E0,0.E0));
#12804=DIRECTION('',(-1.E0,0.E0,0.E0));
#12805=AXIS2_PLACEMENT_3D('',#12802,#12803,#12804);
#12807=CARTESIAN_POINT('',(2.15E0,-2.285E0,2.15E0));
#12808=DIRECTION('',(0.E0,-1.E0,0.E0));
#12809=DIRECTION('',(1.E0,0.E0,0.E0));
#12810=AXIS2_PLACEMENT_3D('',#12807,#12808,#12809);
#12812=CARTESIAN_POINT('',(1.85E0,-2.085E0,2.15E0));
#12813=DIRECTION('',(0.E0,0.E0,-1.E0));
#12814=DIRECTION('',(0.E0,-1.E0,0.E0));
#12815=AXIS2_PLACEMENT_3D('',#12812,#12813,#12814);
#12817=CARTESIAN_POINT('',(2.15E0,-2.085E0,2.15E0));
#12818=DIRECTION('',(0.E0,-1.E0,0.E0));
#12819=DIRECTION('',(-1.E0,0.E0,0.E0));
#12820=AXIS2_PLACEMENT_3D('',#12817,#12818,#12819);
#12822=DIRECTION('',(0.E0,-1.E0,-3.600542086701E-10));
#12823=VECTOR('',#12822,2.E-1);
#12824=CARTESIAN_POINT('',(2.65E0,-1.885E0,2.15E0));
#12825=LINE('',#12824,#12823);
#12826=CARTESIAN_POINT('',(-2.15E0,-2.085E0,-2.15E0));
#12827=DIRECTION('',(0.E0,-1.E0,0.E0));
#12828=DIRECTION('',(-1.E0,0.E0,0.E0));
#12829=AXIS2_PLACEMENT_3D('',#12826,#12827,#12828);
#12831=DIRECTION('',(0.E0,-1.E0,-3.600564291162E-10));
#12832=VECTOR('',#12831,2.E-1);
#12833=CARTESIAN_POINT('',(-1.65E0,-1.885E0,-2.15E0));
#12834=LINE('',#12833,#12832);
#12835=CARTESIAN_POINT('',(-2.45E0,-2.085E0,-2.15E0));
#12836=DIRECTION('',(0.E0,0.E0,-1.E0));
#12837=DIRECTION('',(0.E0,-1.E0,0.E0));
#12838=AXIS2_PLACEMENT_3D('',#12835,#12836,#12837);
#12840=CARTESIAN_POINT('',(-2.15E0,-2.285E0,-2.15E0));
#12841=DIRECTION('',(0.E0,-1.E0,0.E0));
#12842=DIRECTION('',(1.E0,0.E0,0.E0));
#12843=AXIS2_PLACEMENT_3D('',#12840,#12841,#12842);
#12845=CARTESIAN_POINT('',(-2.15E0,-2.285E0,-2.15E0));
#12846=DIRECTION('',(0.E0,-1.E0,0.E0));
#12847=DIRECTION('',(-1.E0,0.E0,0.E0));
#12848=AXIS2_PLACEMENT_3D('',#12845,#12846,#12847);
#12850=CARTESIAN_POINT('',(-1.85E0,-2.085E0,-2.15E0));
#12851=DIRECTION('',(0.E0,0.E0,1.E0));
#12852=DIRECTION('',(0.E0,-1.E0,0.E0));
#12853=AXIS2_PLACEMENT_3D('',#12850,#12851,#12852);
#12855=CARTESIAN_POINT('',(-2.15E0,-2.085E0,-2.15E0));
#12856=DIRECTION('',(0.E0,-1.E0,0.E0));
#12857=DIRECTION('',(1.E0,0.E0,0.E0));
#12858=AXIS2_PLACEMENT_3D('',#12855,#12856,#12857);
#12860=DIRECTION('',(0.E0,-1.E0,3.600542086701E-10));
#12861=VECTOR('',#12860,2.E-1);
#12862=CARTESIAN_POINT('',(-2.65E0,-1.885E0,-2.15E0));
#12863=LINE('',#12862,#12861);
#12864=CARTESIAN_POINT('',(2.15E0,-2.085E0,-2.15E0));
#12865=DIRECTION('',(0.E0,-1.E0,0.E0));
#12866=DIRECTION('',(-1.E0,0.E0,0.E0));
#12867=AXIS2_PLACEMENT_3D('',#12864,#12865,#12866);
#12869=DIRECTION('',(0.E0,-1.E0,-3.600542086701E-10));
#12870=VECTOR('',#12869,2.E-1);
#12871=CARTESIAN_POINT('',(1.65E0,-1.885E0,-2.15E0));
#12872=LINE('',#12871,#12870);
#12873=CARTESIAN_POINT('',(1.85E0,-2.085E0,-2.15E0));
#12874=DIRECTION('',(0.E0,0.E0,-1.E0));
#12875=DIRECTION('',(0.E0,-1.E0,0.E0));
#12876=AXIS2_PLACEMENT_3D('',#12873,#12874,#12875);
#12878=CARTESIAN_POINT('',(2.15E0,-2.285E0,-2.15E0));
#12879=DIRECTION('',(0.E0,-1.E0,0.E0));
#12880=DIRECTION('',(1.E0,0.E0,0.E0));
#12881=AXIS2_PLACEMENT_3D('',#12878,#12879,#12880);
#12883=CARTESIAN_POINT('',(2.15E0,-2.285E0,-2.15E0));
#12884=DIRECTION('',(0.E0,-1.E0,0.E0));
#12885=DIRECTION('',(-1.E0,0.E0,0.E0));
#12886=AXIS2_PLACEMENT_3D('',#12883,#12884,#12885);
#12888=CARTESIAN_POINT('',(2.45E0,-2.085E0,-2.15E0));
#12889=DIRECTION('',(0.E0,0.E0,1.E0));
#12890=DIRECTION('',(0.E0,-1.E0,0.E0));
#12891=AXIS2_PLACEMENT_3D('',#12888,#12889,#12890);
#12893=CARTESIAN_POINT('',(2.15E0,-2.085E0,-2.15E0));
#12894=DIRECTION('',(0.E0,-1.E0,0.E0));
#12895=DIRECTION('',(1.E0,0.E0,0.E0));
#12896=AXIS2_PLACEMENT_3D('',#12893,#12894,#12895);
#12898=DIRECTION('',(0.E0,-1.E0,3.600542086701E-10));
#12899=VECTOR('',#12898,2.E-1);
#12900=CARTESIAN_POINT('',(2.65E0,-1.885E0,-2.15E0));
#12901=LINE('',#12900,#12899);
#12902=CARTESIAN_POINT('',(-3.375E0,3.165E0,-6.9E0));
#12903=DIRECTION('',(1.E0,0.E0,0.E0));
#12904=DIRECTION('',(0.E0,-9.661738801985E-1,-2.578915144438E-1));
#12905=AXIS2_PLACEMENT_3D('',#12902,#12903,#12904);
#12907=DIRECTION('',(0.E0,-1.E0,0.E0));
#12908=VECTOR('',#12907,9.661738801985E-1);
#12909=CARTESIAN_POINT('',(-3.375E0,3.648086940099E0,-7.028945757222E0));
#12910=LINE('',#12909,#12908);
#12911=CARTESIAN_POINT('',(1.6E0,-1.635E0,0.E0));
#12912=CARTESIAN_POINT('',(-1.6E0,-1.635E0,0.E0));
#12913=VERTEX_POINT('',#12911);
#12914=VERTEX_POINT('',#12912);
#12915=CARTESIAN_POINT('',(1.6E0,-1.885E0,0.E0));
#12916=CARTESIAN_POINT('',(-1.6E0,-1.885E0,0.E0));
#12917=VERTEX_POINT('',#12915);
#12918=VERTEX_POINT('',#12916);
#12919=CARTESIAN_POINT('',(-2.7E0,-1.635E0,-3.1E0));
#12920=CARTESIAN_POINT('',(-3.1E0,-1.635E0,-2.7E0));
#12921=VERTEX_POINT('',#12919);
#12922=VERTEX_POINT('',#12920);
#12923=CARTESIAN_POINT('',(-3.1E0,-1.885E0,-2.7E0));
#12924=VERTEX_POINT('',#12923);
#12925=CARTESIAN_POINT('',(-2.7E0,-1.885E0,-3.1E0));
#12926=VERTEX_POINT('',#12925);
#12927=CARTESIAN_POINT('',(3.1E0,-1.635E0,-2.7E0));
#12928=CARTESIAN_POINT('',(2.7E0,-1.635E0,-3.1E0));
#12929=VERTEX_POINT('',#12927);
#12930=VERTEX_POINT('',#12928);
#12931=CARTESIAN_POINT('',(2.7E0,-1.885E0,-3.1E0));
#12932=VERTEX_POINT('',#12931);
#12933=CARTESIAN_POINT('',(3.1E0,-1.885E0,-2.7E0));
#12934=VERTEX_POINT('',#12933);
#12935=CARTESIAN_POINT('',(-1.65E0,-1.885E0,2.15E0));
#12936=CARTESIAN_POINT('',(-2.65E0,-1.885E0,2.15E0));
#12937=VERTEX_POINT('',#12935);
#12938=VERTEX_POINT('',#12936);
#12939=CARTESIAN_POINT('',(-2.45E0,-2.285E0,2.15E0));
#12940=CARTESIAN_POINT('',(-1.85E0,-2.285E0,2.15E0));
#12941=VERTEX_POINT('',#12939);
#12942=VERTEX_POINT('',#12940);
#12943=CARTESIAN_POINT('',(-2.65E0,-2.085E0,2.15E0));
#12944=CARTESIAN_POINT('',(-1.65E0,-2.085E0,2.15E0));
#12945=VERTEX_POINT('',#12943);
#12946=VERTEX_POINT('',#12944);
#12947=CARTESIAN_POINT('',(1.65E0,-1.885E0,2.15E0));
#12948=CARTESIAN_POINT('',(2.65E0,-1.885E0,2.15E0));
#12949=VERTEX_POINT('',#12947);
#12950=VERTEX_POINT('',#12948);
#12951=CARTESIAN_POINT('',(1.85E0,-2.285E0,2.15E0));
#12952=CARTESIAN_POINT('',(2.45E0,-2.285E0,2.15E0));
#12953=VERTEX_POINT('',#12951);
#12954=VERTEX_POINT('',#12952);
#12955=CARTESIAN_POINT('',(1.65E0,-2.085E0,2.15E0));
#12956=CARTESIAN_POINT('',(2.65E0,-2.085E0,2.15E0));
#12957=VERTEX_POINT('',#12955);
#12958=VERTEX_POINT('',#12956);
#12959=CARTESIAN_POINT('',(-1.65E0,-1.885E0,-2.15E0));
#12960=CARTESIAN_POINT('',(-2.65E0,-1.885E0,-2.15E0));
#12961=VERTEX_POINT('',#12959);
#12962=VERTEX_POINT('',#12960);
#12963=CARTESIAN_POINT('',(-1.85E0,-2.285E0,-2.15E0));
#12964=CARTESIAN_POINT('',(-2.45E0,-2.285E0,-2.15E0));
#12965=VERTEX_POINT('',#12963);
#12966=VERTEX_POINT('',#12964);
#12967=CARTESIAN_POINT('',(-1.65E0,-2.085E0,-2.15E0));
#12968=CARTESIAN_POINT('',(-2.65E0,-2.085E0,-2.15E0));
#12969=VERTEX_POINT('',#12967);
#12970=VERTEX_POINT('',#12968);
#12971=CARTESIAN_POINT('',(1.65E0,-1.885E0,-2.15E0));
#12972=CARTESIAN_POINT('',(2.65E0,-1.885E0,-2.15E0));
#12973=VERTEX_POINT('',#12971);
#12974=VERTEX_POINT('',#12972);
#12975=CARTESIAN_POINT('',(2.45E0,-2.285E0,-2.15E0));
#12976=CARTESIAN_POINT('',(1.85E0,-2.285E0,-2.15E0));
#12977=VERTEX_POINT('',#12975);
#12978=VERTEX_POINT('',#12976);
#12979=CARTESIAN_POINT('',(2.65E0,-2.085E0,-2.15E0));
#12980=CARTESIAN_POINT('',(1.65E0,-2.085E0,-2.15E0));
#12981=VERTEX_POINT('',#12979);
#12982=VERTEX_POINT('',#12980);
#12983=CARTESIAN_POINT('',(3.1E0,-1.635E0,0.E0));
#12984=CARTESIAN_POINT('',(3.1E0,-1.885E0,0.E0));
#12985=VERTEX_POINT('',#12983);
#12986=VERTEX_POINT('',#12984);
#12987=CARTESIAN_POINT('',(3.625E0,4.665E0,-1.E0));
#12988=CARTESIAN_POINT('',(3.375E0,4.665E0,-1.E0));
#12989=VERTEX_POINT('',#12987);
#12990=VERTEX_POINT('',#12988);
#12991=CARTESIAN_POINT('',(3.375E0,-1.635E0,0.E0));
#12992=CARTESIAN_POINT('',(3.375E0,-1.635E0,3.1E0));
#12993=VERTEX_POINT('',#12991);
#12994=VERTEX_POINT('',#12992);
#12995=CARTESIAN_POINT('',(3.375E0,3.665E0,-4.669070071880E0));
#12996=CARTESIAN_POINT('',(3.461684367351E0,3.665E0,-5.047584252707E0));
#12997=VERTEX_POINT('',#12995);
#12998=VERTEX_POINT('',#12996);
#12999=CARTESIAN_POINT('',(3.787354683132E0,3.665E0,-5.721325675230E0));
#13000=VERTEX_POINT('',#12999);
#13001=CARTESIAN_POINT('',(3.790635587691E0,3.665E0,-5.900892018532E0));
#13002=VERTEX_POINT('',#13001);
#13003=CARTESIAN_POINT('',(3.447930978121E0,3.665E0,-6.681428341735E0));
#13004=VERTEX_POINT('',#13003);
#13005=CARTESIAN_POINT('',(3.676838733524E0,3.665E0,-6.781933264583E0));
#13006=CARTESIAN_POINT('',(4.019543343094E0,3.665E0,-6.001396941379E0));
#13007=VERTEX_POINT('',#13005);
#13008=VERTEX_POINT('',#13006);
#13009=CARTESIAN_POINT('',(4.012438173953E0,3.665E0,-5.612525757217E0));
#13010=VERTEX_POINT('',#13009);
#13011=CARTESIAN_POINT('',(3.686767858172E0,3.665E0,-4.938784334693E0));
#13012=VERTEX_POINT('',#13011);
#13013=CARTESIAN_POINT('',(3.625E0,3.665E0,-4.669070071880E0));
#13014=VERTEX_POINT('',#13013);
#13015=CARTESIAN_POINT('',(3.375E0,2.665E0,-4.669070071880E0));
#13016=CARTESIAN_POINT('',(3.461684367351E0,2.665E0,-5.047584252707E0));
#13017=VERTEX_POINT('',#13015);
#13018=VERTEX_POINT('',#13016);
#13019=CARTESIAN_POINT('',(3.787354683132E0,2.665E0,-5.721325675230E0));
#13020=VERTEX_POINT('',#13019);
#13021=CARTESIAN_POINT('',(3.790635587691E0,2.665E0,-5.900892018532E0));
#13022=VERTEX_POINT('',#13021);
#13023=CARTESIAN_POINT('',(3.447930978121E0,2.665E0,-6.681428341735E0));
#13024=VERTEX_POINT('',#13023);
#13025=CARTESIAN_POINT('',(3.676838733524E0,2.665E0,-6.781933264583E0));
#13026=CARTESIAN_POINT('',(4.019543343094E0,2.665E0,-6.001396941379E0));
#13027=VERTEX_POINT('',#13025);
#13028=VERTEX_POINT('',#13026);
#13029=CARTESIAN_POINT('',(4.012438173953E0,2.665E0,-5.612525757217E0));
#13030=VERTEX_POINT('',#13029);
#13031=CARTESIAN_POINT('',(3.686767858172E0,2.665E0,-4.938784334693E0));
#13032=VERTEX_POINT('',#13031);
#13033=CARTESIAN_POINT('',(3.625E0,2.665E0,-4.669070071880E0));
#13034=VERTEX_POINT('',#13033);
#13035=VERTEX_POINT('',#12692);
#13036=VERTEX_POINT('',#12696);
#13037=CARTESIAN_POINT('',(3.625E0,3.648086940099E0,-7.028945757222E0));
#13038=VERTEX_POINT('',#13037);
#13039=VERTEX_POINT('',#12702);
#13040=CARTESIAN_POINT('',(3.384671441016E0,3.665E0,-6.9E0));
#13041=VERTEX_POINT('',#13040);
#13042=VERTEX_POINT('',#12717);
#13043=CARTESIAN_POINT('',(3.375E0,2.681913059901E0,-7.028945757222E0));
#13044=VERTEX_POINT('',#13043);
#13045=VERTEX_POINT('',#12727);
#13046=CARTESIAN_POINT('',(3.375E0,2.665E0,-3.4073E0));
#13047=CARTESIAN_POINT('',(3.375E0,1.7784E0,-3.4073E0));
#13048=VERTEX_POINT('',#13046);
#13049=VERTEX_POINT('',#13047);
#13050=CARTESIAN_POINT('',(3.375E0,1.117729951915E0,-4.E0));
#13051=VERTEX_POINT('',#13050);
#13052=CARTESIAN_POINT('',(3.625E0,2.665E0,-3.4073E0));
#13053=CARTESIAN_POINT('',(3.625E0,1.7784E0,-3.4073E0));
#13054=VERTEX_POINT('',#13052);
#13055=VERTEX_POINT('',#13053);
#13056=CARTESIAN_POINT('',(3.625E0,1.117729951915E0,-4.E0));
#13057=VERTEX_POINT('',#13056);
#13058=CARTESIAN_POINT('',(3.375E0,3.915E0,-4.E0));
#13059=CARTESIAN_POINT('',(3.625E0,3.915E0,-4.E0));
#13060=VERTEX_POINT('',#13058);
#13061=VERTEX_POINT('',#13059);
#13062=CARTESIAN_POINT('',(3.375E0,3.665E0,-4.25E0));
#13063=CARTESIAN_POINT('',(3.625E0,3.665E0,-4.25E0));
#13064=VERTEX_POINT('',#13062);
#13065=VERTEX_POINT('',#13063);
#13066=CARTESIAN_POINT('',(3.375E0,2.415E0,-2.5E-1));
#13067=CARTESIAN_POINT('',(3.625E0,2.415E0,-2.5E-1));
#13068=VERTEX_POINT('',#13066);
#13069=VERTEX_POINT('',#13067);
#13070=CARTESIAN_POINT('',(3.375E0,2.165E0,0.E0));
#13071=CARTESIAN_POINT('',(3.625E0,2.165E0,0.E0));
#13072=VERTEX_POINT('',#13070);
#13073=VERTEX_POINT('',#13071);
#13074=CARTESIAN_POINT('',(3.375E0,2.296455524384E0,-1.673282039471E0));
#13075=CARTESIAN_POINT('',(3.625E0,2.296455524384E0,-1.673282039471E0));
#13076=VERTEX_POINT('',#13074);
#13077=VERTEX_POINT('',#13075);
#13078=CARTESIAN_POINT('',(3.375E0,2.415E0,-1.460633397085E0));
#13079=CARTESIAN_POINT('',(3.625E0,2.415E0,-1.460633397085E0));
#13080=VERTEX_POINT('',#13078);
#13081=VERTEX_POINT('',#13079);
#13082=CARTESIAN_POINT('',(3.625E0,-1.635E0,0.E0));
#13083=CARTESIAN_POINT('',(3.375E0,-1.885E0,0.E0));
#13084=VERTEX_POINT('',#13082);
#13085=VERTEX_POINT('',#13083);
#13086=CARTESIAN_POINT('',(3.375E0,-1.885E0,3.1E0));
#13087=VERTEX_POINT('',#13086);
#13088=CARTESIAN_POINT('',(3.625E0,-1.635E0,3.1E0));
#13089=VERTEX_POINT('',#13088);
#13090=CARTESIAN_POINT('',(3.375E0,2.942243500684E0,3.1E0));
#13091=CARTESIAN_POINT('',(3.375E0,3.176090566579E0,2.938405598082E0));
#13092=VERTEX_POINT('',#13090);
#13093=VERTEX_POINT('',#13091);
#13094=CARTESIAN_POINT('',(3.625E0,3.176090566579E0,2.938405598082E0));
#13095=VERTEX_POINT('',#13094);
#13096=CARTESIAN_POINT('',(3.625E0,2.942243500684E0,3.1E0));
#13097=VERTEX_POINT('',#13096);
#13098=CARTESIAN_POINT('',(3.375E0,4.665E0,-3.75E0));
#13099=CARTESIAN_POINT('',(3.375E0,4.415E0,-4.E0));
#13100=VERTEX_POINT('',#13098);
#13101=VERTEX_POINT('',#13099);
#13102=CARTESIAN_POINT('',(3.625E0,4.415E0,-4.E0));
#13103=VERTEX_POINT('',#13102);
#13104=CARTESIAN_POINT('',(3.625E0,4.665E0,-3.75E0));
#13105=VERTEX_POINT('',#13104);
#13106=CARTESIAN_POINT('',(3.375E0,-3.35E-1,-3.439366602915E0));
#13107=CARTESIAN_POINT('',(3.375E0,-2.164555243844E-1,-3.226717960529E0));
#13108=VERTEX_POINT('',#13106);
#13109=VERTEX_POINT('',#13107);
#13110=CARTESIAN_POINT('',(3.625E0,-2.164555243844E-1,-3.226717960529E0));
#13111=VERTEX_POINT('',#13110);
#13112=CARTESIAN_POINT('',(3.625E0,-3.35E-1,-3.439366602915E0));
#13113=VERTEX_POINT('',#13112);
#13114=CARTESIAN_POINT('',(3.375E0,-8.5E-2,-4.E0));
#13115=CARTESIAN_POINT('',(3.375E0,-3.35E-1,-3.75E0));
#13116=VERTEX_POINT('',#13114);
#13117=VERTEX_POINT('',#13115);
#13118=CARTESIAN_POINT('',(3.625E0,-3.35E-1,-3.75E0));
#13119=VERTEX_POINT('',#13118);
#13120=CARTESIAN_POINT('',(3.625E0,-8.5E-2,-4.E0));
#13121=VERTEX_POINT('',#13120);
#13122=CARTESIAN_POINT('',(-3.375E0,4.665E0,-1.E0));
#13123=CARTESIAN_POINT('',(-3.625E0,4.665E0,-1.E0));
#13124=VERTEX_POINT('',#13122);
#13125=VERTEX_POINT('',#13123);
#13126=CARTESIAN_POINT('',(-3.375E0,3.665E0,-4.669070071880E0));
#13127=CARTESIAN_POINT('',(-3.461684367351E0,3.665E0,-5.047584252707E0));
#13128=VERTEX_POINT('',#13126);
#13129=VERTEX_POINT('',#13127);
#13130=CARTESIAN_POINT('',(-3.787354683132E0,3.665E0,-5.721325675230E0));
#13131=VERTEX_POINT('',#13130);
#13132=CARTESIAN_POINT('',(-3.790635587691E0,3.665E0,-5.900892018532E0));
#13133=VERTEX_POINT('',#13132);
#13134=CARTESIAN_POINT('',(-3.447930978121E0,3.665E0,-6.681428341735E0));
#13135=VERTEX_POINT('',#13134);
#13136=CARTESIAN_POINT('',(-3.676838733524E0,3.665E0,-6.781933264583E0));
#13137=CARTESIAN_POINT('',(-4.019543343094E0,3.665E0,-6.001396941379E0));
#13138=VERTEX_POINT('',#13136);
#13139=VERTEX_POINT('',#13137);
#13140=CARTESIAN_POINT('',(-4.012438173953E0,3.665E0,-5.612525757217E0));
#13141=VERTEX_POINT('',#13140);
#13142=CARTESIAN_POINT('',(-3.686767858172E0,3.665E0,-4.938784334693E0));
#13143=VERTEX_POINT('',#13142);
#13144=CARTESIAN_POINT('',(-3.625E0,3.665E0,-4.669070071880E0));
#13145=VERTEX_POINT('',#13144);
#13146=CARTESIAN_POINT('',(-3.375E0,2.665E0,-4.669070071880E0));
#13147=CARTESIAN_POINT('',(-3.461684367351E0,2.665E0,-5.047584252707E0));
#13148=VERTEX_POINT('',#13146);
#13149=VERTEX_POINT('',#13147);
#13150=CARTESIAN_POINT('',(-3.787354683132E0,2.665E0,-5.721325675230E0));
#13151=VERTEX_POINT('',#13150);
#13152=CARTESIAN_POINT('',(-3.790635587691E0,2.665E0,-5.900892018532E0));
#13153=VERTEX_POINT('',#13152);
#13154=CARTESIAN_POINT('',(-3.447930978121E0,2.665E0,-6.681428341735E0));
#13155=VERTEX_POINT('',#13154);
#13156=CARTESIAN_POINT('',(-3.676838733524E0,2.665E0,-6.781933264583E0));
#13157=CARTESIAN_POINT('',(-4.019543343094E0,2.665E0,-6.001396941379E0));
#13158=VERTEX_POINT('',#13156);
#13159=VERTEX_POINT('',#13157);
#13160=CARTESIAN_POINT('',(-4.012438173953E0,2.665E0,-5.612525757217E0));
#13161=VERTEX_POINT('',#13160);
#13162=CARTESIAN_POINT('',(-3.686767858172E0,2.665E0,-4.938784334693E0));
#13163=VERTEX_POINT('',#13162);
#13164=CARTESIAN_POINT('',(-3.625E0,2.665E0,-4.669070071880E0));
#13165=VERTEX_POINT('',#13164);
#13166=CARTESIAN_POINT('',(-3.625E0,2.665E0,-3.4073E0));
#13167=CARTESIAN_POINT('',(-3.375E0,2.665E0,-3.4073E0));
#13168=VERTEX_POINT('',#13166);
#13169=VERTEX_POINT('',#13167);
#13170=CARTESIAN_POINT('',(-3.625E0,1.7784E0,-3.4073E0));
#13171=CARTESIAN_POINT('',(-3.375E0,1.7784E0,-3.4073E0));
#13172=VERTEX_POINT('',#13170);
#13173=VERTEX_POINT('',#13171);
#13174=CARTESIAN_POINT('',(-3.1E0,-1.635E0,0.E0));
#13175=CARTESIAN_POINT('',(-3.1E0,-1.885E0,0.E0));
#13176=VERTEX_POINT('',#13174);
#13177=VERTEX_POINT('',#13175);
#13178=CARTESIAN_POINT('',(-3.375E0,-1.635E0,0.E0));
#13179=CARTESIAN_POINT('',(-3.375E0,-1.635E0,3.1E0));
#13180=VERTEX_POINT('',#13178);
#13181=VERTEX_POINT('',#13179);
#13182=VERTEX_POINT('',#11704);
#13183=VERTEX_POINT('',#11708);
#13184=CARTESIAN_POINT('',(-3.375E0,3.648086940099E0,-7.028945757222E0));
#13185=VERTEX_POINT('',#13184);
#13186=VERTEX_POINT('',#11718);
#13187=CARTESIAN_POINT('',(-3.638682811200E0,3.665E0,-6.9E0));
#13188=VERTEX_POINT('',#13187);
#13189=VERTEX_POINT('',#11996);
#13190=CARTESIAN_POINT('',(-3.625E0,2.681913059901E0,-7.028945757222E0));
#13191=VERTEX_POINT('',#13190);
#13192=VERTEX_POINT('',#12002);
#13193=CARTESIAN_POINT('',(-3.375E0,1.117729951915E0,-4.E0));
#13194=VERTEX_POINT('',#13193);
#13195=CARTESIAN_POINT('',(-3.625E0,1.117729951915E0,-4.E0));
#13196=VERTEX_POINT('',#13195);
#13197=CARTESIAN_POINT('',(-3.625E0,3.915E0,-4.E0));
#13198=CARTESIAN_POINT('',(-3.375E0,3.915E0,-4.E0));
#13199=VERTEX_POINT('',#13197);
#13200=VERTEX_POINT('',#13198);
#13201=CARTESIAN_POINT('',(-3.625E0,3.665E0,-4.25E0));
#13202=CARTESIAN_POINT('',(-3.375E0,3.665E0,-4.25E0));
#13203=VERTEX_POINT('',#13201);
#13204=VERTEX_POINT('',#13202);
#13205=CARTESIAN_POINT('',(-3.625E0,2.415E0,-2.5E-1));
#13206=CARTESIAN_POINT('',(-3.375E0,2.415E0,-2.5E-1));
#13207=VERTEX_POINT('',#13205);
#13208=VERTEX_POINT('',#13206);
#13209=CARTESIAN_POINT('',(-3.625E0,2.165E0,0.E0));
#13210=CARTESIAN_POINT('',(-3.375E0,2.165E0,0.E0));
#13211=VERTEX_POINT('',#13209);
#13212=VERTEX_POINT('',#13210);
#13213=CARTESIAN_POINT('',(-3.625E0,2.296455524384E0,-1.673282039471E0));
#13214=CARTESIAN_POINT('',(-3.375E0,2.296455524384E0,-1.673282039471E0));
#13215=VERTEX_POINT('',#13213);
#13216=VERTEX_POINT('',#13214);
#13217=CARTESIAN_POINT('',(-3.625E0,2.415E0,-1.460633397085E0));
#13218=CARTESIAN_POINT('',(-3.375E0,2.415E0,-1.460633397085E0));
#13219=VERTEX_POINT('',#13217);
#13220=VERTEX_POINT('',#13218);
#13221=CARTESIAN_POINT('',(-3.625E0,-1.635E0,3.1E0));
#13222=CARTESIAN_POINT('',(-3.375E0,-1.885E0,3.1E0));
#13223=VERTEX_POINT('',#13221);
#13224=VERTEX_POINT('',#13222);
#13225=CARTESIAN_POINT('',(-3.375E0,-1.885E0,0.E0));
#13226=VERTEX_POINT('',#13225);
#13227=CARTESIAN_POINT('',(-3.625E0,-1.635E0,0.E0));
#13228=VERTEX_POINT('',#13227);
#13229=CARTESIAN_POINT('',(-3.625E0,2.942243500684E0,3.1E0));
#13230=CARTESIAN_POINT('',(-3.625E0,3.176090566579E0,2.938405598082E0));
#13231=VERTEX_POINT('',#13229);
#13232=VERTEX_POINT('',#13230);
#13233=CARTESIAN_POINT('',(-3.375E0,3.176090566579E0,2.938405598082E0));
#13234=VERTEX_POINT('',#13233);
#13235=CARTESIAN_POINT('',(-3.375E0,2.942243500684E0,3.1E0));
#13236=VERTEX_POINT('',#13235);
#13237=CARTESIAN_POINT('',(-3.625E0,4.665E0,-3.75E0));
#13238=CARTESIAN_POINT('',(-3.625E0,4.415E0,-4.E0));
#13239=VERTEX_POINT('',#13237);
#13240=VERTEX_POINT('',#13238);
#13241=CARTESIAN_POINT('',(-3.375E0,4.415E0,-4.E0));
#13242=VERTEX_POINT('',#13241);
#13243=CARTESIAN_POINT('',(-3.375E0,4.665E0,-3.75E0));
#13244=VERTEX_POINT('',#13243);
#13245=CARTESIAN_POINT('',(-3.625E0,-3.35E-1,-3.439366602915E0));
#13246=CARTESIAN_POINT('',(-3.625E0,-2.164555243844E-1,-3.226717960529E0));
#13247=VERTEX_POINT('',#13245);
#13248=VERTEX_POINT('',#13246);
#13249=CARTESIAN_POINT('',(-3.375E0,-2.164555243844E-1,-3.226717960529E0));
#13250=VERTEX_POINT('',#13249);
#13251=CARTESIAN_POINT('',(-3.375E0,-3.35E-1,-3.439366602915E0));
#13252=VERTEX_POINT('',#13251);
#13253=CARTESIAN_POINT('',(-3.625E0,-8.5E-2,-4.E0));
#13254=CARTESIAN_POINT('',(-3.625E0,-3.35E-1,-3.75E0));
#13255=VERTEX_POINT('',#13253);
#13256=VERTEX_POINT('',#13254);
#13257=CARTESIAN_POINT('',(-3.375E0,-3.35E-1,-3.75E0));
#13258=VERTEX_POINT('',#13257);
#13259=CARTESIAN_POINT('',(-3.375E0,-8.5E-2,-4.E0));
#13260=VERTEX_POINT('',#13259);
#13261=CARTESIAN_POINT('',(-3.625E0,3.665E0,-7.4E0));
#13262=DIRECTION('',(1.E0,0.E0,0.E0));
#13263=DIRECTION('',(0.E0,0.E0,1.E0));
#13264=AXIS2_PLACEMENT_3D('',#13261,#13262,#13263);
#13265=PLANE('',#13264);
#13267=ORIENTED_EDGE('',*,*,#13266,.F.);
#13269=ORIENTED_EDGE('',*,*,#13268,.T.);
#13270=EDGE_LOOP('',(#13267,#13269));
#13271=FACE_OUTER_BOUND('',#13270,.F.);
#13272=ADVANCED_FACE('',(#13271),#13265,.F.);
#13273=FILL_AREA_STYLE_COLOUR('',#19);
#13274=FILL_AREA_STYLE('',(#13273));
#13275=SURFACE_STYLE_FILL_AREA(#13274);
#13276=SURFACE_SIDE_STYLE('',(#13275));
#13277=SURFACE_STYLE_USAGE(.POSITIVE.,#13276);
#13278=PRESENTATION_STYLE_ASSIGNMENT((#13277));
#13279=STYLED_ITEM('',(#13278),#13272);
#13280=CARTESIAN_POINT('',(-1.464428457523E1,3.165E0,-6.9E0));
#13281=DIRECTION('',(1.E0,0.E0,0.E0));
#13282=DIRECTION('',(0.E0,1.E0,0.E0));
#13283=AXIS2_PLACEMENT_3D('',#13280,#13281,#13282);
#13284=CYLINDRICAL_SURFACE('',#13283,5.E-1);
#13286=ORIENTED_EDGE('',*,*,#13285,.T.);
#13288=ORIENTED_EDGE('',*,*,#13287,.T.);
#13290=ORIENTED_EDGE('',*,*,#13289,.T.);
#13292=ORIENTED_EDGE('',*,*,#13291,.F.);
#13294=ORIENTED_EDGE('',*,*,#13293,.T.);
#13295=ORIENTED_EDGE('',*,*,#13266,.T.);
#13297=ORIENTED_EDGE('',*,*,#13296,.T.);
#13299=ORIENTED_EDGE('',*,*,#13298,.T.);
#13300=EDGE_LOOP('',(#13286,#13288,#13290,#13292,#13294,#13295,#13297,#13299));
#13301=FACE_OUTER_BOUND('',#13300,.F.);
#13302=ADVANCED_FACE('',(#13301),#13284,.T.);
#13303=FILL_AREA_STYLE_COLOUR('',#19);
#13304=FILL_AREA_STYLE('',(#13303));
#13305=SURFACE_STYLE_FILL_AREA(#13304);
#13306=SURFACE_SIDE_STYLE('',(#13305));
#13307=SURFACE_STYLE_USAGE(.POSITIVE.,#13306);
#13308=PRESENTATION_STYLE_ASSIGNMENT((#13307));
#13309=STYLED_ITEM('',(#13308),#13302);
#13310=CARTESIAN_POINT('',(-4.239428840007E0,3.665E0,-7.028945757222E0));
#13311=DIRECTION('',(0.E0,1.E0,0.E0));
#13312=DIRECTION('',(-1.E0,0.E0,0.E0));
#13313=AXIS2_PLACEMENT_3D('',#13310,#13311,#13312);
#13314=CYLINDRICAL_SURFACE('',#13313,8.644288400066E-1);
#13315=ORIENTED_EDGE('',*,*,#13285,.F.);
#13317=ORIENTED_EDGE('',*,*,#13316,.F.);
#13319=ORIENTED_EDGE('',*,*,#13318,.F.);
#13321=ORIENTED_EDGE('',*,*,#13320,.T.);
#13322=ORIENTED_EDGE('',*,*,#13289,.F.);
#13324=ORIENTED_EDGE('',*,*,#13323,.T.);
#13325=EDGE_LOOP('',(#13315,#13317,#13319,#13321,#13322,#13324));
#13326=FACE_OUTER_BOUND('',#13325,.F.);
#13327=ADVANCED_FACE('',(#13326),#13314,.T.);
#13328=FILL_AREA_STYLE_COLOUR('',#19);
#13329=FILL_AREA_STYLE('',(#13328));
#13330=SURFACE_STYLE_FILL_AREA(#13329);
#13331=SURFACE_SIDE_STYLE('',(#13330));
#13332=SURFACE_STYLE_USAGE(.POSITIVE.,#13331);
#13333=PRESENTATION_STYLE_ASSIGNMENT((#13332));
#13334=STYLED_ITEM('',(#13333),#13327);
#13335=CARTESIAN_POINT('',(0.E0,2.665E0,-3.1E0));
#13336=DIRECTION('',(0.E0,1.E0,0.E0));
#13337=DIRECTION('',(-1.E0,0.E0,0.E0));
#13338=AXIS2_PLACEMENT_3D('',#13335,#13336,#13337);
#13339=PLANE('',#13338);
#13341=ORIENTED_EDGE('',*,*,#13340,.T.);
#13343=ORIENTED_EDGE('',*,*,#13342,.T.);
#13345=ORIENTED_EDGE('',*,*,#13344,.T.);
#13347=ORIENTED_EDGE('',*,*,#13346,.T.);
#13349=ORIENTED_EDGE('',*,*,#13348,.T.);
#13351=ORIENTED_EDGE('',*,*,#13350,.T.);
#13353=ORIENTED_EDGE('',*,*,#13352,.T.);
#13354=ORIENTED_EDGE('',*,*,#13316,.T.);
#13355=ORIENTED_EDGE('',*,*,#13298,.F.);
#13357=ORIENTED_EDGE('',*,*,#13356,.T.);
#13359=ORIENTED_EDGE('',*,*,#13358,.T.);
#13361=ORIENTED_EDGE('',*,*,#13360,.T.);
#13363=ORIENTED_EDGE('',*,*,#13362,.T.);
#13365=ORIENTED_EDGE('',*,*,#13364,.T.);
#13366=EDGE_LOOP('',(#13341,#13343,#13345,#13347,#13349,#13351,#13353,#13354,
#13355,#13357,#13359,#13361,#13363,#13365));
#13367=FACE_OUTER_BOUND('',#13366,.F.);
#13368=ADVANCED_FACE('',(#13367),#13339,.F.);
#13369=FILL_AREA_STYLE_COLOUR('',#19);
#13370=FILL_AREA_STYLE('',(#13369));
#13371=SURFACE_STYLE_FILL_AREA(#13370);
#13372=SURFACE_SIDE_STYLE('',(#13371));
#13373=SURFACE_STYLE_USAGE(.POSITIVE.,#13372);
#13374=PRESENTATION_STYLE_ASSIGNMENT((#13373));
#13375=STYLED_ITEM('',(#13374),#13368);
#13376=CARTESIAN_POINT('',(-3.625E0,-1.635E0,-3.1E0));
#13377=DIRECTION('',(1.E0,0.E0,0.E0));
#13378=DIRECTION('',(0.E0,1.E0,0.E0));
#13379=AXIS2_PLACEMENT_3D('',#13376,#13377,#13378);
#13380=PLANE('',#13379);
#13382=ORIENTED_EDGE('',*,*,#13381,.F.);
#13384=ORIENTED_EDGE('',*,*,#13383,.T.);
#13386=ORIENTED_EDGE('',*,*,#13385,.F.);
#13388=ORIENTED_EDGE('',*,*,#13387,.T.);
#13390=ORIENTED_EDGE('',*,*,#13389,.F.);
#13392=ORIENTED_EDGE('',*,*,#13391,.T.);
#13394=ORIENTED_EDGE('',*,*,#13393,.F.);
#13396=ORIENTED_EDGE('',*,*,#13395,.T.);
#13398=ORIENTED_EDGE('',*,*,#13397,.F.);
#13400=ORIENTED_EDGE('',*,*,#13399,.T.);
#13402=ORIENTED_EDGE('',*,*,#13401,.F.);
#13404=ORIENTED_EDGE('',*,*,#13403,.F.);
#13405=ORIENTED_EDGE('',*,*,#13340,.F.);
#13407=ORIENTED_EDGE('',*,*,#13406,.F.);
#13409=ORIENTED_EDGE('',*,*,#13408,.T.);
#13411=ORIENTED_EDGE('',*,*,#13410,.F.);
#13413=ORIENTED_EDGE('',*,*,#13412,.T.);
#13415=ORIENTED_EDGE('',*,*,#13414,.F.);
#13417=ORIENTED_EDGE('',*,*,#13416,.T.);
#13419=ORIENTED_EDGE('',*,*,#13418,.T.);
#13421=ORIENTED_EDGE('',*,*,#13420,.F.);
#13423=ORIENTED_EDGE('',*,*,#13422,.T.);
#13424=EDGE_LOOP('',(#13382,#13384,#13386,#13388,#13390,#13392,#13394,#13396,
#13398,#13400,#13402,#13404,#13405,#13407,#13409,#13411,#13413,#13415,#13417,
#13419,#13421,#13423));
#13425=FACE_OUTER_BOUND('',#13424,.F.);
#13426=ADVANCED_FACE('',(#13425),#13380,.F.);
#13427=FILL_AREA_STYLE_COLOUR('',#19);
#13428=FILL_AREA_STYLE('',(#13427));
#13429=SURFACE_STYLE_FILL_AREA(#13428);
#13430=SURFACE_SIDE_STYLE('',(#13429));
#13431=SURFACE_STYLE_USAGE(.POSITIVE.,#13430);
#13432=PRESENTATION_STYLE_ASSIGNMENT((#13431));
#13433=STYLED_ITEM('',(#13432),#13426);
#13434=CARTESIAN_POINT('',(-3.375E0,-1.635E0,-2.148121487108E1));
#13435=DIRECTION('',(0.E0,0.E0,1.E0));
#13436=DIRECTION('',(-1.E0,0.E0,0.E0));
#13437=AXIS2_PLACEMENT_3D('',#13434,#13435,#13436);
#13438=CYLINDRICAL_SURFACE('',#13437,2.5E-1);
#13440=ORIENTED_EDGE('',*,*,#13439,.T.);
#13442=ORIENTED_EDGE('',*,*,#13441,.F.);
#13444=ORIENTED_EDGE('',*,*,#13443,.T.);
#13445=ORIENTED_EDGE('',*,*,#13381,.T.);
#13446=EDGE_LOOP('',(#13440,#13442,#13444,#13445));
#13447=FACE_OUTER_BOUND('',#13446,.F.);
#13448=ADVANCED_FACE('',(#13447),#13438,.T.);
#13449=FILL_AREA_STYLE_COLOUR('',#19);
#13450=FILL_AREA_STYLE('',(#13449));
#13451=SURFACE_STYLE_FILL_AREA(#13450);
#13452=SURFACE_SIDE_STYLE('',(#13451));
#13453=SURFACE_STYLE_USAGE(.POSITIVE.,#13452);
#13454=PRESENTATION_STYLE_ASSIGNMENT((#13453));
#13455=STYLED_ITEM('',(#13454),#13448);
#13456=CARTESIAN_POINT('',(3.1E0,-1.635E0,3.1E0));
#13457=DIRECTION('',(0.E0,0.E0,1.E0));
#13458=DIRECTION('',(-1.E0,0.E0,0.E0));
#13459=AXIS2_PLACEMENT_3D('',#13456,#13457,#13458);
#13460=PLANE('',#13459);
#13461=ORIENTED_EDGE('',*,*,#13439,.F.);
#13462=ORIENTED_EDGE('',*,*,#13422,.F.);
#13464=ORIENTED_EDGE('',*,*,#13463,.F.);
#13466=ORIENTED_EDGE('',*,*,#13465,.T.);
#13468=ORIENTED_EDGE('',*,*,#13467,.T.);
#13470=ORIENTED_EDGE('',*,*,#13469,.T.);
#13472=ORIENTED_EDGE('',*,*,#13471,.F.);
#13474=ORIENTED_EDGE('',*,*,#13473,.F.);
#13476=ORIENTED_EDGE('',*,*,#13475,.F.);
#13478=ORIENTED_EDGE('',*,*,#13477,.T.);
#13479=EDGE_LOOP('',(#13461,#13462,#13464,#13466,#13468,#13470,#13472,#13474,
#13476,#13478));
#13480=FACE_OUTER_BOUND('',#13479,.F.);
#13481=ADVANCED_FACE('',(#13480),#13460,.T.);
#13482=FILL_AREA_STYLE_COLOUR('',#19);
#13483=FILL_AREA_STYLE('',(#13482));
#13484=SURFACE_STYLE_FILL_AREA(#13483);
#13485=SURFACE_SIDE_STYLE('',(#13484));
#13486=SURFACE_STYLE_USAGE(.POSITIVE.,#13485);
#13487=PRESENTATION_STYLE_ASSIGNMENT((#13486));
#13488=STYLED_ITEM('',(#13487),#13481);
#13489=CARTESIAN_POINT('',(1.464428457523E1,2.942243500684E0,2.85E0));
#13490=DIRECTION('',(-1.E0,0.E0,0.E0));
#13491=DIRECTION('',(0.E0,0.E0,1.E0));
#13492=AXIS2_PLACEMENT_3D('',#13489,#13490,#13491);
#13493=CYLINDRICAL_SURFACE('',#13492,2.5E-1);
#13494=ORIENTED_EDGE('',*,*,#13420,.T.);
#13496=ORIENTED_EDGE('',*,*,#13495,.F.);
#13498=ORIENTED_EDGE('',*,*,#13497,.T.);
#13499=ORIENTED_EDGE('',*,*,#13463,.T.);
#13500=EDGE_LOOP('',(#13494,#13496,#13498,#13499));
#13501=FACE_OUTER_BOUND('',#13500,.F.);
#13502=ADVANCED_FACE('',(#13501),#13493,.T.);
#13503=FILL_AREA_STYLE_COLOUR('',#19);
#13504=FILL_AREA_STYLE('',(#13503));
#13505=SURFACE_STYLE_FILL_AREA(#13504);
#13506=SURFACE_SIDE_STYLE('',(#13505));
#13507=SURFACE_STYLE_USAGE(.POSITIVE.,#13506);
#13508=PRESENTATION_STYLE_ASSIGNMENT((#13507));
#13509=STYLED_ITEM('',(#13508),#13502);
#13510=CARTESIAN_POINT('',(-3.375E0,4.665E0,-1.E0));
#13511=DIRECTION('',(0.E0,-9.353882635801E-1,-3.536223923291E-1));
#13512=DIRECTION('',(0.E0,-3.536223923291E-1,9.353882635801E-1));
#13513=AXIS2_PLACEMENT_3D('',#13510,#13511,#13512);
#13514=PLANE('',#13513);
#13515=ORIENTED_EDGE('',*,*,#13495,.T.);
#13516=ORIENTED_EDGE('',*,*,#13418,.F.);
#13518=ORIENTED_EDGE('',*,*,#13517,.F.);
#13520=ORIENTED_EDGE('',*,*,#13519,.T.);
#13521=EDGE_LOOP('',(#13515,#13516,#13518,#13520));
#13522=FACE_OUTER_BOUND('',#13521,.F.);
#13523=ADVANCED_FACE('',(#13522),#13514,.F.);
#13524=FILL_AREA_STYLE_COLOUR('',#19);
#13525=FILL_AREA_STYLE('',(#13524));
#13526=SURFACE_STYLE_FILL_AREA(#13525);
#13527=SURFACE_SIDE_STYLE('',(#13526));
#13528=SURFACE_STYLE_USAGE(.POSITIVE.,#13527);
#13529=PRESENTATION_STYLE_ASSIGNMENT((#13528));
#13530=STYLED_ITEM('',(#13529),#13523);
#13531=CARTESIAN_POINT('',(-3.375E0,4.665E0,-4.E0));
#13532=DIRECTION('',(0.E0,-1.E0,0.E0));
#13533=DIRECTION('',(0.E0,0.E0,1.E0));
#13534=AXIS2_PLACEMENT_3D('',#13531,#13532,#13533);
#13535=PLANE('',#13534);
#13537=ORIENTED_EDGE('',*,*,#13536,.F.);
#13539=ORIENTED_EDGE('',*,*,#13538,.T.);
#13540=ORIENTED_EDGE('',*,*,#13517,.T.);
#13541=ORIENTED_EDGE('',*,*,#13416,.F.);
#13542=EDGE_LOOP('',(#13537,#13539,#13540,#13541));
#13543=FACE_OUTER_BOUND('',#13542,.F.);
#13544=ADVANCED_FACE('',(#13543),#13535,.F.);
#13545=FILL_AREA_STYLE_COLOUR('',#19);
#13546=FILL_AREA_STYLE('',(#13545));
#13547=SURFACE_STYLE_FILL_AREA(#13546);
#13548=SURFACE_SIDE_STYLE('',(#13547));
#13549=SURFACE_STYLE_USAGE(.POSITIVE.,#13548);
#13550=PRESENTATION_STYLE_ASSIGNMENT((#13549));
#13551=STYLED_ITEM('',(#13550),#13544);
#13552=CARTESIAN_POINT('',(1.464428457523E1,4.415E0,-3.75E0));
#13553=DIRECTION('',(-1.E0,0.E0,0.E0));
#13554=DIRECTION('',(0.E0,1.E0,0.E0));
#13555=AXIS2_PLACEMENT_3D('',#13552,#13553,#13554);
#13556=CYLINDRICAL_SURFACE('',#13555,2.5E-1);
#13557=ORIENTED_EDGE('',*,*,#13414,.T.);
#13559=ORIENTED_EDGE('',*,*,#13558,.F.);
#13561=ORIENTED_EDGE('',*,*,#13560,.T.);
#13562=ORIENTED_EDGE('',*,*,#13536,.T.);
#13563=EDGE_LOOP('',(#13557,#13559,#13561,#13562));
#13564=FACE_OUTER_BOUND('',#13563,.F.);
#13565=ADVANCED_FACE('',(#13564),#13556,.T.);
#13566=FILL_AREA_STYLE_COLOUR('',#19);
#13567=FILL_AREA_STYLE('',(#13566));
#13568=SURFACE_STYLE_FILL_AREA(#13567);
#13569=SURFACE_SIDE_STYLE('',(#13568));
#13570=SURFACE_STYLE_USAGE(.POSITIVE.,#13569);
#13571=PRESENTATION_STYLE_ASSIGNMENT((#13570));
#13572=STYLED_ITEM('',(#13571),#13565);
#13573=CARTESIAN_POINT('',(-3.375E0,-3.35E-1,-4.E0));
#13574=DIRECTION('',(0.E0,0.E0,1.E0));
#13575=DIRECTION('',(0.E0,1.E0,0.E0));
#13576=AXIS2_PLACEMENT_3D('',#13573,#13574,#13575);
#13577=PLANE('',#13576);
#13578=ORIENTED_EDGE('',*,*,#13558,.T.);
#13579=ORIENTED_EDGE('',*,*,#13412,.F.);
#13581=ORIENTED_EDGE('',*,*,#13580,.T.);
#13583=ORIENTED_EDGE('',*,*,#13582,.T.);
#13584=EDGE_LOOP('',(#13578,#13579,#13581,#13583));
#13585=FACE_OUTER_BOUND('',#13584,.F.);
#13586=ADVANCED_FACE('',(#13585),#13577,.F.);
#13587=FILL_AREA_STYLE_COLOUR('',#19);
#13588=FILL_AREA_STYLE('',(#13587));
#13589=SURFACE_STYLE_FILL_AREA(#13588);
#13590=SURFACE_SIDE_STYLE('',(#13589));
#13591=SURFACE_STYLE_USAGE(.POSITIVE.,#13590);
#13592=PRESENTATION_STYLE_ASSIGNMENT((#13591));
#13593=STYLED_ITEM('',(#13592),#13586);
#13594=CARTESIAN_POINT('',(-3.375E0,-3.35E-1,-4.E0));
#13595=DIRECTION('',(0.E0,0.E0,1.E0));
#13596=DIRECTION('',(0.E0,1.E0,0.E0));
#13597=AXIS2_PLACEMENT_3D('',#13594,#13595,#13596);
#13598=PLANE('',#13597);
#13600=ORIENTED_EDGE('',*,*,#13599,.F.);
#13602=ORIENTED_EDGE('',*,*,#13601,.T.);
#13604=ORIENTED_EDGE('',*,*,#13603,.T.);
#13605=ORIENTED_EDGE('',*,*,#13399,.F.);
#13606=EDGE_LOOP('',(#13600,#13602,#13604,#13605));
#13607=FACE_OUTER_BOUND('',#13606,.F.);
#13608=ADVANCED_FACE('',(#13607),#13598,.F.);
#13609=FILL_AREA_STYLE_COLOUR('',#19);
#13610=FILL_AREA_STYLE('',(#13609));
#13611=SURFACE_STYLE_FILL_AREA(#13610);
#13612=SURFACE_SIDE_STYLE('',(#13611));
#13613=SURFACE_STYLE_USAGE(.POSITIVE.,#13612);
#13614=PRESENTATION_STYLE_ASSIGNMENT((#13613));
#13615=STYLED_ITEM('',(#13614),#13608);
#13616=CARTESIAN_POINT('',(-1.464428457523E1,3.915E0,-4.25E0));
#13617=DIRECTION('',(1.E0,0.E0,0.E0));
#13618=DIRECTION('',(0.E0,0.E0,1.E0));
#13619=AXIS2_PLACEMENT_3D('',#13616,#13617,#13618);
#13620=CYLINDRICAL_SURFACE('',#13619,2.5E-1);
#13621=ORIENTED_EDGE('',*,*,#13580,.F.);
#13622=ORIENTED_EDGE('',*,*,#13410,.T.);
#13624=ORIENTED_EDGE('',*,*,#13623,.T.);
#13626=ORIENTED_EDGE('',*,*,#13625,.T.);
#13627=EDGE_LOOP('',(#13621,#13622,#13624,#13626));
#13628=FACE_OUTER_BOUND('',#13627,.F.);
#13629=ADVANCED_FACE('',(#13628),#13620,.F.);
#13630=FILL_AREA_STYLE_COLOUR('',#19);
#13631=FILL_AREA_STYLE('',(#13630));
#13632=SURFACE_STYLE_FILL_AREA(#13631);
#13633=SURFACE_SIDE_STYLE('',(#13632));
#13634=SURFACE_STYLE_USAGE(.POSITIVE.,#13633);
#13635=PRESENTATION_STYLE_ASSIGNMENT((#13634));
#13636=STYLED_ITEM('',(#13635),#13629);
#13637=CARTESIAN_POINT('',(0.E0,3.665E0,-3.1E0));
#13638=DIRECTION('',(0.E0,1.E0,0.E0));
#13639=DIRECTION('',(-1.E0,0.E0,0.E0));
#13640=AXIS2_PLACEMENT_3D('',#13637,#13638,#13639);
#13641=PLANE('',#13640);
#13642=ORIENTED_EDGE('',*,*,#13623,.F.);
#13643=ORIENTED_EDGE('',*,*,#13408,.F.);
#13645=ORIENTED_EDGE('',*,*,#13644,.F.);
#13647=ORIENTED_EDGE('',*,*,#13646,.F.);
#13649=ORIENTED_EDGE('',*,*,#13648,.F.);
#13651=ORIENTED_EDGE('',*,*,#13650,.F.);
#13653=ORIENTED_EDGE('',*,*,#13652,.F.);
#13654=ORIENTED_EDGE('',*,*,#13291,.T.);
#13655=ORIENTED_EDGE('',*,*,#13320,.F.);
#13657=ORIENTED_EDGE('',*,*,#13656,.F.);
#13659=ORIENTED_EDGE('',*,*,#13658,.F.);
#13661=ORIENTED_EDGE('',*,*,#13660,.F.);
#13663=ORIENTED_EDGE('',*,*,#13662,.F.);
#13665=ORIENTED_EDGE('',*,*,#13664,.F.);
#13666=EDGE_LOOP('',(#13642,#13643,#13645,#13647,#13649,#13651,#13653,#13654,
#13655,#13657,#13659,#13661,#13663,#13665));
#13667=FACE_OUTER_BOUND('',#13666,.F.);
#13668=ADVANCED_FACE('',(#13667),#13641,.T.);
#13669=FILL_AREA_STYLE_COLOUR('',#19);
#13670=FILL_AREA_STYLE('',(#13669));
#13671=SURFACE_STYLE_FILL_AREA(#13670);
#13672=SURFACE_SIDE_STYLE('',(#13671));
#13673=SURFACE_STYLE_USAGE(.POSITIVE.,#13672);
#13674=PRESENTATION_STYLE_ASSIGNMENT((#13673));
#13675=STYLED_ITEM('',(#13674),#13668);
#13676=CARTESIAN_POINT('',(-4.244748313552E0,3.665E0,-4.669070071880E0));
#13677=DIRECTION('',(0.E0,1.E0,0.E0));
#13678=DIRECTION('',(-1.E0,0.E0,0.E0));
#13679=AXIS2_PLACEMENT_3D('',#13676,#13677,#13678);
#13680=CYLINDRICAL_SURFACE('',#13679,6.197483135516E-1);
#13681=ORIENTED_EDGE('',*,*,#13644,.T.);
#13682=ORIENTED_EDGE('',*,*,#13406,.T.);
#13683=ORIENTED_EDGE('',*,*,#13364,.F.);
#13685=ORIENTED_EDGE('',*,*,#13684,.F.);
#13686=EDGE_LOOP('',(#13681,#13682,#13683,#13685));
#13687=FACE_OUTER_BOUND('',#13686,.F.);
#13688=ADVANCED_FACE('',(#13687),#13680,.F.);
#13689=FILL_AREA_STYLE_COLOUR('',#19);
#13690=FILL_AREA_STYLE('',(#13689));
#13691=SURFACE_STYLE_FILL_AREA(#13690);
#13692=SURFACE_SIDE_STYLE('',(#13691));
#13693=SURFACE_STYLE_USAGE(.POSITIVE.,#13692);
#13694=PRESENTATION_STYLE_ASSIGNMENT((#13693));
#13695=STYLED_ITEM('',(#13694),#13688);
#13696=CARTESIAN_POINT('',(-4.012438173953E0,3.665E0,-5.612525757217E0));
#13697=DIRECTION('',(9.003339632851E-1,0.E0,-4.351996720534E-1));
#13698=DIRECTION('',(4.351996720534E-1,0.E0,9.003339632851E-1));
#13699=AXIS2_PLACEMENT_3D('',#13696,#13697,#13698);
#13700=PLANE('',#13699);
#13701=ORIENTED_EDGE('',*,*,#13646,.T.);
#13702=ORIENTED_EDGE('',*,*,#13684,.T.);
#13703=ORIENTED_EDGE('',*,*,#13362,.F.);
#13705=ORIENTED_EDGE('',*,*,#13704,.F.);
#13706=EDGE_LOOP('',(#13701,#13702,#13703,#13705));
#13707=FACE_OUTER_BOUND('',#13706,.F.);
#13708=ADVANCED_FACE('',(#13707),#13700,.F.);
#13709=FILL_AREA_STYLE_COLOUR('',#19);
#13710=FILL_AREA_STYLE('',(#13709));
#13711=SURFACE_STYLE_FILL_AREA(#13710);
#13712=SURFACE_SIDE_STYLE('',(#13711));
#13713=SURFACE_STYLE_USAGE(.POSITIVE.,#13712);
#13714=PRESENTATION_STYLE_ASSIGNMENT((#13713));
#13715=STYLED_ITEM('',(#13714),#13708);
#13716=CARTESIAN_POINT('',(-3.594251555568E0,3.665E0,-5.814667058778E0));
#13717=DIRECTION('',(0.E0,1.E0,0.E0));
#13718=DIRECTION('',(-1.E0,0.E0,0.E0));
#13719=AXIS2_PLACEMENT_3D('',#13716,#13717,#13718);
#13720=CYLINDRICAL_SURFACE('',#13719,4.644794436715E-1);
#13721=ORIENTED_EDGE('',*,*,#13648,.T.);
#13722=ORIENTED_EDGE('',*,*,#13704,.T.);
#13723=ORIENTED_EDGE('',*,*,#13360,.F.);
#13725=ORIENTED_EDGE('',*,*,#13724,.F.);
#13726=EDGE_LOOP('',(#13721,#13722,#13723,#13725));
#13727=FACE_OUTER_BOUND('',#13726,.F.);
#13728=ADVANCED_FACE('',(#13727),#13720,.T.);
#13729=FILL_AREA_STYLE_COLOUR('',#19);
#13730=FILL_AREA_STYLE('',(#13729));
#13731=SURFACE_STYLE_FILL_AREA(#13730);
#13732=SURFACE_SIDE_STYLE('',(#13731));
#13733=SURFACE_STYLE_USAGE(.POSITIVE.,#13732);
#13734=PRESENTATION_STYLE_ASSIGNMENT((#13733));
#13735=STYLED_ITEM('',(#13734),#13728);
#13736=CARTESIAN_POINT('',(-3.676838733524E0,3.665E0,-6.781933264583E0));
#13737=DIRECTION('',(9.156310216109E-1,0.E0,4.020196913881E-1));
#13738=DIRECTION('',(-4.020196913881E-1,0.E0,9.156310216109E-1));
#13739=AXIS2_PLACEMENT_3D('',#13736,#13737,#13738);
#13740=PLANE('',#13739);
#13741=ORIENTED_EDGE('',*,*,#13650,.T.);
#13742=ORIENTED_EDGE('',*,*,#13724,.T.);
#13743=ORIENTED_EDGE('',*,*,#13358,.F.);
#13745=ORIENTED_EDGE('',*,*,#13744,.F.);
#13746=EDGE_LOOP('',(#13741,#13742,#13743,#13745));
#13747=FACE_OUTER_BOUND('',#13746,.F.);
#13748=ADVANCED_FACE('',(#13747),#13740,.F.);
#13749=FILL_AREA_STYLE_COLOUR('',#19);
#13750=FILL_AREA_STYLE('',(#13749));
#13751=SURFACE_STYLE_FILL_AREA(#13750);
#13752=SURFACE_SIDE_STYLE('',(#13751));
#13753=SURFACE_STYLE_USAGE(.POSITIVE.,#13752);
#13754=PRESENTATION_STYLE_ASSIGNMENT((#13753));
#13755=STYLED_ITEM('',(#13754),#13748);
#13756=CARTESIAN_POINT('',(-4.239428840007E0,3.665E0,-7.028945757222E0));
#13757=DIRECTION('',(0.E0,1.E0,0.E0));
#13758=DIRECTION('',(-1.E0,0.E0,0.E0));
#13759=AXIS2_PLACEMENT_3D('',#13756,#13757,#13758);
#13760=CYLINDRICAL_SURFACE('',#13759,6.144288400066E-1);
#13761=ORIENTED_EDGE('',*,*,#13293,.F.);
#13762=ORIENTED_EDGE('',*,*,#13652,.T.);
#13763=ORIENTED_EDGE('',*,*,#13744,.T.);
#13764=ORIENTED_EDGE('',*,*,#13356,.F.);
#13765=ORIENTED_EDGE('',*,*,#13296,.F.);
#13766=ORIENTED_EDGE('',*,*,#13268,.F.);
#13767=EDGE_LOOP('',(#13761,#13762,#13763,#13764,#13765,#13766));
#13768=FACE_OUTER_BOUND('',#13767,.F.);
#13769=ADVANCED_FACE('',(#13768),#13760,.F.);
#13770=FILL_AREA_STYLE_COLOUR('',#19);
#13771=FILL_AREA_STYLE('',(#13770));
#13772=SURFACE_STYLE_FILL_AREA(#13771);
#13773=SURFACE_SIDE_STYLE('',(#13772));
#13774=SURFACE_STYLE_USAGE(.POSITIVE.,#13773);
#13775=PRESENTATION_STYLE_ASSIGNMENT((#13774));
#13776=STYLED_ITEM('',(#13775),#13769);
#13777=CARTESIAN_POINT('',(-3.790635587691E0,3.665E0,-5.900892018532E0));
#13778=DIRECTION('',(-9.156310216109E-1,0.E0,-4.020196913881E-1));
#13779=DIRECTION('',(4.020196913881E-1,0.E0,-9.156310216109E-1));
#13780=AXIS2_PLACEMENT_3D('',#13777,#13778,#13779);
#13781=PLANE('',#13780);
#13782=ORIENTED_EDGE('',*,*,#13656,.T.);
#13783=ORIENTED_EDGE('',*,*,#13318,.T.);
#13784=ORIENTED_EDGE('',*,*,#13352,.F.);
#13786=ORIENTED_EDGE('',*,*,#13785,.F.);
#13787=EDGE_LOOP('',(#13782,#13783,#13784,#13786));
#13788=FACE_OUTER_BOUND('',#13787,.F.);
#13789=ADVANCED_FACE('',(#13788),#13781,.F.);
#13790=FILL_AREA_STYLE_COLOUR('',#19);
#13791=FILL_AREA_STYLE('',(#13790));
#13792=SURFACE_STYLE_FILL_AREA(#13791);
#13793=SURFACE_SIDE_STYLE('',(#13792));
#13794=SURFACE_STYLE_USAGE(.POSITIVE.,#13793);
#13795=PRESENTATION_STYLE_ASSIGNMENT((#13794));
#13796=STYLED_ITEM('',(#13795),#13789);
#13797=CARTESIAN_POINT('',(-3.594251555568E0,3.665E0,-5.814667058778E0));
#13798=DIRECTION('',(0.E0,1.E0,0.E0));
#13799=DIRECTION('',(-1.E0,0.E0,0.E0));
#13800=AXIS2_PLACEMENT_3D('',#13797,#13798,#13799);
#13801=CYLINDRICAL_SURFACE('',#13800,2.144794436715E-1);
#13802=ORIENTED_EDGE('',*,*,#13658,.T.);
#13803=ORIENTED_EDGE('',*,*,#13785,.T.);
#13804=ORIENTED_EDGE('',*,*,#13350,.F.);
#13806=ORIENTED_EDGE('',*,*,#13805,.F.);
#13807=EDGE_LOOP('',(#13802,#13803,#13804,#13806));
#13808=FACE_OUTER_BOUND('',#13807,.F.);
#13809=ADVANCED_FACE('',(#13808),#13801,.F.);
#13810=FILL_AREA_STYLE_COLOUR('',#19);
#13811=FILL_AREA_STYLE('',(#13810));
#13812=SURFACE_STYLE_FILL_AREA(#13811);
#13813=SURFACE_SIDE_STYLE('',(#13812));
#13814=SURFACE_STYLE_USAGE(.POSITIVE.,#13813);
#13815=PRESENTATION_STYLE_ASSIGNMENT((#13814));
#13816=STYLED_ITEM('',(#13815),#13809);
#13817=CARTESIAN_POINT('',(-3.461684367351E0,3.665E0,-5.047584252707E0));
#13818=DIRECTION('',(-9.003339632851E-1,0.E0,4.351996720534E-1));
#13819=DIRECTION('',(-4.351996720534E-1,0.E0,-9.003339632851E-1));
#13820=AXIS2_PLACEMENT_3D('',#13817,#13818,#13819);
#13821=PLANE('',#13820);
#13822=ORIENTED_EDGE('',*,*,#13660,.T.);
#13823=ORIENTED_EDGE('',*,*,#13805,.T.);
#13824=ORIENTED_EDGE('',*,*,#13348,.F.);
#13826=ORIENTED_EDGE('',*,*,#13825,.F.);
#13827=EDGE_LOOP('',(#13822,#13823,#13824,#13826));
#13828=FACE_OUTER_BOUND('',#13827,.F.);
#13829=ADVANCED_FACE('',(#13828),#13821,.F.);
#13830=FILL_AREA_STYLE_COLOUR('',#19);
#13831=FILL_AREA_STYLE('',(#13830));
#13832=SURFACE_STYLE_FILL_AREA(#13831);
#13833=SURFACE_SIDE_STYLE('',(#13832));
#13834=SURFACE_STYLE_USAGE(.POSITIVE.,#13833);
#13835=PRESENTATION_STYLE_ASSIGNMENT((#13834));
#13836=STYLED_ITEM('',(#13835),#13829);
#13837=CARTESIAN_POINT('',(-4.244748313552E0,3.665E0,-4.669070071880E0));
#13838=DIRECTION('',(0.E0,1.E0,0.E0));
#13839=DIRECTION('',(-1.E0,0.E0,0.E0));
#13840=AXIS2_PLACEMENT_3D('',#13837,#13838,#13839);
#13841=CYLINDRICAL_SURFACE('',#13840,8.697483135516E-1);
#13842=ORIENTED_EDGE('',*,*,#13662,.T.);
#13843=ORIENTED_EDGE('',*,*,#13825,.T.);
#13844=ORIENTED_EDGE('',*,*,#13346,.F.);
#13846=ORIENTED_EDGE('',*,*,#13845,.F.);
#13847=EDGE_LOOP('',(#13842,#13843,#13844,#13846));
#13848=FACE_OUTER_BOUND('',#13847,.F.);
#13849=ADVANCED_FACE('',(#13848),#13841,.T.);
#13850=FILL_AREA_STYLE_COLOUR('',#19);
#13851=FILL_AREA_STYLE('',(#13850));
#13852=SURFACE_STYLE_FILL_AREA(#13851);
#13853=SURFACE_SIDE_STYLE('',(#13852));
#13854=SURFACE_STYLE_USAGE(.POSITIVE.,#13853);
#13855=PRESENTATION_STYLE_ASSIGNMENT((#13854));
#13856=STYLED_ITEM('',(#13855),#13849);
#13857=CARTESIAN_POINT('',(-3.375E0,-1.635E0,-3.1E0));
#13858=DIRECTION('',(1.E0,0.E0,0.E0));
#13859=DIRECTION('',(0.E0,1.E0,0.E0));
#13860=AXIS2_PLACEMENT_3D('',#13857,#13858,#13859);
#13861=PLANE('',#13860);
#13862=ORIENTED_EDGE('',*,*,#13497,.F.);
#13863=ORIENTED_EDGE('',*,*,#13519,.F.);
#13864=ORIENTED_EDGE('',*,*,#13538,.F.);
#13865=ORIENTED_EDGE('',*,*,#13560,.F.);
#13866=ORIENTED_EDGE('',*,*,#13582,.F.);
#13867=ORIENTED_EDGE('',*,*,#13625,.F.);
#13868=ORIENTED_EDGE('',*,*,#13664,.T.);
#13869=ORIENTED_EDGE('',*,*,#13845,.T.);
#13870=ORIENTED_EDGE('',*,*,#13344,.F.);
#13872=ORIENTED_EDGE('',*,*,#13871,.T.);
#13874=ORIENTED_EDGE('',*,*,#13873,.T.);
#13875=ORIENTED_EDGE('',*,*,#13601,.F.);
#13877=ORIENTED_EDGE('',*,*,#13876,.F.);
#13879=ORIENTED_EDGE('',*,*,#13878,.F.);
#13881=ORIENTED_EDGE('',*,*,#13880,.F.);
#13883=ORIENTED_EDGE('',*,*,#13882,.F.);
#13885=ORIENTED_EDGE('',*,*,#13884,.F.);
#13887=ORIENTED_EDGE('',*,*,#13886,.F.);
#13889=ORIENTED_EDGE('',*,*,#13888,.F.);
#13891=ORIENTED_EDGE('',*,*,#13890,.F.);
#13893=ORIENTED_EDGE('',*,*,#13892,.T.);
#13894=ORIENTED_EDGE('',*,*,#13465,.F.);
#13895=EDGE_LOOP('',(#13862,#13863,#13864,#13865,#13866,#13867,#13868,#13869,
#13870,#13872,#13874,#13875,#13877,#13879,#13881,#13883,#13885,#13887,#13889,
#13891,#13893,#13894));
#13896=FACE_OUTER_BOUND('',#13895,.F.);
#13897=ADVANCED_FACE('',(#13896),#13861,.T.);
#13898=FILL_AREA_STYLE_COLOUR('',#19);
#13899=FILL_AREA_STYLE('',(#13898));
#13900=SURFACE_STYLE_FILL_AREA(#13899);
#13901=SURFACE_SIDE_STYLE('',(#13900));
#13902=SURFACE_STYLE_USAGE(.POSITIVE.,#13901);
#13903=PRESENTATION_STYLE_ASSIGNMENT((#13902));
#13904=STYLED_ITEM('',(#13903),#13897);
#13905=CARTESIAN_POINT('',(-3.625E0,2.665E0,-3.4073E0));
#13906=DIRECTION('',(0.E0,0.E0,-1.E0));
#13907=DIRECTION('',(0.E0,-1.E0,0.E0));
#13908=AXIS2_PLACEMENT_3D('',#13905,#13906,#13907);
#13909=PLANE('',#13908);
#13910=ORIENTED_EDGE('',*,*,#13342,.F.);
#13911=ORIENTED_EDGE('',*,*,#13403,.T.);
#13913=ORIENTED_EDGE('',*,*,#13912,.T.);
#13914=ORIENTED_EDGE('',*,*,#13871,.F.);
#13915=EDGE_LOOP('',(#13910,#13911,#13913,#13914));
#13916=FACE_OUTER_BOUND('',#13915,.F.);
#13917=ADVANCED_FACE('',(#13916),#13909,.T.);
#13918=FILL_AREA_STYLE_COLOUR('',#19);
#13919=FILL_AREA_STYLE('',(#13918));
#13920=SURFACE_STYLE_FILL_AREA(#13919);
#13921=SURFACE_SIDE_STYLE('',(#13920));
#13922=SURFACE_STYLE_USAGE(.POSITIVE.,#13921);
#13923=PRESENTATION_STYLE_ASSIGNMENT((#13922));
#13924=STYLED_ITEM('',(#13923),#13917);
#13925=CARTESIAN_POINT('',(-3.625E0,1.7784E0,-3.4073E0));
#13926=DIRECTION('',(0.E0,6.677792919440E-1,-7.443593334209E-1));
#13927=DIRECTION('',(0.E0,-7.443593334209E-1,-6.677792919440E-1));
#13928=AXIS2_PLACEMENT_3D('',#13925,#13926,#13927);
#13929=PLANE('',#13928);
#13930=ORIENTED_EDGE('',*,*,#13912,.F.);
#13931=ORIENTED_EDGE('',*,*,#13401,.T.);
#13932=ORIENTED_EDGE('',*,*,#13603,.F.);
#13933=ORIENTED_EDGE('',*,*,#13873,.F.);
#13934=EDGE_LOOP('',(#13930,#13931,#13932,#13933));
#13935=FACE_OUTER_BOUND('',#13934,.F.);
#13936=ADVANCED_FACE('',(#13935),#13929,.T.);
#13937=FILL_AREA_STYLE_COLOUR('',#19);
#13938=FILL_AREA_STYLE('',(#13937));
#13939=SURFACE_STYLE_FILL_AREA(#13938);
#13940=SURFACE_SIDE_STYLE('',(#13939));
#13941=SURFACE_STYLE_USAGE(.POSITIVE.,#13940);
#13942=PRESENTATION_STYLE_ASSIGNMENT((#13941));
#13943=STYLED_ITEM('',(#13942),#13936);
#13944=CARTESIAN_POINT('',(1.464428457523E1,-8.5E-2,-3.75E0));
#13945=DIRECTION('',(-1.E0,0.E0,0.E0));
#13946=DIRECTION('',(0.E0,0.E0,-1.E0));
#13947=AXIS2_PLACEMENT_3D('',#13944,#13945,#13946);
#13948=CYLINDRICAL_SURFACE('',#13947,2.5E-1);
#13949=ORIENTED_EDGE('',*,*,#13397,.T.);
#13951=ORIENTED_EDGE('',*,*,#13950,.F.);
#13952=ORIENTED_EDGE('',*,*,#13876,.T.);
#13953=ORIENTED_EDGE('',*,*,#13599,.T.);
#13954=EDGE_LOOP('',(#13949,#13951,#13952,#13953));
#13955=FACE_OUTER_BOUND('',#13954,.F.);
#13956=ADVANCED_FACE('',(#13955),#13948,.T.);
#13957=FILL_AREA_STYLE_COLOUR('',#19);
#13958=FILL_AREA_STYLE('',(#13957));
#13959=SURFACE_STYLE_FILL_AREA(#13958);
#13960=SURFACE_SIDE_STYLE('',(#13959));
#13961=SURFACE_STYLE_USAGE(.POSITIVE.,#13960);
#13962=PRESENTATION_STYLE_ASSIGNMENT((#13961));
#13963=STYLED_ITEM('',(#13962),#13956);
#13964=CARTESIAN_POINT('',(-3.375E0,-3.35E-1,-3.3E0));
#13965=DIRECTION('',(0.E0,1.E0,0.E0));
#13966=DIRECTION('',(0.E0,0.E0,-1.E0));
#13967=AXIS2_PLACEMENT_3D('',#13964,#13965,#13966);
#13968=PLANE('',#13967);
#13970=ORIENTED_EDGE('',*,*,#13969,.F.);
#13971=ORIENTED_EDGE('',*,*,#13878,.T.);
#13972=ORIENTED_EDGE('',*,*,#13950,.T.);
#13973=ORIENTED_EDGE('',*,*,#13395,.F.);
#13974=EDGE_LOOP('',(#13970,#13971,#13972,#13973));
#13975=FACE_OUTER_BOUND('',#13974,.F.);
#13976=ADVANCED_FACE('',(#13975),#13968,.F.);
#13977=FILL_AREA_STYLE_COLOUR('',#19);
#13978=FILL_AREA_STYLE('',(#13977));
#13979=SURFACE_STYLE_FILL_AREA(#13978);
#13980=SURFACE_SIDE_STYLE('',(#13979));
#13981=SURFACE_STYLE_USAGE(.POSITIVE.,#13980);
#13982=PRESENTATION_STYLE_ASSIGNMENT((#13981));
#13983=STYLED_ITEM('',(#13982),#13976);
#13984=CARTESIAN_POINT('',(1.464428457523E1,-8.5E-2,-3.439366602915E0));
#13985=DIRECTION('',(-1.E0,0.E0,0.E0));
#13986=DIRECTION('',(0.E0,-1.E0,0.E0));
#13987=AXIS2_PLACEMENT_3D('',#13984,#13985,#13986);
#13988=CYLINDRICAL_SURFACE('',#13987,2.5E-1);
#13989=ORIENTED_EDGE('',*,*,#13393,.T.);
#13991=ORIENTED_EDGE('',*,*,#13990,.F.);
#13992=ORIENTED_EDGE('',*,*,#13880,.T.);
#13993=ORIENTED_EDGE('',*,*,#13969,.T.);
#13994=EDGE_LOOP('',(#13989,#13991,#13992,#13993));
#13995=FACE_OUTER_BOUND('',#13994,.F.);
#13996=ADVANCED_FACE('',(#13995),#13988,.T.);
#13997=FILL_AREA_STYLE_COLOUR('',#19);
#13998=FILL_AREA_STYLE('',(#13997));
#13999=SURFACE_STYLE_FILL_AREA(#13998);
#14000=SURFACE_SIDE_STYLE('',(#13999));
#14001=SURFACE_STYLE_USAGE(.POSITIVE.,#14000);
#14002=PRESENTATION_STYLE_ASSIGNMENT((#14001));
#14003=STYLED_ITEM('',(#14002),#13996);
#14004=CARTESIAN_POINT('',(-3.375E0,2.415E0,-1.6E0));
#14005=DIRECTION('',(0.E0,5.258220975376E-1,-8.505945695460E-1));
#14006=DIRECTION('',(0.E0,-8.505945695460E-1,-5.258220975376E-1));
#14007=AXIS2_PLACEMENT_3D('',#14004,#14005,#14006);
#14008=PLANE('',#14007);
#14009=ORIENTED_EDGE('',*,*,#13990,.T.);
#14010=ORIENTED_EDGE('',*,*,#13391,.F.);
#14012=ORIENTED_EDGE('',*,*,#14011,.T.);
#14013=ORIENTED_EDGE('',*,*,#13882,.T.);
#14014=EDGE_LOOP('',(#14009,#14010,#14012,#14013));
#14015=FACE_OUTER_BOUND('',#14014,.F.);
#14016=ADVANCED_FACE('',(#14015),#14008,.F.);
#14017=FILL_AREA_STYLE_COLOUR('',#19);
#14018=FILL_AREA_STYLE('',(#14017));
#14019=SURFACE_STYLE_FILL_AREA(#14018);
#14020=SURFACE_SIDE_STYLE('',(#14019));
#14021=SURFACE_STYLE_USAGE(.POSITIVE.,#14020);
#14022=PRESENTATION_STYLE_ASSIGNMENT((#14021));
#14023=STYLED_ITEM('',(#14022),#14016);
#14024=CARTESIAN_POINT('',(-1.464428457523E1,2.165E0,-1.460633397085E0));
#14025=DIRECTION('',(1.E0,0.E0,0.E0));
#14026=DIRECTION('',(0.E0,5.258220975376E-1,-8.505945695460E-1));
#14027=AXIS2_PLACEMENT_3D('',#14024,#14025,#14026);
#14028=CYLINDRICAL_SURFACE('',#14027,2.5E-1);
#14029=ORIENTED_EDGE('',*,*,#14011,.F.);
#14030=ORIENTED_EDGE('',*,*,#13389,.T.);
#14032=ORIENTED_EDGE('',*,*,#14031,.T.);
#14033=ORIENTED_EDGE('',*,*,#13884,.T.);
#14034=EDGE_LOOP('',(#14029,#14030,#14032,#14033));
#14035=FACE_OUTER_BOUND('',#14034,.F.);
#14036=ADVANCED_FACE('',(#14035),#14028,.F.);
#14037=FILL_AREA_STYLE_COLOUR('',#19);
#14038=FILL_AREA_STYLE('',(#14037));
#14039=SURFACE_STYLE_FILL_AREA(#14038);
#14040=SURFACE_SIDE_STYLE('',(#14039));
#14041=SURFACE_STYLE_USAGE(.POSITIVE.,#14040);
#14042=PRESENTATION_STYLE_ASSIGNMENT((#14041));
#14043=STYLED_ITEM('',(#14042),#14036);
#14044=CARTESIAN_POINT('',(-3.375E0,2.415E0,0.E0));
#14045=DIRECTION('',(0.E0,1.E0,0.E0));
#14046=DIRECTION('',(0.E0,0.E0,-1.E0));
#14047=AXIS2_PLACEMENT_3D('',#14044,#14045,#14046);
#14048=PLANE('',#14047);
#14050=ORIENTED_EDGE('',*,*,#14049,.T.);
#14051=ORIENTED_EDGE('',*,*,#13886,.T.);
#14052=ORIENTED_EDGE('',*,*,#14031,.F.);
#14053=ORIENTED_EDGE('',*,*,#13387,.F.);
#14054=EDGE_LOOP('',(#14050,#14051,#14052,#14053));
#14055=FACE_OUTER_BOUND('',#14054,.F.);
#14056=ADVANCED_FACE('',(#14055),#14048,.F.);
#14057=FILL_AREA_STYLE_COLOUR('',#19);
#14058=FILL_AREA_STYLE('',(#14057));
#14059=SURFACE_STYLE_FILL_AREA(#14058);
#14060=SURFACE_SIDE_STYLE('',(#14059));
#14061=SURFACE_STYLE_USAGE(.POSITIVE.,#14060);
#14062=PRESENTATION_STYLE_ASSIGNMENT((#14061));
#14063=STYLED_ITEM('',(#14062),#14056);
#14064=CARTESIAN_POINT('',(-1.464428457523E1,2.165E0,-2.5E-1));
#14065=DIRECTION('',(1.E0,0.E0,0.E0));
#14066=DIRECTION('',(0.E0,1.E0,0.E0));
#14067=AXIS2_PLACEMENT_3D('',#14064,#14065,#14066);
#14068=CYLINDRICAL_SURFACE('',#14067,2.5E-1);
#14069=ORIENTED_EDGE('',*,*,#14049,.F.);
#14070=ORIENTED_EDGE('',*,*,#13385,.T.);
#14072=ORIENTED_EDGE('',*,*,#14071,.T.);
#14073=ORIENTED_EDGE('',*,*,#13888,.T.);
#14074=EDGE_LOOP('',(#14069,#14070,#14072,#14073));
#14075=FACE_OUTER_BOUND('',#14074,.F.);
#14076=ADVANCED_FACE('',(#14075),#14068,.F.);
#14077=FILL_AREA_STYLE_COLOUR('',#19);
#14078=FILL_AREA_STYLE('',(#14077));
#14079=SURFACE_STYLE_FILL_AREA(#14078);
#14080=SURFACE_SIDE_STYLE('',(#14079));
#14081=SURFACE_STYLE_USAGE(.POSITIVE.,#14080);
#14082=PRESENTATION_STYLE_ASSIGNMENT((#14081));
#14083=STYLED_ITEM('',(#14082),#14076);
#14084=CARTESIAN_POINT('',(-3.1E0,-1.885E0,0.E0));
#14085=DIRECTION('',(0.E0,0.E0,1.E0));
#14086=DIRECTION('',(0.E0,1.E0,0.E0));
#14087=AXIS2_PLACEMENT_3D('',#14084,#14085,#14086);
#14088=PLANE('',#14087);
#14089=ORIENTED_EDGE('',*,*,#13443,.F.);
#14091=ORIENTED_EDGE('',*,*,#14090,.T.);
#14093=ORIENTED_EDGE('',*,*,#14092,.F.);
#14095=ORIENTED_EDGE('',*,*,#14094,.T.);
#14096=ORIENTED_EDGE('',*,*,#13890,.T.);
#14097=ORIENTED_EDGE('',*,*,#14071,.F.);
#14098=ORIENTED_EDGE('',*,*,#13383,.F.);
#14099=EDGE_LOOP('',(#14089,#14091,#14093,#14095,#14096,#14097,#14098));
#14100=FACE_OUTER_BOUND('',#14099,.F.);
#14101=ADVANCED_FACE('',(#14100),#14088,.F.);
#14102=FILL_AREA_STYLE_COLOUR('',#19);
#14103=FILL_AREA_STYLE('',(#14102));
#14104=SURFACE_STYLE_FILL_AREA(#14103);
#14105=SURFACE_SIDE_STYLE('',(#14104));
#14106=SURFACE_STYLE_USAGE(.POSITIVE.,#14105);
#14107=PRESENTATION_STYLE_ASSIGNMENT((#14106));
#14108=STYLED_ITEM('',(#14107),#14101);
#14109=CARTESIAN_POINT('',(0.E0,-1.885E0,-3.1E0));
#14110=DIRECTION('',(0.E0,-1.E0,0.E0));
#14111=DIRECTION('',(1.E0,0.E0,0.E0));
#14112=AXIS2_PLACEMENT_3D('',#14109,#14110,#14111);
#14113=PLANE('',#14112);
#14114=ORIENTED_EDGE('',*,*,#13441,.T.);
#14115=ORIENTED_EDGE('',*,*,#13477,.F.);
#14117=ORIENTED_EDGE('',*,*,#14116,.T.);
#14119=ORIENTED_EDGE('',*,*,#14118,.F.);
#14121=ORIENTED_EDGE('',*,*,#14120,.F.);
#14123=ORIENTED_EDGE('',*,*,#14122,.F.);
#14125=ORIENTED_EDGE('',*,*,#14124,.F.);
#14127=ORIENTED_EDGE('',*,*,#14126,.F.);
#14129=ORIENTED_EDGE('',*,*,#14128,.F.);
#14130=ORIENTED_EDGE('',*,*,#14090,.F.);
#14131=EDGE_LOOP('',(#14114,#14115,#14117,#14119,#14121,#14123,#14125,#14127,
#14129,#14130));
#14132=FACE_OUTER_BOUND('',#14131,.F.);
#14134=ORIENTED_EDGE('',*,*,#14133,.F.);
#14136=ORIENTED_EDGE('',*,*,#14135,.F.);
#14137=EDGE_LOOP('',(#14134,#14136));
#14138=FACE_BOUND('',#14137,.F.);
#14140=ORIENTED_EDGE('',*,*,#14139,.T.);
#14142=ORIENTED_EDGE('',*,*,#14141,.T.);
#14143=EDGE_LOOP('',(#14140,#14142));
#14144=FACE_BOUND('',#14143,.F.);
#14146=ORIENTED_EDGE('',*,*,#14145,.F.);
#14148=ORIENTED_EDGE('',*,*,#14147,.F.);
#14149=EDGE_LOOP('',(#14146,#14148));
#14150=FACE_BOUND('',#14149,.F.);
#14152=ORIENTED_EDGE('',*,*,#14151,.F.);
#14154=ORIENTED_EDGE('',*,*,#14153,.F.);
#14155=EDGE_LOOP('',(#14152,#14154));
#14156=FACE_BOUND('',#14155,.F.);
#14158=ORIENTED_EDGE('',*,*,#14157,.T.);
#14160=ORIENTED_EDGE('',*,*,#14159,.T.);
#14161=EDGE_LOOP('',(#14158,#14160));
#14162=FACE_BOUND('',#14161,.F.);
#14163=ADVANCED_FACE('',(#14132,#14138,#14144,#14150,#14156,#14162),#14113,.T.);
#14164=FILL_AREA_STYLE_COLOUR('',#19);
#14165=FILL_AREA_STYLE('',(#14164));
#14166=SURFACE_STYLE_FILL_AREA(#14165);
#14167=SURFACE_SIDE_STYLE('',(#14166));
#14168=SURFACE_STYLE_USAGE(.POSITIVE.,#14167);
#14169=PRESENTATION_STYLE_ASSIGNMENT((#14168));
#14170=STYLED_ITEM('',(#14169),#14163);
#14171=CARTESIAN_POINT('',(0.E0,-1.635E0,0.E0));
#14172=DIRECTION('',(0.E0,-1.E0,0.E0));
#14173=DIRECTION('',(1.E0,0.E0,0.E0));
#14174=AXIS2_PLACEMENT_3D('',#14171,#14172,#14173);
#14175=CYLINDRICAL_SURFACE('',#14174,1.6E0);
#14177=ORIENTED_EDGE('',*,*,#14176,.F.);
#14179=ORIENTED_EDGE('',*,*,#14178,.T.);
#14180=ORIENTED_EDGE('',*,*,#14133,.T.);
#14182=ORIENTED_EDGE('',*,*,#14181,.F.);
#14183=EDGE_LOOP('',(#14177,#14179,#14180,#14182));
#14184=FACE_OUTER_BOUND('',#14183,.F.);
#14185=ADVANCED_FACE('',(#14184),#14175,.F.);
#14186=FILL_AREA_STYLE_COLOUR('',#19);
#14187=FILL_AREA_STYLE('',(#14186));
#14188=SURFACE_STYLE_FILL_AREA(#14187);
#14189=SURFACE_SIDE_STYLE('',(#14188));
#14190=SURFACE_STYLE_USAGE(.POSITIVE.,#14189);
#14191=PRESENTATION_STYLE_ASSIGNMENT((#14190));
#14192=STYLED_ITEM('',(#14191),#14185);
#14193=CARTESIAN_POINT('',(0.E0,-1.635E0,-3.1E0));
#14194=DIRECTION('',(0.E0,-1.E0,0.E0));
#14195=DIRECTION('',(1.E0,0.E0,0.E0));
#14196=AXIS2_PLACEMENT_3D('',#14193,#14194,#14195);
#14197=PLANE('',#14196);
#14198=ORIENTED_EDGE('',*,*,#14094,.F.);
#14200=ORIENTED_EDGE('',*,*,#14199,.F.);
#14202=ORIENTED_EDGE('',*,*,#14201,.F.);
#14204=ORIENTED_EDGE('',*,*,#14203,.T.);
#14206=ORIENTED_EDGE('',*,*,#14205,.F.);
#14208=ORIENTED_EDGE('',*,*,#14207,.F.);
#14210=ORIENTED_EDGE('',*,*,#14209,.T.);
#14212=ORIENTED_EDGE('',*,*,#14211,.T.);
#14213=ORIENTED_EDGE('',*,*,#13467,.F.);
#14214=ORIENTED_EDGE('',*,*,#13892,.F.);
#14215=EDGE_LOOP('',(#14198,#14200,#14202,#14204,#14206,#14208,#14210,#14212,
#14213,#14214));
#14216=FACE_OUTER_BOUND('',#14215,.F.);
#14217=ORIENTED_EDGE('',*,*,#14176,.T.);
#14219=ORIENTED_EDGE('',*,*,#14218,.T.);
#14220=EDGE_LOOP('',(#14217,#14219));
#14221=FACE_BOUND('',#14220,.F.);
#14222=ADVANCED_FACE('',(#14216,#14221),#14197,.F.);
#14223=FILL_AREA_STYLE_COLOUR('',#19);
#14224=FILL_AREA_STYLE('',(#14223));
#14225=SURFACE_STYLE_FILL_AREA(#14224);
#14226=SURFACE_SIDE_STYLE('',(#14225));
#14227=SURFACE_STYLE_USAGE(.POSITIVE.,#14226);
#14228=PRESENTATION_STYLE_ASSIGNMENT((#14227));
#14229=STYLED_ITEM('',(#14228),#14222);
#14230=CARTESIAN_POINT('',(0.E0,-1.635E0,0.E0));
#14231=DIRECTION('',(0.E0,-1.E0,0.E0));
#14232=DIRECTION('',(1.E0,0.E0,0.E0));
#14233=AXIS2_PLACEMENT_3D('',#14230,#14231,#14232);
#14234=CYLINDRICAL_SURFACE('',#14233,1.6E0);
#14235=ORIENTED_EDGE('',*,*,#14218,.F.);
#14236=ORIENTED_EDGE('',*,*,#14181,.T.);
#14237=ORIENTED_EDGE('',*,*,#14135,.T.);
#14238=ORIENTED_EDGE('',*,*,#14178,.F.);
#14239=EDGE_LOOP('',(#14235,#14236,#14237,#14238));
#14240=FACE_OUTER_BOUND('',#14239,.F.);
#14241=ADVANCED_FACE('',(#14240),#14234,.F.);
#14242=FILL_AREA_STYLE_COLOUR('',#19);
#14243=FILL_AREA_STYLE('',(#14242));
#14244=SURFACE_STYLE_FILL_AREA(#14243);
#14245=SURFACE_SIDE_STYLE('',(#14244));
#14246=SURFACE_STYLE_USAGE(.POSITIVE.,#14245);
#14247=PRESENTATION_STYLE_ASSIGNMENT((#14246));
#14248=STYLED_ITEM('',(#14247),#14241);
#14249=CARTESIAN_POINT('',(-3.1E0,-1.635E0,3.1E0));
#14250=DIRECTION('',(-1.E0,0.E0,0.E0));
#14251=DIRECTION('',(0.E0,0.E0,-1.E0));
#14252=AXIS2_PLACEMENT_3D('',#14249,#14250,#14251);
#14253=PLANE('',#14252);
#14254=ORIENTED_EDGE('',*,*,#14092,.T.);
#14255=ORIENTED_EDGE('',*,*,#14128,.T.);
#14257=ORIENTED_EDGE('',*,*,#14256,.T.);
#14258=ORIENTED_EDGE('',*,*,#14199,.T.);
#14259=EDGE_LOOP('',(#14254,#14255,#14257,#14258));
#14260=FACE_OUTER_BOUND('',#14259,.F.);
#14261=ADVANCED_FACE('',(#14260),#14253,.T.);
#14262=FILL_AREA_STYLE_COLOUR('',#19);
#14263=FILL_AREA_STYLE('',(#14262));
#14264=SURFACE_STYLE_FILL_AREA(#14263);
#14265=SURFACE_SIDE_STYLE('',(#14264));
#14266=SURFACE_STYLE_USAGE(.POSITIVE.,#14265);
#14267=PRESENTATION_STYLE_ASSIGNMENT((#14266));
#14268=STYLED_ITEM('',(#14267),#14261);
#14269=CARTESIAN_POINT('',(-2.7E0,-6.4476E0,-2.7E0));
#14270=DIRECTION('',(0.E0,1.E0,0.E0));
#14271=DIRECTION('',(0.E0,0.E0,-1.E0));
#14272=AXIS2_PLACEMENT_3D('',#14269,#14270,#14271);
#14273=CYLINDRICAL_SURFACE('',#14272,4.E-1);
#14274=ORIENTED_EDGE('',*,*,#14201,.T.);
#14275=ORIENTED_EDGE('',*,*,#14256,.F.);
#14276=ORIENTED_EDGE('',*,*,#14126,.T.);
#14278=ORIENTED_EDGE('',*,*,#14277,.T.);
#14279=EDGE_LOOP('',(#14274,#14275,#14276,#14278));
#14280=FACE_OUTER_BOUND('',#14279,.F.);
#14281=ADVANCED_FACE('',(#14280),#14273,.T.);
#14282=FILL_AREA_STYLE_COLOUR('',#19);
#14283=FILL_AREA_STYLE('',(#14282));
#14284=SURFACE_STYLE_FILL_AREA(#14283);
#14285=SURFACE_SIDE_STYLE('',(#14284));
#14286=SURFACE_STYLE_USAGE(.POSITIVE.,#14285);
#14287=PRESENTATION_STYLE_ASSIGNMENT((#14286));
#14288=STYLED_ITEM('',(#14287),#14281);
#14289=CARTESIAN_POINT('',(-3.1E0,-1.635E0,-3.1E0));
#14290=DIRECTION('',(0.E0,0.E0,-1.E0));
#14291=DIRECTION('',(1.E0,0.E0,0.E0));
#14292=AXIS2_PLACEMENT_3D('',#14289,#14290,#14291);
#14293=PLANE('',#14292);
#14294=ORIENTED_EDGE('',*,*,#14277,.F.);
#14295=ORIENTED_EDGE('',*,*,#14124,.T.);
#14297=ORIENTED_EDGE('',*,*,#14296,.T.);
#14298=ORIENTED_EDGE('',*,*,#14203,.F.);
#14299=EDGE_LOOP('',(#14294,#14295,#14297,#14298));
#14300=FACE_OUTER_BOUND('',#14299,.F.);
#14301=ADVANCED_FACE('',(#14300),#14293,.T.);
#14302=FILL_AREA_STYLE_COLOUR('',#19);
#14303=FILL_AREA_STYLE('',(#14302));
#14304=SURFACE_STYLE_FILL_AREA(#14303);
#14305=SURFACE_SIDE_STYLE('',(#14304));
#14306=SURFACE_STYLE_USAGE(.POSITIVE.,#14305);
#14307=PRESENTATION_STYLE_ASSIGNMENT((#14306));
#14308=STYLED_ITEM('',(#14307),#14301);
#14309=CARTESIAN_POINT('',(2.7E0,-6.4476E0,-2.7E0));
#14310=DIRECTION('',(0.E0,1.E0,0.E0));
#14311=DIRECTION('',(1.E0,0.E0,0.E0));
#14312=AXIS2_PLACEMENT_3D('',#14309,#14310,#14311);
#14313=CYLINDRICAL_SURFACE('',#14312,4.E-1);
#14314=ORIENTED_EDGE('',*,*,#14205,.T.);
#14315=ORIENTED_EDGE('',*,*,#14296,.F.);
#14316=ORIENTED_EDGE('',*,*,#14122,.T.);
#14318=ORIENTED_EDGE('',*,*,#14317,.T.);
#14319=EDGE_LOOP('',(#14314,#14315,#14316,#14318));
#14320=FACE_OUTER_BOUND('',#14319,.F.);
#14321=ADVANCED_FACE('',(#14320),#14313,.T.);
#14322=FILL_AREA_STYLE_COLOUR('',#19);
#14323=FILL_AREA_STYLE('',(#14322));
#14324=SURFACE_STYLE_FILL_AREA(#14323);
#14325=SURFACE_SIDE_STYLE('',(#14324));
#14326=SURFACE_STYLE_USAGE(.POSITIVE.,#14325);
#14327=PRESENTATION_STYLE_ASSIGNMENT((#14326));
#14328=STYLED_ITEM('',(#14327),#14321);
#14329=CARTESIAN_POINT('',(3.1E0,-1.635E0,-3.1E0));
#14330=DIRECTION('',(1.E0,0.E0,0.E0));
#14331=DIRECTION('',(0.E0,0.E0,1.E0));
#14332=AXIS2_PLACEMENT_3D('',#14329,#14330,#14331);
#14333=PLANE('',#14332);
#14335=ORIENTED_EDGE('',*,*,#14334,.F.);
#14336=ORIENTED_EDGE('',*,*,#14207,.T.);
#14337=ORIENTED_EDGE('',*,*,#14317,.F.);
#14338=ORIENTED_EDGE('',*,*,#14120,.T.);
#14339=EDGE_LOOP('',(#14335,#14336,#14337,#14338));
#14340=FACE_OUTER_BOUND('',#14339,.F.);
#14341=ADVANCED_FACE('',(#14340),#14333,.T.);
#14342=FILL_AREA_STYLE_COLOUR('',#19);
#14343=FILL_AREA_STYLE('',(#14342));
#14344=SURFACE_STYLE_FILL_AREA(#14343);
#14345=SURFACE_SIDE_STYLE('',(#14344));
#14346=SURFACE_STYLE_USAGE(.POSITIVE.,#14345);
#14347=PRESENTATION_STYLE_ASSIGNMENT((#14346));
#14348=STYLED_ITEM('',(#14347),#14341);
#14349=CARTESIAN_POINT('',(3.1E0,-1.885E0,0.E0));
#14350=DIRECTION('',(0.E0,0.E0,-1.E0));
#14351=DIRECTION('',(0.E0,1.E0,0.E0));
#14352=AXIS2_PLACEMENT_3D('',#14349,#14350,#14351);
#14353=PLANE('',#14352);
#14355=ORIENTED_EDGE('',*,*,#14354,.F.);
#14357=ORIENTED_EDGE('',*,*,#14356,.F.);
#14359=ORIENTED_EDGE('',*,*,#14358,.F.);
#14361=ORIENTED_EDGE('',*,*,#14360,.T.);
#14362=ORIENTED_EDGE('',*,*,#14209,.F.);
#14363=ORIENTED_EDGE('',*,*,#14334,.T.);
#14364=ORIENTED_EDGE('',*,*,#14118,.T.);
#14365=EDGE_LOOP('',(#14355,#14357,#14359,#14361,#14362,#14363,#14364));
#14366=FACE_OUTER_BOUND('',#14365,.F.);
#14367=ADVANCED_FACE('',(#14366),#14353,.T.);
#14368=FILL_AREA_STYLE_COLOUR('',#19);
#14369=FILL_AREA_STYLE('',(#14368));
#14370=SURFACE_STYLE_FILL_AREA(#14369);
#14371=SURFACE_SIDE_STYLE('',(#14370));
#14372=SURFACE_STYLE_USAGE(.POSITIVE.,#14371);
#14373=PRESENTATION_STYLE_ASSIGNMENT((#14372));
#14374=STYLED_ITEM('',(#14373),#14367);
#14375=CARTESIAN_POINT('',(3.375E0,-1.635E0,1.748020129620E1));
#14376=DIRECTION('',(0.E0,0.E0,-1.E0));
#14377=DIRECTION('',(1.E0,0.E0,0.E0));
#14378=AXIS2_PLACEMENT_3D('',#14375,#14376,#14377);
#14379=CYLINDRICAL_SURFACE('',#14378,2.5E-1);
#14380=ORIENTED_EDGE('',*,*,#14354,.T.);
#14381=ORIENTED_EDGE('',*,*,#14116,.F.);
#14382=ORIENTED_EDGE('',*,*,#13475,.T.);
#14384=ORIENTED_EDGE('',*,*,#14383,.T.);
#14385=EDGE_LOOP('',(#14380,#14381,#14382,#14384));
#14386=FACE_OUTER_BOUND('',#14385,.F.);
#14387=ADVANCED_FACE('',(#14386),#14379,.T.);
#14388=FILL_AREA_STYLE_COLOUR('',#19);
#14389=FILL_AREA_STYLE('',(#14388));
#14390=SURFACE_STYLE_FILL_AREA(#14389);
#14391=SURFACE_SIDE_STYLE('',(#14390));
#14392=SURFACE_STYLE_USAGE(.POSITIVE.,#14391);
#14393=PRESENTATION_STYLE_ASSIGNMENT((#14392));
#14394=STYLED_ITEM('',(#14393),#14387);
#14395=CARTESIAN_POINT('',(3.625E0,-1.635E0,-3.1E0));
#14396=DIRECTION('',(1.E0,0.E0,0.E0));
#14397=DIRECTION('',(0.E0,1.E0,0.E0));
#14398=AXIS2_PLACEMENT_3D('',#14395,#14396,#14397);
#14399=PLANE('',#14398);
#14400=ORIENTED_EDGE('',*,*,#14383,.F.);
#14401=ORIENTED_EDGE('',*,*,#13473,.T.);
#14403=ORIENTED_EDGE('',*,*,#14402,.F.);
#14405=ORIENTED_EDGE('',*,*,#14404,.T.);
#14407=ORIENTED_EDGE('',*,*,#14406,.T.);
#14409=ORIENTED_EDGE('',*,*,#14408,.F.);
#14411=ORIENTED_EDGE('',*,*,#14410,.T.);
#14413=ORIENTED_EDGE('',*,*,#14412,.F.);
#14415=ORIENTED_EDGE('',*,*,#14414,.F.);
#14417=ORIENTED_EDGE('',*,*,#14416,.T.);
#14419=ORIENTED_EDGE('',*,*,#14418,.F.);
#14421=ORIENTED_EDGE('',*,*,#14420,.T.);
#14423=ORIENTED_EDGE('',*,*,#14422,.T.);
#14425=ORIENTED_EDGE('',*,*,#14424,.T.);
#14427=ORIENTED_EDGE('',*,*,#14426,.F.);
#14429=ORIENTED_EDGE('',*,*,#14428,.T.);
#14431=ORIENTED_EDGE('',*,*,#14430,.F.);
#14433=ORIENTED_EDGE('',*,*,#14432,.T.);
#14435=ORIENTED_EDGE('',*,*,#14434,.F.);
#14437=ORIENTED_EDGE('',*,*,#14436,.T.);
#14439=ORIENTED_EDGE('',*,*,#14438,.F.);
#14440=ORIENTED_EDGE('',*,*,#14356,.T.);
#14441=EDGE_LOOP('',(#14400,#14401,#14403,#14405,#14407,#14409,#14411,#14413,
#14415,#14417,#14419,#14421,#14423,#14425,#14427,#14429,#14431,#14433,#14435,
#14437,#14439,#14440));
#14442=FACE_OUTER_BOUND('',#14441,.F.);
#14443=ADVANCED_FACE('',(#14442),#14399,.T.);
#14444=FILL_AREA_STYLE_COLOUR('',#19);
#14445=FILL_AREA_STYLE('',(#14444));
#14446=SURFACE_STYLE_FILL_AREA(#14445);
#14447=SURFACE_SIDE_STYLE('',(#14446));
#14448=SURFACE_STYLE_USAGE(.POSITIVE.,#14447);
#14449=PRESENTATION_STYLE_ASSIGNMENT((#14448));
#14450=STYLED_ITEM('',(#14449),#14443);
#14451=CARTESIAN_POINT('',(1.339317096349E1,2.942243500684E0,2.85E0));
#14452=DIRECTION('',(-1.E0,0.E0,0.E0));
#14453=DIRECTION('',(0.E0,0.E0,1.E0));
#14454=AXIS2_PLACEMENT_3D('',#14451,#14452,#14453);
#14455=CYLINDRICAL_SURFACE('',#14454,2.5E-1);
#14457=ORIENTED_EDGE('',*,*,#14456,.T.);
#14459=ORIENTED_EDGE('',*,*,#14458,.F.);
#14460=ORIENTED_EDGE('',*,*,#14402,.T.);
#14461=ORIENTED_EDGE('',*,*,#13471,.T.);
#14462=EDGE_LOOP('',(#14457,#14459,#14460,#14461));
#14463=FACE_OUTER_BOUND('',#14462,.F.);
#14464=ADVANCED_FACE('',(#14463),#14455,.T.);
#14465=FILL_AREA_STYLE_COLOUR('',#19);
#14466=FILL_AREA_STYLE('',(#14465));
#14467=SURFACE_STYLE_FILL_AREA(#14466);
#14468=SURFACE_SIDE_STYLE('',(#14467));
#14469=SURFACE_STYLE_USAGE(.POSITIVE.,#14468);
#14470=PRESENTATION_STYLE_ASSIGNMENT((#14469));
#14471=STYLED_ITEM('',(#14470),#14464);
#14472=CARTESIAN_POINT('',(3.375E0,-1.635E0,-3.1E0));
#14473=DIRECTION('',(1.E0,0.E0,0.E0));
#14474=DIRECTION('',(0.E0,1.E0,0.E0));
#14475=AXIS2_PLACEMENT_3D('',#14472,#14473,#14474);
#14476=PLANE('',#14475);
#14477=ORIENTED_EDGE('',*,*,#14456,.F.);
#14478=ORIENTED_EDGE('',*,*,#13469,.F.);
#14479=ORIENTED_EDGE('',*,*,#14211,.F.);
#14480=ORIENTED_EDGE('',*,*,#14360,.F.);
#14482=ORIENTED_EDGE('',*,*,#14481,.F.);
#14484=ORIENTED_EDGE('',*,*,#14483,.F.);
#14486=ORIENTED_EDGE('',*,*,#14485,.F.);
#14488=ORIENTED_EDGE('',*,*,#14487,.F.);
#14490=ORIENTED_EDGE('',*,*,#14489,.F.);
#14492=ORIENTED_EDGE('',*,*,#14491,.F.);
#14494=ORIENTED_EDGE('',*,*,#14493,.F.);
#14496=ORIENTED_EDGE('',*,*,#14495,.F.);
#14498=ORIENTED_EDGE('',*,*,#14497,.F.);
#14500=ORIENTED_EDGE('',*,*,#14499,.F.);
#14502=ORIENTED_EDGE('',*,*,#14501,.F.);
#14504=ORIENTED_EDGE('',*,*,#14503,.F.);
#14506=ORIENTED_EDGE('',*,*,#14505,.F.);
#14508=ORIENTED_EDGE('',*,*,#14507,.F.);
#14510=ORIENTED_EDGE('',*,*,#14509,.F.);
#14512=ORIENTED_EDGE('',*,*,#14511,.F.);
#14514=ORIENTED_EDGE('',*,*,#14513,.F.);
#14516=ORIENTED_EDGE('',*,*,#14515,.F.);
#14517=EDGE_LOOP('',(#14477,#14478,#14479,#14480,#14482,#14484,#14486,#14488,
#14490,#14492,#14494,#14496,#14498,#14500,#14502,#14504,#14506,#14508,#14510,
#14512,#14514,#14516));
#14518=FACE_OUTER_BOUND('',#14517,.F.);
#14519=ADVANCED_FACE('',(#14518),#14476,.F.);
#14520=FILL_AREA_STYLE_COLOUR('',#19);
#14521=FILL_AREA_STYLE('',(#14520));
#14522=SURFACE_STYLE_FILL_AREA(#14521);
#14523=SURFACE_SIDE_STYLE('',(#14522));
#14524=SURFACE_STYLE_USAGE(.POSITIVE.,#14523);
#14525=PRESENTATION_STYLE_ASSIGNMENT((#14524));
#14526=STYLED_ITEM('',(#14525),#14519);
#14527=CARTESIAN_POINT('',(-1.243343361174E1,2.165E0,-2.5E-1));
#14528=DIRECTION('',(1.E0,0.E0,0.E0));
#14529=DIRECTION('',(0.E0,1.E0,0.E0));
#14530=AXIS2_PLACEMENT_3D('',#14527,#14528,#14529);
#14531=CYLINDRICAL_SURFACE('',#14530,2.5E-1);
#14533=ORIENTED_EDGE('',*,*,#14532,.F.);
#14534=ORIENTED_EDGE('',*,*,#14481,.T.);
#14535=ORIENTED_EDGE('',*,*,#14358,.T.);
#14536=ORIENTED_EDGE('',*,*,#14438,.T.);
#14537=EDGE_LOOP('',(#14533,#14534,#14535,#14536));
#14538=FACE_OUTER_BOUND('',#14537,.F.);
#14539=ADVANCED_FACE('',(#14538),#14531,.F.);
#14540=FILL_AREA_STYLE_COLOUR('',#19);
#14541=FILL_AREA_STYLE('',(#14540));
#14542=SURFACE_STYLE_FILL_AREA(#14541);
#14543=SURFACE_SIDE_STYLE('',(#14542));
#14544=SURFACE_STYLE_USAGE(.POSITIVE.,#14543);
#14545=PRESENTATION_STYLE_ASSIGNMENT((#14544));
#14546=STYLED_ITEM('',(#14545),#14539);
#14547=CARTESIAN_POINT('',(3.375E0,2.415E0,0.E0));
#14548=DIRECTION('',(0.E0,-1.E0,0.E0));
#14549=DIRECTION('',(0.E0,0.E0,-1.E0));
#14550=AXIS2_PLACEMENT_3D('',#14547,#14548,#14549);
#14551=PLANE('',#14550);
#14552=ORIENTED_EDGE('',*,*,#14532,.T.);
#14553=ORIENTED_EDGE('',*,*,#14436,.F.);
#14555=ORIENTED_EDGE('',*,*,#14554,.F.);
#14556=ORIENTED_EDGE('',*,*,#14483,.T.);
#14557=EDGE_LOOP('',(#14552,#14553,#14555,#14556));
#14558=FACE_OUTER_BOUND('',#14557,.F.);
#14559=ADVANCED_FACE('',(#14558),#14551,.T.);
#14560=FILL_AREA_STYLE_COLOUR('',#19);
#14561=FILL_AREA_STYLE('',(#14560));
#14562=SURFACE_STYLE_FILL_AREA(#14561);
#14563=SURFACE_SIDE_STYLE('',(#14562));
#14564=SURFACE_STYLE_USAGE(.POSITIVE.,#14563);
#14565=PRESENTATION_STYLE_ASSIGNMENT((#14564));
#14566=STYLED_ITEM('',(#14565),#14559);
#14567=CARTESIAN_POINT('',(-1.243343361174E1,2.165E0,-1.460633397085E0));
#14568=DIRECTION('',(1.E0,0.E0,0.E0));
#14569=DIRECTION('',(0.E0,5.258220975376E-1,-8.505945695460E-1));
#14570=AXIS2_PLACEMENT_3D('',#14567,#14568,#14569);
#14571=CYLINDRICAL_SURFACE('',#14570,2.5E-1);
#14573=ORIENTED_EDGE('',*,*,#14572,.F.);
#14574=ORIENTED_EDGE('',*,*,#14485,.T.);
#14575=ORIENTED_EDGE('',*,*,#14554,.T.);
#14576=ORIENTED_EDGE('',*,*,#14434,.T.);
#14577=EDGE_LOOP('',(#14573,#14574,#14575,#14576));
#14578=FACE_OUTER_BOUND('',#14577,.F.);
#14579=ADVANCED_FACE('',(#14578),#14571,.F.);
#14580=FILL_AREA_STYLE_COLOUR('',#19);
#14581=FILL_AREA_STYLE('',(#14580));
#14582=SURFACE_STYLE_FILL_AREA(#14581);
#14583=SURFACE_SIDE_STYLE('',(#14582));
#14584=SURFACE_STYLE_USAGE(.POSITIVE.,#14583);
#14585=PRESENTATION_STYLE_ASSIGNMENT((#14584));
#14586=STYLED_ITEM('',(#14585),#14579);
#14587=CARTESIAN_POINT('',(3.375E0,2.415E0,-1.6E0));
#14588=DIRECTION('',(0.E0,-5.258220975376E-1,8.505945695460E-1));
#14589=DIRECTION('',(0.E0,-8.505945695460E-1,-5.258220975376E-1));
#14590=AXIS2_PLACEMENT_3D('',#14587,#14588,#14589);
#14591=PLANE('',#14590);
#14593=ORIENTED_EDGE('',*,*,#14592,.T.);
#14594=ORIENTED_EDGE('',*,*,#14487,.T.);
#14595=ORIENTED_EDGE('',*,*,#14572,.T.);
#14596=ORIENTED_EDGE('',*,*,#14432,.F.);
#14597=EDGE_LOOP('',(#14593,#14594,#14595,#14596));
#14598=FACE_OUTER_BOUND('',#14597,.F.);
#14599=ADVANCED_FACE('',(#14598),#14591,.T.);
#14600=FILL_AREA_STYLE_COLOUR('',#19);
#14601=FILL_AREA_STYLE('',(#14600));
#14602=SURFACE_STYLE_FILL_AREA(#14601);
#14603=SURFACE_SIDE_STYLE('',(#14602));
#14604=SURFACE_STYLE_USAGE(.POSITIVE.,#14603);
#14605=PRESENTATION_STYLE_ASSIGNMENT((#14604));
#14606=STYLED_ITEM('',(#14605),#14599);
#14607=CARTESIAN_POINT('',(1.339317096349E1,-8.5E-2,-3.439366602915E0));
#14608=DIRECTION('',(-1.E0,0.E0,0.E0));
#14609=DIRECTION('',(0.E0,-1.E0,0.E0));
#14610=AXIS2_PLACEMENT_3D('',#14607,#14608,#14609);
#14611=CYLINDRICAL_SURFACE('',#14610,2.5E-1);
#14612=ORIENTED_EDGE('',*,*,#14489,.T.);
#14613=ORIENTED_EDGE('',*,*,#14592,.F.);
#14614=ORIENTED_EDGE('',*,*,#14430,.T.);
#14616=ORIENTED_EDGE('',*,*,#14615,.T.);
#14617=EDGE_LOOP('',(#14612,#14613,#14614,#14616));
#14618=FACE_OUTER_BOUND('',#14617,.F.);
#14619=ADVANCED_FACE('',(#14618),#14611,.T.);
#14620=FILL_AREA_STYLE_COLOUR('',#19);
#14621=FILL_AREA_STYLE('',(#14620));
#14622=SURFACE_STYLE_FILL_AREA(#14621);
#14623=SURFACE_SIDE_STYLE('',(#14622));
#14624=SURFACE_STYLE_USAGE(.POSITIVE.,#14623);
#14625=PRESENTATION_STYLE_ASSIGNMENT((#14624));
#14626=STYLED_ITEM('',(#14625),#14619);
#14627=CARTESIAN_POINT('',(3.375E0,-3.35E-1,-3.3E0));
#14628=DIRECTION('',(0.E0,-1.E0,0.E0));
#14629=DIRECTION('',(0.E0,0.E0,-1.E0));
#14630=AXIS2_PLACEMENT_3D('',#14627,#14628,#14629);
#14631=PLANE('',#14630);
#14632=ORIENTED_EDGE('',*,*,#14615,.F.);
#14633=ORIENTED_EDGE('',*,*,#14428,.F.);
#14635=ORIENTED_EDGE('',*,*,#14634,.T.);
#14636=ORIENTED_EDGE('',*,*,#14491,.T.);
#14637=EDGE_LOOP('',(#14632,#14633,#14635,#14636));
#14638=FACE_OUTER_BOUND('',#14637,.F.);
#14639=ADVANCED_FACE('',(#14638),#14631,.T.);
#14640=FILL_AREA_STYLE_COLOUR('',#19);
#14641=FILL_AREA_STYLE('',(#14640));
#14642=SURFACE_STYLE_FILL_AREA(#14641);
#14643=SURFACE_SIDE_STYLE('',(#14642));
#14644=SURFACE_STYLE_USAGE(.POSITIVE.,#14643);
#14645=PRESENTATION_STYLE_ASSIGNMENT((#14644));
#14646=STYLED_ITEM('',(#14645),#14639);
#14647=CARTESIAN_POINT('',(1.339317096349E1,-8.5E-2,-3.75E0));
#14648=DIRECTION('',(-1.E0,0.E0,0.E0));
#14649=DIRECTION('',(0.E0,0.E0,-1.E0));
#14650=AXIS2_PLACEMENT_3D('',#14647,#14648,#14649);
#14651=CYLINDRICAL_SURFACE('',#14650,2.5E-1);
#14652=ORIENTED_EDGE('',*,*,#14493,.T.);
#14653=ORIENTED_EDGE('',*,*,#14634,.F.);
#14654=ORIENTED_EDGE('',*,*,#14426,.T.);
#14656=ORIENTED_EDGE('',*,*,#14655,.T.);
#14657=EDGE_LOOP('',(#14652,#14653,#14654,#14656));
#14658=FACE_OUTER_BOUND('',#14657,.F.);
#14659=ADVANCED_FACE('',(#14658),#14651,.T.);
#14660=FILL_AREA_STYLE_COLOUR('',#19);
#14661=FILL_AREA_STYLE('',(#14660));
#14662=SURFACE_STYLE_FILL_AREA(#14661);
#14663=SURFACE_SIDE_STYLE('',(#14662));
#14664=SURFACE_STYLE_USAGE(.POSITIVE.,#14663);
#14665=PRESENTATION_STYLE_ASSIGNMENT((#14664));
#14666=STYLED_ITEM('',(#14665),#14659);
#14667=CARTESIAN_POINT('',(3.375E0,-3.35E-1,-4.E0));
#14668=DIRECTION('',(0.E0,0.E0,-1.E0));
#14669=DIRECTION('',(0.E0,1.E0,0.E0));
#14670=AXIS2_PLACEMENT_3D('',#14667,#14668,#14669);
#14671=PLANE('',#14670);
#14673=ORIENTED_EDGE('',*,*,#14672,.T.);
#14674=ORIENTED_EDGE('',*,*,#14509,.T.);
#14676=ORIENTED_EDGE('',*,*,#14675,.T.);
#14677=ORIENTED_EDGE('',*,*,#14410,.F.);
#14678=EDGE_LOOP('',(#14673,#14674,#14676,#14677));
#14679=FACE_OUTER_BOUND('',#14678,.F.);
#14680=ADVANCED_FACE('',(#14679),#14671,.T.);
#14681=FILL_AREA_STYLE_COLOUR('',#19);
#14682=FILL_AREA_STYLE('',(#14681));
#14683=SURFACE_STYLE_FILL_AREA(#14682);
#14684=SURFACE_SIDE_STYLE('',(#14683));
#14685=SURFACE_STYLE_USAGE(.POSITIVE.,#14684);
#14686=PRESENTATION_STYLE_ASSIGNMENT((#14685));
#14687=STYLED_ITEM('',(#14686),#14680);
#14688=CARTESIAN_POINT('',(3.375E0,-3.35E-1,-4.E0));
#14689=DIRECTION('',(0.E0,0.E0,-1.E0));
#14690=DIRECTION('',(0.E0,1.E0,0.E0));
#14691=AXIS2_PLACEMENT_3D('',#14688,#14689,#14690);
#14692=PLANE('',#14691);
#14693=ORIENTED_EDGE('',*,*,#14655,.F.);
#14694=ORIENTED_EDGE('',*,*,#14424,.F.);
#14696=ORIENTED_EDGE('',*,*,#14695,.F.);
#14697=ORIENTED_EDGE('',*,*,#14495,.T.);
#14698=EDGE_LOOP('',(#14693,#14694,#14696,#14697));
#14699=FACE_OUTER_BOUND('',#14698,.F.);
#14700=ADVANCED_FACE('',(#14699),#14692,.T.);
#14701=FILL_AREA_STYLE_COLOUR('',#19);
#14702=FILL_AREA_STYLE('',(#14701));
#14703=SURFACE_STYLE_FILL_AREA(#14702);
#14704=SURFACE_SIDE_STYLE('',(#14703));
#14705=SURFACE_STYLE_USAGE(.POSITIVE.,#14704);
#14706=PRESENTATION_STYLE_ASSIGNMENT((#14705));
#14707=STYLED_ITEM('',(#14706),#14700);
#14708=CARTESIAN_POINT('',(1.339317096349E1,4.415E0,-3.75E0));
#14709=DIRECTION('',(-1.E0,0.E0,0.E0));
#14710=DIRECTION('',(0.E0,1.E0,0.E0));
#14711=AXIS2_PLACEMENT_3D('',#14708,#14709,#14710);
#14712=CYLINDRICAL_SURFACE('',#14711,2.5E-1);
#14713=ORIENTED_EDGE('',*,*,#14511,.T.);
#14714=ORIENTED_EDGE('',*,*,#14672,.F.);
#14715=ORIENTED_EDGE('',*,*,#14408,.T.);
#14717=ORIENTED_EDGE('',*,*,#14716,.T.);
#14718=EDGE_LOOP('',(#14713,#14714,#14715,#14717));
#14719=FACE_OUTER_BOUND('',#14718,.F.);
#14720=ADVANCED_FACE('',(#14719),#14712,.T.);
#14721=FILL_AREA_STYLE_COLOUR('',#19);
#14722=FILL_AREA_STYLE('',(#14721));
#14723=SURFACE_STYLE_FILL_AREA(#14722);
#14724=SURFACE_SIDE_STYLE('',(#14723));
#14725=SURFACE_STYLE_USAGE(.POSITIVE.,#14724);
#14726=PRESENTATION_STYLE_ASSIGNMENT((#14725));
#14727=STYLED_ITEM('',(#14726),#14720);
#14728=CARTESIAN_POINT('',(3.375E0,4.665E0,-4.E0));
#14729=DIRECTION('',(0.E0,1.E0,0.E0));
#14730=DIRECTION('',(0.E0,0.E0,1.E0));
#14731=AXIS2_PLACEMENT_3D('',#14728,#14729,#14730);
#14732=PLANE('',#14731);
#14733=ORIENTED_EDGE('',*,*,#14716,.F.);
#14734=ORIENTED_EDGE('',*,*,#14406,.F.);
#14736=ORIENTED_EDGE('',*,*,#14735,.T.);
#14737=ORIENTED_EDGE('',*,*,#14513,.T.);
#14738=EDGE_LOOP('',(#14733,#14734,#14736,#14737));
#14739=FACE_OUTER_BOUND('',#14738,.F.);
#14740=ADVANCED_FACE('',(#14739),#14732,.T.);
#14741=FILL_AREA_STYLE_COLOUR('',#19);
#14742=FILL_AREA_STYLE('',(#14741));
#14743=SURFACE_STYLE_FILL_AREA(#14742);
#14744=SURFACE_SIDE_STYLE('',(#14743));
#14745=SURFACE_STYLE_USAGE(.POSITIVE.,#14744);
#14746=PRESENTATION_STYLE_ASSIGNMENT((#14745));
#14747=STYLED_ITEM('',(#14746),#14740);
#14748=CARTESIAN_POINT('',(3.375E0,4.665E0,-1.E0));
#14749=DIRECTION('',(0.E0,9.353882635801E-1,3.536223923291E-1));
#14750=DIRECTION('',(0.E0,-3.536223923291E-1,9.353882635801E-1));
#14751=AXIS2_PLACEMENT_3D('',#14748,#14749,#14750);
#14752=PLANE('',#14751);
#14753=ORIENTED_EDGE('',*,*,#14458,.T.);
#14754=ORIENTED_EDGE('',*,*,#14515,.T.);
#14755=ORIENTED_EDGE('',*,*,#14735,.F.);
#14756=ORIENTED_EDGE('',*,*,#14404,.F.);
#14757=EDGE_LOOP('',(#14753,#14754,#14755,#14756));
#14758=FACE_OUTER_BOUND('',#14757,.F.);
#14759=ADVANCED_FACE('',(#14758),#14752,.T.);
#14760=FILL_AREA_STYLE_COLOUR('',#19);
#14761=FILL_AREA_STYLE('',(#14760));
#14762=SURFACE_STYLE_FILL_AREA(#14761);
#14763=SURFACE_SIDE_STYLE('',(#14762));
#14764=SURFACE_STYLE_USAGE(.POSITIVE.,#14763);
#14765=PRESENTATION_STYLE_ASSIGNMENT((#14764));
#14766=STYLED_ITEM('',(#14765),#14759);
#14767=CARTESIAN_POINT('',(-1.243343361174E1,3.915E0,-4.25E0));
#14768=DIRECTION('',(1.E0,0.E0,0.E0));
#14769=DIRECTION('',(0.E0,0.E0,1.E0));
#14770=AXIS2_PLACEMENT_3D('',#14767,#14768,#14769);
#14771=CYLINDRICAL_SURFACE('',#14770,2.5E-1);
#14772=ORIENTED_EDGE('',*,*,#14675,.F.);
#14773=ORIENTED_EDGE('',*,*,#14507,.T.);
#14775=ORIENTED_EDGE('',*,*,#14774,.T.);
#14776=ORIENTED_EDGE('',*,*,#14412,.T.);
#14777=EDGE_LOOP('',(#14772,#14773,#14775,#14776));
#14778=FACE_OUTER_BOUND('',#14777,.F.);
#14779=ADVANCED_FACE('',(#14778),#14771,.F.);
#14780=FILL_AREA_STYLE_COLOUR('',#19);
#14781=FILL_AREA_STYLE('',(#14780));
#14782=SURFACE_STYLE_FILL_AREA(#14781);
#14783=SURFACE_SIDE_STYLE('',(#14782));
#14784=SURFACE_STYLE_USAGE(.POSITIVE.,#14783);
#14785=PRESENTATION_STYLE_ASSIGNMENT((#14784));
#14786=STYLED_ITEM('',(#14785),#14779);
#14787=CARTESIAN_POINT('',(0.E0,3.665E0,-3.1E0));
#14788=DIRECTION('',(0.E0,-1.E0,0.E0));
#14789=DIRECTION('',(1.E0,0.E0,0.E0));
#14790=AXIS2_PLACEMENT_3D('',#14787,#14788,#14789);
#14791=PLANE('',#14790);
#14792=ORIENTED_EDGE('',*,*,#14774,.F.);
#14793=ORIENTED_EDGE('',*,*,#14505,.T.);
#14795=ORIENTED_EDGE('',*,*,#14794,.T.);
#14797=ORIENTED_EDGE('',*,*,#14796,.T.);
#14799=ORIENTED_EDGE('',*,*,#14798,.T.);
#14801=ORIENTED_EDGE('',*,*,#14800,.T.);
#14803=ORIENTED_EDGE('',*,*,#14802,.T.);
#14805=ORIENTED_EDGE('',*,*,#14804,.T.);
#14807=ORIENTED_EDGE('',*,*,#14806,.T.);
#14809=ORIENTED_EDGE('',*,*,#14808,.T.);
#14811=ORIENTED_EDGE('',*,*,#14810,.T.);
#14813=ORIENTED_EDGE('',*,*,#14812,.T.);
#14815=ORIENTED_EDGE('',*,*,#14814,.T.);
#14816=ORIENTED_EDGE('',*,*,#14414,.T.);
#14817=EDGE_LOOP('',(#14792,#14793,#14795,#14797,#14799,#14801,#14803,#14805,
#14807,#14809,#14811,#14813,#14815,#14816));
#14818=FACE_OUTER_BOUND('',#14817,.F.);
#14819=ADVANCED_FACE('',(#14818),#14791,.F.);
#14820=FILL_AREA_STYLE_COLOUR('',#19);
#14821=FILL_AREA_STYLE('',(#14820));
#14822=SURFACE_STYLE_FILL_AREA(#14821);
#14823=SURFACE_SIDE_STYLE('',(#14822));
#14824=SURFACE_STYLE_USAGE(.POSITIVE.,#14823);
#14825=PRESENTATION_STYLE_ASSIGNMENT((#14824));
#14826=STYLED_ITEM('',(#14825),#14819);
#14827=CARTESIAN_POINT('',(4.244748313552E0,3.665E0,-4.669070071880E0));
#14828=DIRECTION('',(0.E0,-1.E0,0.E0));
#14829=DIRECTION('',(1.E0,0.E0,0.E0));
#14830=AXIS2_PLACEMENT_3D('',#14827,#14828,#14829);
#14831=CYLINDRICAL_SURFACE('',#14830,8.697483135516E-1);
#14832=ORIENTED_EDGE('',*,*,#14794,.F.);
#14833=ORIENTED_EDGE('',*,*,#14503,.T.);
#14835=ORIENTED_EDGE('',*,*,#14834,.T.);
#14837=ORIENTED_EDGE('',*,*,#14836,.F.);
#14838=EDGE_LOOP('',(#14832,#14833,#14835,#14837));
#14839=FACE_OUTER_BOUND('',#14838,.F.);
#14840=ADVANCED_FACE('',(#14839),#14831,.T.);
#14841=FILL_AREA_STYLE_COLOUR('',#19);
#14842=FILL_AREA_STYLE('',(#14841));
#14843=SURFACE_STYLE_FILL_AREA(#14842);
#14844=SURFACE_SIDE_STYLE('',(#14843));
#14845=SURFACE_STYLE_USAGE(.POSITIVE.,#14844);
#14846=PRESENTATION_STYLE_ASSIGNMENT((#14845));
#14847=STYLED_ITEM('',(#14846),#14840);
#14848=CARTESIAN_POINT('',(0.E0,2.665E0,-3.1E0));
#14849=DIRECTION('',(0.E0,-1.E0,0.E0));
#14850=DIRECTION('',(1.E0,0.E0,0.E0));
#14851=AXIS2_PLACEMENT_3D('',#14848,#14849,#14850);
#14852=PLANE('',#14851);
#14853=ORIENTED_EDGE('',*,*,#14501,.T.);
#14855=ORIENTED_EDGE('',*,*,#14854,.F.);
#14856=ORIENTED_EDGE('',*,*,#14418,.T.);
#14858=ORIENTED_EDGE('',*,*,#14857,.F.);
#14860=ORIENTED_EDGE('',*,*,#14859,.F.);
#14862=ORIENTED_EDGE('',*,*,#14861,.F.);
#14864=ORIENTED_EDGE('',*,*,#14863,.F.);
#14866=ORIENTED_EDGE('',*,*,#14865,.F.);
#14868=ORIENTED_EDGE('',*,*,#14867,.F.);
#14870=ORIENTED_EDGE('',*,*,#14869,.F.);
#14872=ORIENTED_EDGE('',*,*,#14871,.F.);
#14874=ORIENTED_EDGE('',*,*,#14873,.F.);
#14876=ORIENTED_EDGE('',*,*,#14875,.F.);
#14877=ORIENTED_EDGE('',*,*,#14834,.F.);
#14878=EDGE_LOOP('',(#14853,#14855,#14856,#14858,#14860,#14862,#14864,#14866,
#14868,#14870,#14872,#14874,#14876,#14877));
#14879=FACE_OUTER_BOUND('',#14878,.F.);
#14880=ADVANCED_FACE('',(#14879),#14852,.T.);
#14881=FILL_AREA_STYLE_COLOUR('',#19);
#14882=FILL_AREA_STYLE('',(#14881));
#14883=SURFACE_STYLE_FILL_AREA(#14882);
#14884=SURFACE_SIDE_STYLE('',(#14883));
#14885=SURFACE_STYLE_USAGE(.POSITIVE.,#14884);
#14886=PRESENTATION_STYLE_ASSIGNMENT((#14885));
#14887=STYLED_ITEM('',(#14886),#14880);
#14888=CARTESIAN_POINT('',(3.625E0,2.665E0,-3.4073E0));
#14889=DIRECTION('',(0.E0,0.E0,1.E0));
#14890=DIRECTION('',(0.E0,-1.E0,0.E0));
#14891=AXIS2_PLACEMENT_3D('',#14888,#14889,#14890);
#14892=PLANE('',#14891);
#14893=ORIENTED_EDGE('',*,*,#14499,.T.);
#14895=ORIENTED_EDGE('',*,*,#14894,.F.);
#14896=ORIENTED_EDGE('',*,*,#14420,.F.);
#14897=ORIENTED_EDGE('',*,*,#14854,.T.);
#14898=EDGE_LOOP('',(#14893,#14895,#14896,#14897));
#14899=FACE_OUTER_BOUND('',#14898,.F.);
#14900=ADVANCED_FACE('',(#14899),#14892,.F.);
#14901=FILL_AREA_STYLE_COLOUR('',#19);
#14902=FILL_AREA_STYLE('',(#14901));
#14903=SURFACE_STYLE_FILL_AREA(#14902);
#14904=SURFACE_SIDE_STYLE('',(#14903));
#14905=SURFACE_STYLE_USAGE(.POSITIVE.,#14904);
#14906=PRESENTATION_STYLE_ASSIGNMENT((#14905));
#14907=STYLED_ITEM('',(#14906),#14900);
#14908=CARTESIAN_POINT('',(3.625E0,1.7784E0,-3.4073E0));
#14909=DIRECTION('',(0.E0,-6.677792919440E-1,7.443593334209E-1));
#14910=DIRECTION('',(0.E0,-7.443593334209E-1,-6.677792919440E-1));
#14911=AXIS2_PLACEMENT_3D('',#14908,#14909,#14910);
#14912=PLANE('',#14911);
#14913=ORIENTED_EDGE('',*,*,#14497,.T.);
#14914=ORIENTED_EDGE('',*,*,#14695,.T.);
#14915=ORIENTED_EDGE('',*,*,#14422,.F.);
#14916=ORIENTED_EDGE('',*,*,#14894,.T.);
#14917=EDGE_LOOP('',(#14913,#14914,#14915,#14916));
#14918=FACE_OUTER_BOUND('',#14917,.F.);
#14919=ADVANCED_FACE('',(#14918),#14912,.F.);
#14920=FILL_AREA_STYLE_COLOUR('',#19);
#14921=FILL_AREA_STYLE('',(#14920));
#14922=SURFACE_STYLE_FILL_AREA(#14921);
#14923=SURFACE_SIDE_STYLE('',(#14922));
#14924=SURFACE_STYLE_USAGE(.POSITIVE.,#14923);
#14925=PRESENTATION_STYLE_ASSIGNMENT((#14924));
#14926=STYLED_ITEM('',(#14925),#14919);
#14927=CARTESIAN_POINT('',(4.244748313552E0,3.665E0,-4.669070071880E0));
#14928=DIRECTION('',(0.E0,-1.E0,0.E0));
#14929=DIRECTION('',(1.E0,0.E0,0.E0));
#14930=AXIS2_PLACEMENT_3D('',#14927,#14928,#14929);
#14931=CYLINDRICAL_SURFACE('',#14930,6.197483135516E-1);
#14932=ORIENTED_EDGE('',*,*,#14814,.F.);
#14934=ORIENTED_EDGE('',*,*,#14933,.T.);
#14935=ORIENTED_EDGE('',*,*,#14857,.T.);
#14936=ORIENTED_EDGE('',*,*,#14416,.F.);
#14937=EDGE_LOOP('',(#14932,#14934,#14935,#14936));
#14938=FACE_OUTER_BOUND('',#14937,.F.);
#14939=ADVANCED_FACE('',(#14938),#14931,.F.);
#14940=FILL_AREA_STYLE_COLOUR('',#19);
#14941=FILL_AREA_STYLE('',(#14940));
#14942=SURFACE_STYLE_FILL_AREA(#14941);
#14943=SURFACE_SIDE_STYLE('',(#14942));
#14944=SURFACE_STYLE_USAGE(.POSITIVE.,#14943);
#14945=PRESENTATION_STYLE_ASSIGNMENT((#14944));
#14946=STYLED_ITEM('',(#14945),#14939);
#14947=CARTESIAN_POINT('',(4.012438173953E0,3.665E0,-5.612525757217E0));
#14948=DIRECTION('',(9.003339632851E-1,0.E0,4.351996720534E-1));
#14949=DIRECTION('',(-4.351996720534E-1,0.E0,9.003339632851E-1));
#14950=AXIS2_PLACEMENT_3D('',#14947,#14948,#14949);
#14951=PLANE('',#14950);
#14952=ORIENTED_EDGE('',*,*,#14812,.F.);
#14954=ORIENTED_EDGE('',*,*,#14953,.T.);
#14955=ORIENTED_EDGE('',*,*,#14859,.T.);
#14956=ORIENTED_EDGE('',*,*,#14933,.F.);
#14957=EDGE_LOOP('',(#14952,#14954,#14955,#14956));
#14958=FACE_OUTER_BOUND('',#14957,.F.);
#14959=ADVANCED_FACE('',(#14958),#14951,.T.);
#14960=FILL_AREA_STYLE_COLOUR('',#19);
#14961=FILL_AREA_STYLE('',(#14960));
#14962=SURFACE_STYLE_FILL_AREA(#14961);
#14963=SURFACE_SIDE_STYLE('',(#14962));
#14964=SURFACE_STYLE_USAGE(.POSITIVE.,#14963);
#14965=PRESENTATION_STYLE_ASSIGNMENT((#14964));
#14966=STYLED_ITEM('',(#14965),#14959);
#14967=CARTESIAN_POINT('',(3.594251555568E0,3.665E0,-5.814667058778E0));
#14968=DIRECTION('',(0.E0,-1.E0,0.E0));
#14969=DIRECTION('',(1.E0,0.E0,0.E0));
#14970=AXIS2_PLACEMENT_3D('',#14967,#14968,#14969);
#14971=CYLINDRICAL_SURFACE('',#14970,4.644794436715E-1);
#14972=ORIENTED_EDGE('',*,*,#14810,.F.);
#14974=ORIENTED_EDGE('',*,*,#14973,.T.);
#14975=ORIENTED_EDGE('',*,*,#14861,.T.);
#14976=ORIENTED_EDGE('',*,*,#14953,.F.);
#14977=EDGE_LOOP('',(#14972,#14974,#14975,#14976));
#14978=FACE_OUTER_BOUND('',#14977,.F.);
#14979=ADVANCED_FACE('',(#14978),#14971,.T.);
#14980=FILL_AREA_STYLE_COLOUR('',#19);
#14981=FILL_AREA_STYLE('',(#14980));
#14982=SURFACE_STYLE_FILL_AREA(#14981);
#14983=SURFACE_SIDE_STYLE('',(#14982));
#14984=SURFACE_STYLE_USAGE(.POSITIVE.,#14983);
#14985=PRESENTATION_STYLE_ASSIGNMENT((#14984));
#14986=STYLED_ITEM('',(#14985),#14979);
#14987=CARTESIAN_POINT('',(3.676838733524E0,3.665E0,-6.781933264583E0));
#14988=DIRECTION('',(9.156310216109E-1,0.E0,-4.020196913881E-1));
#14989=DIRECTION('',(4.020196913881E-1,0.E0,9.156310216109E-1));
#14990=AXIS2_PLACEMENT_3D('',#14987,#14988,#14989);
#14991=PLANE('',#14990);
#14992=ORIENTED_EDGE('',*,*,#14808,.F.);
#14994=ORIENTED_EDGE('',*,*,#14993,.T.);
#14995=ORIENTED_EDGE('',*,*,#14863,.T.);
#14996=ORIENTED_EDGE('',*,*,#14973,.F.);
#14997=EDGE_LOOP('',(#14992,#14994,#14995,#14996));
#14998=FACE_OUTER_BOUND('',#14997,.F.);
#14999=ADVANCED_FACE('',(#14998),#14991,.T.);
#15000=FILL_AREA_STYLE_COLOUR('',#19);
#15001=FILL_AREA_STYLE('',(#15000));
#15002=SURFACE_STYLE_FILL_AREA(#15001);
#15003=SURFACE_SIDE_STYLE('',(#15002));
#15004=SURFACE_STYLE_USAGE(.POSITIVE.,#15003);
#15005=PRESENTATION_STYLE_ASSIGNMENT((#15004));
#15006=STYLED_ITEM('',(#15005),#14999);
#15007=CARTESIAN_POINT('',(4.239428840007E0,3.665E0,-7.028945757222E0));
#15008=DIRECTION('',(0.E0,-1.E0,0.E0));
#15009=DIRECTION('',(1.E0,0.E0,0.E0));
#15010=AXIS2_PLACEMENT_3D('',#15007,#15008,#15009);
#15011=CYLINDRICAL_SURFACE('',#15010,6.144288400066E-1);
#15013=ORIENTED_EDGE('',*,*,#15012,.F.);
#15014=ORIENTED_EDGE('',*,*,#14865,.T.);
#15015=ORIENTED_EDGE('',*,*,#14993,.F.);
#15016=ORIENTED_EDGE('',*,*,#14806,.F.);
#15018=ORIENTED_EDGE('',*,*,#15017,.F.);
#15020=ORIENTED_EDGE('',*,*,#15019,.T.);
#15021=EDGE_LOOP('',(#15013,#15014,#15015,#15016,#15018,#15020));
#15022=FACE_OUTER_BOUND('',#15021,.F.);
#15023=ADVANCED_FACE('',(#15022),#15011,.F.);
#15024=FILL_AREA_STYLE_COLOUR('',#19);
#15025=FILL_AREA_STYLE('',(#15024));
#15026=SURFACE_STYLE_FILL_AREA(#15025);
#15027=SURFACE_SIDE_STYLE('',(#15026));
#15028=SURFACE_STYLE_USAGE(.POSITIVE.,#15027);
#15029=PRESENTATION_STYLE_ASSIGNMENT((#15028));
#15030=STYLED_ITEM('',(#15029),#15023);
#15031=CARTESIAN_POINT('',(-1.243343361174E1,3.165E0,-6.9E0));
#15032=DIRECTION('',(1.E0,0.E0,0.E0));
#15033=DIRECTION('',(0.E0,1.E0,0.E0));
#15034=AXIS2_PLACEMENT_3D('',#15031,#15032,#15033);
#15035=CYLINDRICAL_SURFACE('',#15034,5.E-1);
#15036=ORIENTED_EDGE('',*,*,#15012,.T.);
#15038=ORIENTED_EDGE('',*,*,#15037,.T.);
#15039=ORIENTED_EDGE('',*,*,#15017,.T.);
#15040=ORIENTED_EDGE('',*,*,#14804,.F.);
#15042=ORIENTED_EDGE('',*,*,#15041,.T.);
#15044=ORIENTED_EDGE('',*,*,#15043,.T.);
#15046=ORIENTED_EDGE('',*,*,#15045,.T.);
#15047=ORIENTED_EDGE('',*,*,#14867,.T.);
#15048=EDGE_LOOP('',(#15036,#15038,#15039,#15040,#15042,#15044,#15046,#15047));
#15049=FACE_OUTER_BOUND('',#15048,.F.);
#15050=ADVANCED_FACE('',(#15049),#15035,.T.);
#15051=FILL_AREA_STYLE_COLOUR('',#19);
#15052=FILL_AREA_STYLE('',(#15051));
#15053=SURFACE_STYLE_FILL_AREA(#15052);
#15054=SURFACE_SIDE_STYLE('',(#15053));
#15055=SURFACE_STYLE_USAGE(.POSITIVE.,#15054);
#15056=PRESENTATION_STYLE_ASSIGNMENT((#15055));
#15057=STYLED_ITEM('',(#15056),#15050);
#15058=CARTESIAN_POINT('',(3.625E0,3.665E0,-7.4E0));
#15059=DIRECTION('',(1.E0,0.E0,0.E0));
#15060=DIRECTION('',(0.E0,0.E0,1.E0));
#15061=AXIS2_PLACEMENT_3D('',#15058,#15059,#15060);
#15062=PLANE('',#15061);
#15063=ORIENTED_EDGE('',*,*,#15037,.F.);
#15064=ORIENTED_EDGE('',*,*,#15019,.F.);
#15065=EDGE_LOOP('',(#15063,#15064));
#15066=FACE_OUTER_BOUND('',#15065,.F.);
#15067=ADVANCED_FACE('',(#15066),#15062,.T.);
#15068=FILL_AREA_STYLE_COLOUR('',#19);
#15069=FILL_AREA_STYLE('',(#15068));
#15070=SURFACE_STYLE_FILL_AREA(#15069);
#15071=SURFACE_SIDE_STYLE('',(#15070));
#15072=SURFACE_STYLE_USAGE(.POSITIVE.,#15071);
#15073=PRESENTATION_STYLE_ASSIGNMENT((#15072));
#15074=STYLED_ITEM('',(#15073),#15067);
#15075=CARTESIAN_POINT('',(4.239428840007E0,3.665E0,-7.028945757222E0));
#15076=DIRECTION('',(0.E0,-1.E0,0.E0));
#15077=DIRECTION('',(1.E0,0.E0,0.E0));
#15078=AXIS2_PLACEMENT_3D('',#15075,#15076,#15077);
#15079=CYLINDRICAL_SURFACE('',#15078,8.644288400066E-1);
#15080=ORIENTED_EDGE('',*,*,#15041,.F.);
#15081=ORIENTED_EDGE('',*,*,#14802,.F.);
#15083=ORIENTED_EDGE('',*,*,#15082,.T.);
#15084=ORIENTED_EDGE('',*,*,#14869,.T.);
#15085=ORIENTED_EDGE('',*,*,#15045,.F.);
#15087=ORIENTED_EDGE('',*,*,#15086,.F.);
#15088=EDGE_LOOP('',(#15080,#15081,#15083,#15084,#15085,#15087));
#15089=FACE_OUTER_BOUND('',#15088,.F.);
#15090=ADVANCED_FACE('',(#15089),#15079,.T.);
#15091=FILL_AREA_STYLE_COLOUR('',#19);
#15092=FILL_AREA_STYLE('',(#15091));
#15093=SURFACE_STYLE_FILL_AREA(#15092);
#15094=SURFACE_SIDE_STYLE('',(#15093));
#15095=SURFACE_STYLE_USAGE(.POSITIVE.,#15094);
#15096=PRESENTATION_STYLE_ASSIGNMENT((#15095));
#15097=STYLED_ITEM('',(#15096),#15090);
#15098=CARTESIAN_POINT('',(3.790635587691E0,3.665E0,-5.900892018532E0));
#15099=DIRECTION('',(-9.156310216109E-1,0.E0,4.020196913881E-1));
#15100=DIRECTION('',(-4.020196913881E-1,0.E0,-9.156310216109E-1));
#15101=AXIS2_PLACEMENT_3D('',#15098,#15099,#15100);
#15102=PLANE('',#15101);
#15103=ORIENTED_EDGE('',*,*,#14800,.F.);
#15105=ORIENTED_EDGE('',*,*,#15104,.T.);
#15106=ORIENTED_EDGE('',*,*,#14871,.T.);
#15107=ORIENTED_EDGE('',*,*,#15082,.F.);
#15108=EDGE_LOOP('',(#15103,#15105,#15106,#15107));
#15109=FACE_OUTER_BOUND('',#15108,.F.);
#15110=ADVANCED_FACE('',(#15109),#15102,.T.);
#15111=FILL_AREA_STYLE_COLOUR('',#19);
#15112=FILL_AREA_STYLE('',(#15111));
#15113=SURFACE_STYLE_FILL_AREA(#15112);
#15114=SURFACE_SIDE_STYLE('',(#15113));
#15115=SURFACE_STYLE_USAGE(.POSITIVE.,#15114);
#15116=PRESENTATION_STYLE_ASSIGNMENT((#15115));
#15117=STYLED_ITEM('',(#15116),#15110);
#15118=CARTESIAN_POINT('',(3.594251555568E0,3.665E0,-5.814667058778E0));
#15119=DIRECTION('',(0.E0,-1.E0,0.E0));
#15120=DIRECTION('',(1.E0,0.E0,0.E0));
#15121=AXIS2_PLACEMENT_3D('',#15118,#15119,#15120);
#15122=CYLINDRICAL_SURFACE('',#15121,2.144794436715E-1);
#15123=ORIENTED_EDGE('',*,*,#14798,.F.);
#15125=ORIENTED_EDGE('',*,*,#15124,.T.);
#15126=ORIENTED_EDGE('',*,*,#14873,.T.);
#15127=ORIENTED_EDGE('',*,*,#15104,.F.);
#15128=EDGE_LOOP('',(#15123,#15125,#15126,#15127));
#15129=FACE_OUTER_BOUND('',#15128,.F.);
#15130=ADVANCED_FACE('',(#15129),#15122,.F.);
#15131=FILL_AREA_STYLE_COLOUR('',#19);
#15132=FILL_AREA_STYLE('',(#15131));
#15133=SURFACE_STYLE_FILL_AREA(#15132);
#15134=SURFACE_SIDE_STYLE('',(#15133));
#15135=SURFACE_STYLE_USAGE(.POSITIVE.,#15134);
#15136=PRESENTATION_STYLE_ASSIGNMENT((#15135));
#15137=STYLED_ITEM('',(#15136),#15130);
#15138=CARTESIAN_POINT('',(3.461684367351E0,3.665E0,-5.047584252707E0));
#15139=DIRECTION('',(-9.003339632851E-1,0.E0,-4.351996720534E-1));
#15140=DIRECTION('',(4.351996720534E-1,0.E0,-9.003339632851E-1));
#15141=AXIS2_PLACEMENT_3D('',#15138,#15139,#15140);
#15142=PLANE('',#15141);
#15143=ORIENTED_EDGE('',*,*,#14796,.F.);
#15144=ORIENTED_EDGE('',*,*,#14836,.T.);
#15145=ORIENTED_EDGE('',*,*,#14875,.T.);
#15146=ORIENTED_EDGE('',*,*,#15124,.F.);
#15147=EDGE_LOOP('',(#15143,#15144,#15145,#15146));
#15148=FACE_OUTER_BOUND('',#15147,.F.);
#15149=ADVANCED_FACE('',(#15148),#15142,.T.);
#15150=FILL_AREA_STYLE_COLOUR('',#19);
#15151=FILL_AREA_STYLE('',(#15150));
#15152=SURFACE_STYLE_FILL_AREA(#15151);
#15153=SURFACE_SIDE_STYLE('',(#15152));
#15154=SURFACE_STYLE_USAGE(.POSITIVE.,#15153);
#15155=PRESENTATION_STYLE_ASSIGNMENT((#15154));
#15156=STYLED_ITEM('',(#15155),#15149);
#15157=CARTESIAN_POINT('',(3.375E0,3.665E0,-7.028945757222E0));
#15158=DIRECTION('',(-1.E0,0.E0,0.E0));
#15159=DIRECTION('',(0.E0,0.E0,-1.E0));
#15160=AXIS2_PLACEMENT_3D('',#15157,#15158,#15159);
#15161=PLANE('',#15160);
#15162=ORIENTED_EDGE('',*,*,#15043,.F.);
#15163=ORIENTED_EDGE('',*,*,#15086,.T.);
#15164=EDGE_LOOP('',(#15162,#15163));
#15165=FACE_OUTER_BOUND('',#15164,.F.);
#15166=ADVANCED_FACE('',(#15165),#15161,.T.);
#15167=FILL_AREA_STYLE_COLOUR('',#19);
#15168=FILL_AREA_STYLE('',(#15167));
#15169=SURFACE_STYLE_FILL_AREA(#15168);
#15170=SURFACE_SIDE_STYLE('',(#15169));
#15171=SURFACE_STYLE_USAGE(.POSITIVE.,#15170);
#15172=PRESENTATION_STYLE_ASSIGNMENT((#15171));
#15173=STYLED_ITEM('',(#15172),#15166);
#15174=CARTESIAN_POINT('',(-2.15E0,-1.885E0,2.15E0));
#15175=DIRECTION('',(0.E0,-1.E0,0.E0));
#15176=DIRECTION('',(1.E0,0.E0,0.E0));
#15177=AXIS2_PLACEMENT_3D('',#15174,#15175,#15176);
#15178=CYLINDRICAL_SURFACE('',#15177,5.E-1);
#15180=ORIENTED_EDGE('',*,*,#15179,.T.);
#15182=ORIENTED_EDGE('',*,*,#15181,.F.);
#15183=ORIENTED_EDGE('',*,*,#14139,.F.);
#15185=ORIENTED_EDGE('',*,*,#15184,.T.);
#15186=EDGE_LOOP('',(#15180,#15182,#15183,#15185));
#15187=FACE_OUTER_BOUND('',#15186,.F.);
#15188=ADVANCED_FACE('',(#15187),#15178,.T.);
#15189=FILL_AREA_STYLE_COLOUR('',#7);
#15190=FILL_AREA_STYLE('',(#15189));
#15191=SURFACE_STYLE_FILL_AREA(#15190);
#15192=SURFACE_SIDE_STYLE('',(#15191));
#15193=SURFACE_STYLE_USAGE(.POSITIVE.,#15192);
#15194=PRESENTATION_STYLE_ASSIGNMENT((#15193));
#15195=STYLED_ITEM('',(#15194),#15188);
#15196=CARTESIAN_POINT('',(-2.15E0,-2.085E0,2.15E0));
#15197=DIRECTION('',(0.E0,-1.E0,0.E0));
#15198=DIRECTION('',(9.989084245091E-1,0.E0,-4.671144875347E-2));
#15199=AXIS2_PLACEMENT_3D('',#15196,#15197,#15198);
#15200=TOROIDAL_SURFACE('',#15199,3.E-1,2.E-1);
#15202=ORIENTED_EDGE('',*,*,#15201,.T.);
#15204=ORIENTED_EDGE('',*,*,#15203,.T.);
#15205=ORIENTED_EDGE('',*,*,#15179,.F.);
#15207=ORIENTED_EDGE('',*,*,#15206,.F.);
#15208=EDGE_LOOP('',(#15202,#15204,#15205,#15207));
#15209=FACE_OUTER_BOUND('',#15208,.F.);
#15210=ADVANCED_FACE('',(#15209),#15200,.T.);
#15211=FILL_AREA_STYLE_COLOUR('',#7);
#15212=FILL_AREA_STYLE('',(#15211));
#15213=SURFACE_STYLE_FILL_AREA(#15212);
#15214=SURFACE_SIDE_STYLE('',(#15213));
#15215=SURFACE_STYLE_USAGE(.POSITIVE.,#15214);
#15216=PRESENTATION_STYLE_ASSIGNMENT((#15215));
#15217=STYLED_ITEM('',(#15216),#15210);
#15218=CARTESIAN_POINT('',(0.E0,-2.285E0,-3.1E0));
#15219=DIRECTION('',(0.E0,-1.E0,0.E0));
#15220=DIRECTION('',(1.E0,0.E0,0.E0));
#15221=AXIS2_PLACEMENT_3D('',#15218,#15219,#15220);
#15222=PLANE('',#15221);
#15224=ORIENTED_EDGE('',*,*,#15223,.F.);
#15225=ORIENTED_EDGE('',*,*,#15201,.F.);
#15226=EDGE_LOOP('',(#15224,#15225));
#15227=FACE_OUTER_BOUND('',#15226,.F.);
#15228=ADVANCED_FACE('',(#15227),#15222,.T.);
#15229=FILL_AREA_STYLE_COLOUR('',#7);
#15230=FILL_AREA_STYLE('',(#15229));
#15231=SURFACE_STYLE_FILL_AREA(#15230);
#15232=SURFACE_SIDE_STYLE('',(#15231));
#15233=SURFACE_STYLE_USAGE(.POSITIVE.,#15232);
#15234=PRESENTATION_STYLE_ASSIGNMENT((#15233));
#15235=STYLED_ITEM('',(#15234),#15228);
#15236=CARTESIAN_POINT('',(-2.15E0,-2.085E0,2.15E0));
#15237=DIRECTION('',(0.E0,-1.E0,0.E0));
#15238=DIRECTION('',(-9.989084245091E-1,0.E0,4.671144875347E-2));
#15239=AXIS2_PLACEMENT_3D('',#15236,#15237,#15238);
#15240=TOROIDAL_SURFACE('',#15239,3.E-1,2.E-1);
#15241=ORIENTED_EDGE('',*,*,#15223,.T.);
#15242=ORIENTED_EDGE('',*,*,#15206,.T.);
#15244=ORIENTED_EDGE('',*,*,#15243,.F.);
#15245=ORIENTED_EDGE('',*,*,#15203,.F.);
#15246=EDGE_LOOP('',(#15241,#15242,#15244,#15245));
#15247=FACE_OUTER_BOUND('',#15246,.F.);
#15248=ADVANCED_FACE('',(#15247),#15240,.T.);
#15249=FILL_AREA_STYLE_COLOUR('',#7);
#15250=FILL_AREA_STYLE('',(#15249));
#15251=SURFACE_STYLE_FILL_AREA(#15250);
#15252=SURFACE_SIDE_STYLE('',(#15251));
#15253=SURFACE_STYLE_USAGE(.POSITIVE.,#15252);
#15254=PRESENTATION_STYLE_ASSIGNMENT((#15253));
#15255=STYLED_ITEM('',(#15254),#15248);
#15256=CARTESIAN_POINT('',(-2.15E0,-1.885E0,2.15E0));
#15257=DIRECTION('',(0.E0,-1.E0,0.E0));
#15258=DIRECTION('',(1.E0,0.E0,0.E0));
#15259=AXIS2_PLACEMENT_3D('',#15256,#15257,#15258);
#15260=CYLINDRICAL_SURFACE('',#15259,5.E-1);
#15261=ORIENTED_EDGE('',*,*,#15243,.T.);
#15262=ORIENTED_EDGE('',*,*,#15184,.F.);
#15263=ORIENTED_EDGE('',*,*,#14141,.F.);
#15264=ORIENTED_EDGE('',*,*,#15181,.T.);
#15265=EDGE_LOOP('',(#15261,#15262,#15263,#15264));
#15266=FACE_OUTER_BOUND('',#15265,.F.);
#15267=ADVANCED_FACE('',(#15266),#15260,.T.);
#15268=FILL_AREA_STYLE_COLOUR('',#7);
#15269=FILL_AREA_STYLE('',(#15268));
#15270=SURFACE_STYLE_FILL_AREA(#15269);
#15271=SURFACE_SIDE_STYLE('',(#15270));
#15272=SURFACE_STYLE_USAGE(.POSITIVE.,#15271);
#15273=PRESENTATION_STYLE_ASSIGNMENT((#15272));
#15274=STYLED_ITEM('',(#15273),#15267);
#15275=CARTESIAN_POINT('',(2.15E0,-1.885E0,2.15E0));
#15276=DIRECTION('',(0.E0,1.E0,0.E0));
#15277=DIRECTION('',(-1.E0,0.E0,0.E0));
#15278=AXIS2_PLACEMENT_3D('',#15275,#15276,#15277);
#15279=CYLINDRICAL_SURFACE('',#15278,5.E-1);
#15281=ORIENTED_EDGE('',*,*,#15280,.T.);
#15283=ORIENTED_EDGE('',*,*,#15282,.F.);
#15284=ORIENTED_EDGE('',*,*,#14145,.T.);
#15286=ORIENTED_EDGE('',*,*,#15285,.T.);
#15287=EDGE_LOOP('',(#15281,#15283,#15284,#15286));
#15288=FACE_OUTER_BOUND('',#15287,.F.);
#15289=ADVANCED_FACE('',(#15288),#15279,.T.);
#15290=FILL_AREA_STYLE_COLOUR('',#7);
#15291=FILL_AREA_STYLE('',(#15290));
#15292=SURFACE_STYLE_FILL_AREA(#15291);
#15293=SURFACE_SIDE_STYLE('',(#15292));
#15294=SURFACE_STYLE_USAGE(.POSITIVE.,#15293);
#15295=PRESENTATION_STYLE_ASSIGNMENT((#15294));
#15296=STYLED_ITEM('',(#15295),#15289);
#15297=CARTESIAN_POINT('',(2.15E0,-2.085E0,2.15E0));
#15298=DIRECTION('',(0.E0,1.E0,0.E0));
#15299=DIRECTION('',(9.977976323239E-1,0.E0,-6.633162842031E-2));
#15300=AXIS2_PLACEMENT_3D('',#15297,#15298,#15299);
#15301=TOROIDAL_SURFACE('',#15300,3.E-1,2.E-1);
#15303=ORIENTED_EDGE('',*,*,#15302,.T.);
#15305=ORIENTED_EDGE('',*,*,#15304,.T.);
#15306=ORIENTED_EDGE('',*,*,#15280,.F.);
#15308=ORIENTED_EDGE('',*,*,#15307,.F.);
#15309=EDGE_LOOP('',(#15303,#15305,#15306,#15308));
#15310=FACE_OUTER_BOUND('',#15309,.F.);
#15311=ADVANCED_FACE('',(#15310),#15301,.T.);
#15312=FILL_AREA_STYLE_COLOUR('',#7);
#15313=FILL_AREA_STYLE('',(#15312));
#15314=SURFACE_STYLE_FILL_AREA(#15313);
#15315=SURFACE_SIDE_STYLE('',(#15314));
#15316=SURFACE_STYLE_USAGE(.POSITIVE.,#15315);
#15317=PRESENTATION_STYLE_ASSIGNMENT((#15316));
#15318=STYLED_ITEM('',(#15317),#15311);
#15319=CARTESIAN_POINT('',(0.E0,-2.285E0,-3.1E0));
#15320=DIRECTION('',(0.E0,1.E0,0.E0));
#15321=DIRECTION('',(-1.E0,0.E0,0.E0));
#15322=AXIS2_PLACEMENT_3D('',#15319,#15320,#15321);
#15323=PLANE('',#15322);
#15325=ORIENTED_EDGE('',*,*,#15324,.F.);
#15326=ORIENTED_EDGE('',*,*,#15302,.F.);
#15327=EDGE_LOOP('',(#15325,#15326));
#15328=FACE_OUTER_BOUND('',#15327,.F.);
#15329=ADVANCED_FACE('',(#15328),#15323,.F.);
#15330=FILL_AREA_STYLE_COLOUR('',#7);
#15331=FILL_AREA_STYLE('',(#15330));
#15332=SURFACE_STYLE_FILL_AREA(#15331);
#15333=SURFACE_SIDE_STYLE('',(#15332));
#15334=SURFACE_STYLE_USAGE(.POSITIVE.,#15333);
#15335=PRESENTATION_STYLE_ASSIGNMENT((#15334));
#15336=STYLED_ITEM('',(#15335),#15329);
#15337=CARTESIAN_POINT('',(2.15E0,-2.085E0,2.15E0));
#15338=DIRECTION('',(0.E0,1.E0,0.E0));
#15339=DIRECTION('',(-9.977976323239E-1,0.E0,6.633162842031E-2));
#15340=AXIS2_PLACEMENT_3D('',#15337,#15338,#15339);
#15341=TOROIDAL_SURFACE('',#15340,3.E-1,2.E-1);
#15342=ORIENTED_EDGE('',*,*,#15324,.T.);
#15343=ORIENTED_EDGE('',*,*,#15307,.T.);
#15345=ORIENTED_EDGE('',*,*,#15344,.F.);
#15346=ORIENTED_EDGE('',*,*,#15304,.F.);
#15347=EDGE_LOOP('',(#15342,#15343,#15345,#15346));
#15348=FACE_OUTER_BOUND('',#15347,.F.);
#15349=ADVANCED_FACE('',(#15348),#15341,.T.);
#15350=FILL_AREA_STYLE_COLOUR('',#7);
#15351=FILL_AREA_STYLE('',(#15350));
#15352=SURFACE_STYLE_FILL_AREA(#15351);
#15353=SURFACE_SIDE_STYLE('',(#15352));
#15354=SURFACE_STYLE_USAGE(.POSITIVE.,#15353);
#15355=PRESENTATION_STYLE_ASSIGNMENT((#15354));
#15356=STYLED_ITEM('',(#15355),#15349);
#15357=CARTESIAN_POINT('',(2.15E0,-1.885E0,2.15E0));
#15358=DIRECTION('',(0.E0,1.E0,0.E0));
#15359=DIRECTION('',(-1.E0,0.E0,0.E0));
#15360=AXIS2_PLACEMENT_3D('',#15357,#15358,#15359);
#15361=CYLINDRICAL_SURFACE('',#15360,5.E-1);
#15362=ORIENTED_EDGE('',*,*,#15344,.T.);
#15363=ORIENTED_EDGE('',*,*,#15285,.F.);
#15364=ORIENTED_EDGE('',*,*,#14147,.T.);
#15365=ORIENTED_EDGE('',*,*,#15282,.T.);
#15366=EDGE_LOOP('',(#15362,#15363,#15364,#15365));
#15367=FACE_OUTER_BOUND('',#15366,.F.);
#15368=ADVANCED_FACE('',(#15367),#15361,.T.);
#15369=FILL_AREA_STYLE_COLOUR('',#7);
#15370=FILL_AREA_STYLE('',(#15369));
#15371=SURFACE_STYLE_FILL_AREA(#15370);
#15372=SURFACE_SIDE_STYLE('',(#15371));
#15373=SURFACE_STYLE_USAGE(.POSITIVE.,#15372);
#15374=PRESENTATION_STYLE_ASSIGNMENT((#15373));
#15375=STYLED_ITEM('',(#15374),#15368);
#15376=CARTESIAN_POINT('',(-2.15E0,-1.885E0,-2.15E0));
#15377=DIRECTION('',(0.E0,1.E0,0.E0));
#15378=DIRECTION('',(1.E0,0.E0,0.E0));
#15379=AXIS2_PLACEMENT_3D('',#15376,#15377,#15378);
#15380=CYLINDRICAL_SURFACE('',#15379,5.E-1);
#15382=ORIENTED_EDGE('',*,*,#15381,.T.);
#15384=ORIENTED_EDGE('',*,*,#15383,.F.);
#15385=ORIENTED_EDGE('',*,*,#14151,.T.);
#15387=ORIENTED_EDGE('',*,*,#15386,.T.);
#15388=EDGE_LOOP('',(#15382,#15384,#15385,#15387));
#15389=FACE_OUTER_BOUND('',#15388,.F.);
#15390=ADVANCED_FACE('',(#15389),#15380,.T.);
#15391=FILL_AREA_STYLE_COLOUR('',#7);
#15392=FILL_AREA_STYLE('',(#15391));
#15393=SURFACE_STYLE_FILL_AREA(#15392);
#15394=SURFACE_SIDE_STYLE('',(#15393));
#15395=SURFACE_STYLE_USAGE(.POSITIVE.,#15394);
#15396=PRESENTATION_STYLE_ASSIGNMENT((#15395));
#15397=STYLED_ITEM('',(#15396),#15390);
#15398=CARTESIAN_POINT('',(-2.15E0,-2.085E0,-2.15E0));
#15399=DIRECTION('',(0.E0,1.E0,0.E0));
#15400=DIRECTION('',(-9.977976323239E-1,0.E0,6.633162842031E-2));
#15401=AXIS2_PLACEMENT_3D('',#15398,#15399,#15400);
#15402=TOROIDAL_SURFACE('',#15401,3.E-1,2.E-1);
#15404=ORIENTED_EDGE('',*,*,#15403,.T.);
#15406=ORIENTED_EDGE('',*,*,#15405,.T.);
#15407=ORIENTED_EDGE('',*,*,#15381,.F.);
#15409=ORIENTED_EDGE('',*,*,#15408,.F.);
#15410=EDGE_LOOP('',(#15404,#15406,#15407,#15409));
#15411=FACE_OUTER_BOUND('',#15410,.F.);
#15412=ADVANCED_FACE('',(#15411),#15402,.T.);
#15413=FILL_AREA_STYLE_COLOUR('',#7);
#15414=FILL_AREA_STYLE('',(#15413));
#15415=SURFACE_STYLE_FILL_AREA(#15414);
#15416=SURFACE_SIDE_STYLE('',(#15415));
#15417=SURFACE_STYLE_USAGE(.POSITIVE.,#15416);
#15418=PRESENTATION_STYLE_ASSIGNMENT((#15417));
#15419=STYLED_ITEM('',(#15418),#15412);
#15420=CARTESIAN_POINT('',(0.E0,-2.285E0,3.1E0));
#15421=DIRECTION('',(0.E0,1.E0,0.E0));
#15422=DIRECTION('',(1.E0,0.E0,0.E0));
#15423=AXIS2_PLACEMENT_3D('',#15420,#15421,#15422);
#15424=PLANE('',#15423);
#15426=ORIENTED_EDGE('',*,*,#15425,.F.);
#15427=ORIENTED_EDGE('',*,*,#15403,.F.);
#15428=EDGE_LOOP('',(#15426,#15427));
#15429=FACE_OUTER_BOUND('',#15428,.F.);
#15430=ADVANCED_FACE('',(#15429),#15424,.F.);
#15431=FILL_AREA_STYLE_COLOUR('',#7);
#15432=FILL_AREA_STYLE('',(#15431));
#15433=SURFACE_STYLE_FILL_AREA(#15432);
#15434=SURFACE_SIDE_STYLE('',(#15433));
#15435=SURFACE_STYLE_USAGE(.POSITIVE.,#15434);
#15436=PRESENTATION_STYLE_ASSIGNMENT((#15435));
#15437=STYLED_ITEM('',(#15436),#15430);
#15438=CARTESIAN_POINT('',(-2.15E0,-2.085E0,-2.15E0));
#15439=DIRECTION('',(0.E0,1.E0,0.E0));
#15440=DIRECTION('',(9.977976323239E-1,0.E0,-6.633162842031E-2));
#15441=AXIS2_PLACEMENT_3D('',#15438,#15439,#15440);
#15442=TOROIDAL_SURFACE('',#15441,3.E-1,2.E-1);
#15443=ORIENTED_EDGE('',*,*,#15425,.T.);
#15444=ORIENTED_EDGE('',*,*,#15408,.T.);
#15446=ORIENTED_EDGE('',*,*,#15445,.F.);
#15447=ORIENTED_EDGE('',*,*,#15405,.F.);
#15448=EDGE_LOOP('',(#15443,#15444,#15446,#15447));
#15449=FACE_OUTER_BOUND('',#15448,.F.);
#15450=ADVANCED_FACE('',(#15449),#15442,.T.);
#15451=FILL_AREA_STYLE_COLOUR('',#7);
#15452=FILL_AREA_STYLE('',(#15451));
#15453=SURFACE_STYLE_FILL_AREA(#15452);
#15454=SURFACE_SIDE_STYLE('',(#15453));
#15455=SURFACE_STYLE_USAGE(.POSITIVE.,#15454);
#15456=PRESENTATION_STYLE_ASSIGNMENT((#15455));
#15457=STYLED_ITEM('',(#15456),#15450);
#15458=CARTESIAN_POINT('',(-2.15E0,-1.885E0,-2.15E0));
#15459=DIRECTION('',(0.E0,1.E0,0.E0));
#15460=DIRECTION('',(1.E0,0.E0,0.E0));
#15461=AXIS2_PLACEMENT_3D('',#15458,#15459,#15460);
#15462=CYLINDRICAL_SURFACE('',#15461,5.E-1);
#15463=ORIENTED_EDGE('',*,*,#15445,.T.);
#15464=ORIENTED_EDGE('',*,*,#15386,.F.);
#15465=ORIENTED_EDGE('',*,*,#14153,.T.);
#15466=ORIENTED_EDGE('',*,*,#15383,.T.);
#15467=EDGE_LOOP('',(#15463,#15464,#15465,#15466));
#15468=FACE_OUTER_BOUND('',#15467,.F.);
#15469=ADVANCED_FACE('',(#15468),#15462,.T.);
#15470=FILL_AREA_STYLE_COLOUR('',#7);
#15471=FILL_AREA_STYLE('',(#15470));
#15472=SURFACE_STYLE_FILL_AREA(#15471);
#15473=SURFACE_SIDE_STYLE('',(#15472));
#15474=SURFACE_STYLE_USAGE(.POSITIVE.,#15473);
#15475=PRESENTATION_STYLE_ASSIGNMENT((#15474));
#15476=STYLED_ITEM('',(#15475),#15469);
#15477=CARTESIAN_POINT('',(2.15E0,-1.885E0,-2.15E0));
#15478=DIRECTION('',(0.E0,-1.E0,0.E0));
#15479=DIRECTION('',(-1.E0,0.E0,0.E0));
#15480=AXIS2_PLACEMENT_3D('',#15477,#15478,#15479);
#15481=CYLINDRICAL_SURFACE('',#15480,5.E-1);
#15483=ORIENTED_EDGE('',*,*,#15482,.T.);
#15485=ORIENTED_EDGE('',*,*,#15484,.F.);
#15486=ORIENTED_EDGE('',*,*,#14157,.F.);
#15488=ORIENTED_EDGE('',*,*,#15487,.T.);
#15489=EDGE_LOOP('',(#15483,#15485,#15486,#15488));
#15490=FACE_OUTER_BOUND('',#15489,.F.);
#15491=ADVANCED_FACE('',(#15490),#15481,.T.);
#15492=FILL_AREA_STYLE_COLOUR('',#7);
#15493=FILL_AREA_STYLE('',(#15492));
#15494=SURFACE_STYLE_FILL_AREA(#15493);
#15495=SURFACE_SIDE_STYLE('',(#15494));
#15496=SURFACE_STYLE_USAGE(.POSITIVE.,#15495);
#15497=PRESENTATION_STYLE_ASSIGNMENT((#15496));
#15498=STYLED_ITEM('',(#15497),#15491);
#15499=CARTESIAN_POINT('',(2.15E0,-2.085E0,-2.15E0));
#15500=DIRECTION('',(0.E0,-1.E0,0.E0));
#15501=DIRECTION('',(-9.989084245091E-1,0.E0,4.671144875347E-2));
#15502=AXIS2_PLACEMENT_3D('',#15499,#15500,#15501);
#15503=TOROIDAL_SURFACE('',#15502,3.E-1,2.E-1);
#15505=ORIENTED_EDGE('',*,*,#15504,.T.);
#15507=ORIENTED_EDGE('',*,*,#15506,.T.);
#15508=ORIENTED_EDGE('',*,*,#15482,.F.);
#15510=ORIENTED_EDGE('',*,*,#15509,.F.);
#15511=EDGE_LOOP('',(#15505,#15507,#15508,#15510));
#15512=FACE_OUTER_BOUND('',#15511,.F.);
#15513=ADVANCED_FACE('',(#15512),#15503,.T.);
#15514=FILL_AREA_STYLE_COLOUR('',#7);
#15515=FILL_AREA_STYLE('',(#15514));
#15516=SURFACE_STYLE_FILL_AREA(#15515);
#15517=SURFACE_SIDE_STYLE('',(#15516));
#15518=SURFACE_STYLE_USAGE(.POSITIVE.,#15517);
#15519=PRESENTATION_STYLE_ASSIGNMENT((#15518));
#15520=STYLED_ITEM('',(#15519),#15513);
#15521=CARTESIAN_POINT('',(0.E0,-2.285E0,3.1E0));
#15522=DIRECTION('',(0.E0,-1.E0,0.E0));
#15523=DIRECTION('',(-1.E0,0.E0,0.E0));
#15524=AXIS2_PLACEMENT_3D('',#15521,#15522,#15523);
#15525=PLANE('',#15524);
#15527=ORIENTED_EDGE('',*,*,#15526,.F.);
#15528=ORIENTED_EDGE('',*,*,#15504,.F.);
#15529=EDGE_LOOP('',(#15527,#15528));
#15530=FACE_OUTER_BOUND('',#15529,.F.);
#15531=ADVANCED_FACE('',(#15530),#15525,.T.);
#15532=FILL_AREA_STYLE_COLOUR('',#7);
#15533=FILL_AREA_STYLE('',(#15532));
#15534=SURFACE_STYLE_FILL_AREA(#15533);
#15535=SURFACE_SIDE_STYLE('',(#15534));
#15536=SURFACE_STYLE_USAGE(.POSITIVE.,#15535);
#15537=PRESENTATION_STYLE_ASSIGNMENT((#15536));
#15538=STYLED_ITEM('',(#15537),#15531);
#15539=CARTESIAN_POINT('',(2.15E0,-2.085E0,-2.15E0));
#15540=DIRECTION('',(0.E0,-1.E0,0.E0));
#15541=DIRECTION('',(9.989084245091E-1,0.E0,-4.671144875347E-2));
#15542=AXIS2_PLACEMENT_3D('',#15539,#15540,#15541);
#15543=TOROIDAL_SURFACE('',#15542,3.E-1,2.E-1);
#15544=ORIENTED_EDGE('',*,*,#15526,.T.);
#15545=ORIENTED_EDGE('',*,*,#15509,.T.);
#15547=ORIENTED_EDGE('',*,*,#15546,.F.);
#15548=ORIENTED_EDGE('',*,*,#15506,.F.);
#15549=EDGE_LOOP('',(#15544,#15545,#15547,#15548));
#15550=FACE_OUTER_BOUND('',#15549,.F.);
#15551=ADVANCED_FACE('',(#15550),#15543,.T.);
#15552=FILL_AREA_STYLE_COLOUR('',#7);
#15553=FILL_AREA_STYLE('',(#15552));
#15554=SURFACE_STYLE_FILL_AREA(#15553);
#15555=SURFACE_SIDE_STYLE('',(#15554));
#15556=SURFACE_STYLE_USAGE(.POSITIVE.,#15555);
#15557=PRESENTATION_STYLE_ASSIGNMENT((#15556));
#15558=STYLED_ITEM('',(#15557),#15551);
#15559=CARTESIAN_POINT('',(2.15E0,-1.885E0,-2.15E0));
#15560=DIRECTION('',(0.E0,-1.E0,0.E0));
#15561=DIRECTION('',(-1.E0,0.E0,0.E0));
#15562=AXIS2_PLACEMENT_3D('',#15559,#15560,#15561);
#15563=CYLINDRICAL_SURFACE('',#15562,5.E-1);
#15564=ORIENTED_EDGE('',*,*,#15546,.T.);
#15565=ORIENTED_EDGE('',*,*,#15487,.F.);
#15566=ORIENTED_EDGE('',*,*,#14159,.F.);
#15567=ORIENTED_EDGE('',*,*,#15484,.T.);
#15568=EDGE_LOOP('',(#15564,#15565,#15566,#15567));
#15569=FACE_OUTER_BOUND('',#15568,.F.);
#15570=ADVANCED_FACE('',(#15569),#15563,.T.);
#15571=FILL_AREA_STYLE_COLOUR('',#7);
#15572=FILL_AREA_STYLE('',(#15571));
#15573=SURFACE_STYLE_FILL_AREA(#15572);
#15574=SURFACE_SIDE_STYLE('',(#15573));
#15575=SURFACE_STYLE_USAGE(.POSITIVE.,#15574);
#15576=PRESENTATION_STYLE_ASSIGNMENT((#15575));
#15577=STYLED_ITEM('',(#15576),#15570);
#15578=CARTESIAN_POINT('',(-3.375E0,3.665E0,-7.028945757222E0));
#15579=DIRECTION('',(-1.E0,0.E0,0.E0));
#15580=DIRECTION('',(0.E0,0.E0,-1.E0));
#15581=AXIS2_PLACEMENT_3D('',#15578,#15579,#15580);
#15582=PLANE('',#15581);
#15583=ORIENTED_EDGE('',*,*,#13287,.F.);
#15584=ORIENTED_EDGE('',*,*,#13323,.F.);
#15585=EDGE_LOOP('',(#15583,#15584));
#15586=FACE_OUTER_BOUND('',#15585,.F.);
#15587=ADVANCED_FACE('',(#15586),#15582,.F.);
#15588=FILL_AREA_STYLE_COLOUR('',#19);
#15589=FILL_AREA_STYLE('',(#15588));
#15590=SURFACE_STYLE_FILL_AREA(#15589);
#15591=SURFACE_SIDE_STYLE('',(#15590));
#15592=SURFACE_STYLE_USAGE(.POSITIVE.,#15591);
#15593=PRESENTATION_STYLE_ASSIGNMENT((#15592));
#15594=STYLED_ITEM('',(#15593),#15587);
#15595=CLOSED_SHELL('',(#13272,#13302,#13327,#13368,#13426,#13448,#13481,#13502,
#13523,#13544,#13565,#13586,#13608,#13629,#13668,#13688,#13708,#13728,#13748,
#13769,#13789,#13809,#13829,#13849,#13897,#13917,#13936,#13956,#13976,#13996,
#14016,#14036,#14056,#14076,#14101,#14163,#14185,#14222,#14241,#14261,#14281,
#14301,#14321,#14341,#14367,#14387,#14443,#14464,#14519,#14539,#14559,#14579,
#14599,#14619,#14639,#14659,#14680,#14700,#14720,#14740,#14759,#14779,#14819,
#14840,#14880,#14900,#14919,#14939,#14959,#14979,#14999,#15023,#15050,#15067,
#15090,#15110,#15130,#15149,#15166,#15188,#15210,#15228,#15248,#15267,#15289,
#15311,#15329,#15349,#15368,#15390,#15412,#15430,#15450,#15469,#15491,#15513,
#15531,#15551,#15570,#15587));
#15596=MANIFOLD_SOLID_BREP('',#15595);
#15598=DIMENSIONAL_EXPONENTS(0.E0,0.E0,0.E0,0.E0,0.E0,0.E0,0.E0);
#15600=PLANE_ANGLE_MEASURE_WITH_UNIT(PLANE_ANGLE_MEASURE(1.745329251994E-2),
#15599);
#15601=(CONVERSION_BASED_UNIT('DEGREE',#15600)NAMED_UNIT(*)PLANE_ANGLE_UNIT());
#15603=UNCERTAINTY_MEASURE_WITH_UNIT(LENGTH_MEASURE(2.401174995303E-3),#15597,
'closure',
'Maximum model space distance between geometric entities at asserted connectivities');
#15604=(GEOMETRIC_REPRESENTATION_CONTEXT(3)GLOBAL_UNCERTAINTY_ASSIGNED_CONTEXT((
#15603))GLOBAL_UNIT_ASSIGNED_CONTEXT((#15597,#15601,#15602))REPRESENTATION_CONTEXT('ID1','3'));
#15606=MECHANICAL_DESIGN_GEOMETRIC_PRESENTATION_REPRESENTATION('',(#4523,#4735,
#4774,#4795,#4817,#5058,#5081,#5102,#5124,#5158,#5198,#5218,#5238,#5257,#5287,
#5308,#5337,#5357,#5377,#5397,#5417,#5437,#5456,#5486,#5507,#5528,#5549,#5570,
#5591,#5612,#5632,#5655,#5674,#5696,#5718,#5736,#5756,#5775,#5797,#5832,#5853,
#5887,#5907,#5927,#5946,#5965,#5986,#6020,#6082,#6116,#6137,#6170,#6191,#6212,
#6233,#6254,#6275,#6296,#6317,#6350,#6371,#6392,#6413,#6434,#6454,#6474,#6494,
#6514,#6534,#6554,#6574,#6594,#6614,#6634,#6654,#6674,#6694,#6714,#6734,#6754,
#6774,#6795,#6815,#6836,#6856,#6877,#6897,#6918,#6938,#6959,#6979,#7000,#7019,
#7038,#7059,#7081,#7143,#7165,#7186,#7219,#7239,#7259,#7279,#7299,#7319,#7340,
#7360,#7393,#7413,#7434,#7454,#7487,#7507,#7528,#7548,#7569,#7589,#7610,#7630,
#7651,#7671,#7692,#7712,#7733,#7753,#7774,#7794,#7827,#7847,#7868,#7888,#7909,
#7929,#7950,#7970,#7991,#8011,#8032,#8052,#8085,#8104,#8123,#8145,#8166,#8187,
#8208,#8229,#8250,#8271,#8292,#8313,#8334,#8355,#8376,#8397,#8418,#8439,#8460,
#8481,#8502,#8523,#8544,#8565,#8586,#8607,#8628,#8649,#8670,#8691,#8712,#8733,
#8754,#8775,#8796,#8817,#8838,#8859,#8880,#8901,#8922,#8943,#8963,#9018,#9063,
#9084,#9104,#9124,#9144,#9164,#9184,#9204,#9224,#9244,#9264,#9283,#9304,#9324,
#9343,#9365,#9387,#9408,#9427,#9446,#9468,#9490,#9510,#9530,#9549,#9570,#9591,
#9612,#9633,#9653,#9674,#9769,#9808,#9877,#9916,#9937,#9957,#9977,#9997,#10017,
#10037,#10057,#10077,#10097,#10117,#10137,#10157,#10177,#10197,#10217,#10237,
#10257,#10277,#10297,#10317,#10337,#10357,#10377,#10397,#10417,#10437,#10457,
#10477,#10497,#10517,#10537,#10557,#10577,#10597,#10617,#10637,#10657,#10677,
#10697,#10716,#10737,#10757,#10777,#10797,#10817,#10837,#10857,#10877,#10897,
#10917,#10937,#10956,#10977,#10997,#11017,#11037,#11057,#11077,#11097,#11117,
#11137,#11157,#11177,#11197,#11217,#11236,#11257,#11277,#11297,#11317,#11337,
#11357,#11377,#11397,#11417,#11437,#11457,#11476,#11497,#11517,#11537,#11557,
#11577,#11597,#11617,#11636,#11657,#11677,#11696,#13279,#13309,#13334,#13375,
#13433,#13455,#13488,#13509,#13530,#13551,#13572,#13593,#13615,#13636,#13675,
#13695,#13715,#13735,#13755,#13776,#13796,#13816,#13836,#13856,#13904,#13924,
#13943,#13963,#13983,#14003,#14023,#14043,#14063,#14083,#14108,#14170,#14192,
#14229,#14248,#14268,#14288,#14308,#14328,#14348,#14374,#14394,#14450,#14471,
#14526,#14546,#14566,#14586,#14606,#14626,#14646,#14666,#14687,#14707,#14727,
#14747,#14766,#14786,#14826,#14847,#14887,#14907,#14926,#14946,#14966,#14986,
#15006,#15030,#15057,#15074,#15097,#15117,#15137,#15156,#15173,#15195,#15217,
#15235,#15255,#15274,#15296,#15318,#15336,#15356,#15375,#15397,#15419,#15437,
#15457,#15476,#15498,#15520,#15538,#15558,#15577,#15594),#15604);
#15607=APPLICATION_CONTEXT(
'CONFIGURATION CONTROLLED 3D DESIGNS OF MECHANICAL PARTS AND ASSEMBLIES');
#15608=APPLICATION_PROTOCOL_DEFINITION('international standard',
'ccd_cla_gvp_ast_asd',1995,#15607);
#15609=DESIGN_CONTEXT('',#15607,'design');
#15610=MECHANICAL_CONTEXT('',#15607,'mechanical');
#15611=PRODUCT('259','259','NOT SPECIFIED',(#15610));
#15612=PRODUCT_DEFINITION_FORMATION_WITH_SPECIFIED_SOURCE('1','LAST_VERSION',
#15611,.MADE.);
#15620=DERIVED_UNIT_ELEMENT(#15619,2.E0);
#15621=DERIVED_UNIT((#15620));
#15622=MEASURE_REPRESENTATION_ITEM('surface area measure',AREA_MEASURE(
5.398301614530E2),#15621);
#15627=DERIVED_UNIT_ELEMENT(#15626,3.E0);
#15628=DERIVED_UNIT((#15627));
#15629=MEASURE_REPRESENTATION_ITEM('volume measure',VOLUME_MEASURE(
2.431396529649E2),#15628);
#15633=CARTESIAN_POINT('centre point',(7.687464078457E-5,-2.801375596598E0,
-7.899470483851E-2));
#15638=DERIVED_UNIT_ELEMENT(#15637,2.E0);
#15639=DERIVED_UNIT((#15638));
#15640=MEASURE_REPRESENTATION_ITEM('surface area measure',AREA_MEASURE(
5.398301614530E2),#15639);
#15645=DERIVED_UNIT_ELEMENT(#15644,3.E0);
#15646=DERIVED_UNIT((#15645));
#15647=MEASURE_REPRESENTATION_ITEM('volume measure',VOLUME_MEASURE(
2.431396529649E2),#15646);
#15651=CARTESIAN_POINT('centre point',(7.687464078457E-5,-2.801375596598E0,
-7.899470483851E-2));
#15656=PRODUCT_CATEGORY('part','');
#15657=PRODUCT_RELATED_PRODUCT_CATEGORY('detail','',(#15611));
#15658=PRODUCT_CATEGORY_RELATIONSHIP('','',#15656,#15657);
#15659=SECURITY_CLASSIFICATION_LEVEL('unclassified');
#15660=SECURITY_CLASSIFICATION('','',#15659);
#15661=CC_DESIGN_SECURITY_CLASSIFICATION(#15660,(#15612));
#15662=APPROVAL_STATUS('approved');
#15663=APPROVAL(#15662,'');
#15664=CC_DESIGN_APPROVAL(#15663,(#15660,#15612,#15613));
#15665=CALENDAR_DATE(121,18,5);
#15666=COORDINATED_UNIVERSAL_TIME_OFFSET(8,0,.AHEAD.);
#15667=LOCAL_TIME(22,35,4.4E1,#15666);
#15668=DATE_AND_TIME(#15665,#15667);
#15669=APPROVAL_DATE_TIME(#15668,#15663);
#15670=DATE_TIME_ROLE('creation_date');
#15671=CC_DESIGN_DATE_AND_TIME_ASSIGNMENT(#15668,#15670,(#15613));
#15672=DATE_TIME_ROLE('classification_date');
#15673=CC_DESIGN_DATE_AND_TIME_ASSIGNMENT(#15668,#15672,(#15660));
#15674=PERSON('UNSPECIFIED','UNSPECIFIED',$,$,$,$);
#15675=ORGANIZATION('UNSPECIFIED','UNSPECIFIED','UNSPECIFIED');
#15676=PERSON_AND_ORGANIZATION(#15674,#15675);
#15677=APPROVAL_ROLE('approver');
#15678=APPROVAL_PERSON_ORGANIZATION(#15676,#15663,#15677);
#15679=PERSON_AND_ORGANIZATION_ROLE('creator');
#15680=CC_DESIGN_PERSON_AND_ORGANIZATION_ASSIGNMENT(#15676,#15679,(#15612,
#15613));
#15681=PERSON_AND_ORGANIZATION_ROLE('design_supplier');
#15682=CC_DESIGN_PERSON_AND_ORGANIZATION_ASSIGNMENT(#15676,#15681,(#15612));
#15683=PERSON_AND_ORGANIZATION_ROLE('classification_officer');
#15684=CC_DESIGN_PERSON_AND_ORGANIZATION_ASSIGNMENT(#15676,#15683,(#15660));
#15685=PERSON_AND_ORGANIZATION_ROLE('design_owner');
#15686=CC_DESIGN_PERSON_AND_ORGANIZATION_ASSIGNMENT(#15676,#15685,(#15611));
#1=DRAUGHTING_PRE_DEFINED_COLOUR('green');
#2=COLOUR_RGB('',1.1E-2,1.2E-2,1.E0);
#3=COLOUR_RGB('',2.15686E-1,5.18041E-1,1.E0);
#4=COLOUR_RGB('',2.184466019417E-1,1.509598745094E-1,1.154253557612E-1);
#5=COLOUR_RGB('',2.36993E-1,1.E0,6.49617E-1);
#6=COLOUR_RGB('',2.57282E-1,2.57282E-1,2.57282E-1);
#7=COLOUR_RGB('',2.57282E-1,2.57282E-1,2.57282E-1);
#8=COLOUR_RGB('',3.34677E-1,8.15534E-1,4.38691E-1);
#9=COLOUR_RGB('',4.1E-1,2.61589E-1,1.12848E-1);
#10=COLOUR_RGB('',4.46095E-1,1.E0,3.94692E-1);
#11=COLOUR_RGB('',4.51243E-1,1.E0,6.21554E-1);
#12=COLOUR_RGB('',5.45098E-1,2.62745E-1,1.76471E-1);
#13=COLOUR_RGB('',6.35294E-1,6.86275E-1,7.4902E-1);
#14=COLOUR_RGB('',6.40777E-1,6.40777E-1,6.40777E-1);
#15=COLOUR_RGB('',6.69062E-1,6.69903E-1,6.55217E-1);
#16=COLOUR_RGB('',6.8932E-1,1.934E-1,1.61111E-1);
#17=COLOUR_RGB('',6.94175E-1,1.01459E-1,1.27464E-1);
#18=COLOUR_RGB('',8.03922E-1,4.98039E-1,1.96078E-1);
#19=COLOUR_RGB('',8.15534E-1,8.15534E-1,8.15534E-1);
#20=COLOUR_RGB('',8.5098E-1,8.07843E-1,7.37255E-1);
#21=COLOUR_RGB('',8.5098E-1,8.07843E-1,7.7E-1);
#22=COLOUR_RGB('',8.83495E-1,8.E-1,7.4E-1);
#23=COLOUR_RGB('',8.82353E-1,8.82353E-1,8.82353E-1);
#24=COLOUR_RGB('',1.E0,2.99729E-1,5.3274E-2);
#25=COLOUR_RGB('',1.E0,6.48135E-1,4.66429E-1);
#26=DRAUGHTING_PRE_DEFINED_COLOUR('yellow');
#27=COLOUR_RGB('',1.E0,1.E0,5.3E-1);
#28=DRAUGHTING_PRE_DEFINED_COLOUR('white');
#465=CIRCLE('',#464,3.E-1);
#470=CIRCLE('',#469,3.E-1);
#475=CIRCLE('',#474,3.E-1);
#484=CIRCLE('',#483,3.E-1);
#521=CIRCLE('',#520,2.E-1);
#538=CIRCLE('',#537,2.E-1);
#547=CIRCLE('',#546,2.E-1);
#564=CIRCLE('',#563,2.E-1);
#597=CIRCLE('',#596,2.E-1);
#614=CIRCLE('',#613,2.E-1);
#623=CIRCLE('',#622,2.E-1);
#640=CIRCLE('',#639,2.E-1);
#873=CIRCLE('',#872,3.E-1);
#878=CIRCLE('',#877,3.E-1);
#883=CIRCLE('',#882,3.E-1);
#888=CIRCLE('',#887,3.E-1);
#897=CIRCLE('',#896,1.5E0);
#902=CIRCLE('',#901,1.5E0);
#971=CIRCLE('',#970,7.36E-2);
#988=CIRCLE('',#987,2.736E-1);
#1001=CIRCLE('',#1000,2.736E-1);
#1018=CIRCLE('',#1017,7.36E-2);
#1059=CIRCLE('',#1058,2.736E-1);
#1076=CIRCLE('',#1075,7.36E-2);
#1109=CIRCLE('',#1108,7.36E-2);
#1126=CIRCLE('',#1125,2.736E-1);
#1147=CIRCLE('',#1146,1.351639742432E0);
#1156=CIRCLE('',#1155,1.5E-1);
#1161=CIRCLE('',#1160,1.201648905571E0);
#1166=CIRCLE('',#1165,1.201648905571E0);
#1171=CIRCLE('',#1170,1.5E-1);
#1176=CIRCLE('',#1175,1.351639742432E0);
#1273=CIRCLE('',#1272,2.E-1);
#1278=CIRCLE('',#1277,2.E-1);
#1283=CIRCLE('',#1282,1.E-1);
#1288=CIRCLE('',#1287,1.E-1);
#1297=CIRCLE('',#1296,3.E-1);
#1306=CIRCLE('',#1305,1.E-1);
#1315=CIRCLE('',#1314,1.E-1);
#1324=CIRCLE('',#1323,1.E-1);
#1333=CIRCLE('',#1332,1.E-1);
#1342=CIRCLE('',#1341,3.E-1);
#1351=CIRCLE('',#1350,1.E-1);
#1360=CIRCLE('',#1359,1.E-1);
#1369=CIRCLE('',#1368,3.E-1);
#1378=CIRCLE('',#1377,3.E-1);
#1387=CIRCLE('',#1386,1.E-1);
#1396=CIRCLE('',#1395,1.E-1);
#1401=CIRCLE('',#1400,1.E-1);
#1406=CIRCLE('',#1405,1.E-1);
#1411=CIRCLE('',#1410,1.E-1);
#1416=CIRCLE('',#1415,1.E-1);
#1421=CIRCLE('',#1420,1.E-1);
#1426=CIRCLE('',#1425,1.E-1);
#1431=CIRCLE('',#1430,1.E-1);
#1436=CIRCLE('',#1435,1.E-1);
#1441=CIRCLE('',#1440,1.E-1);
#1446=CIRCLE('',#1445,1.E-1);
#1451=CIRCLE('',#1450,1.E-1);
#1456=CIRCLE('',#1455,1.E-1);
#1461=CIRCLE('',#1460,1.E-1);
#1466=CIRCLE('',#1465,1.E-1);
#1471=CIRCLE('',#1470,1.E-1);
#1488=CIRCLE('',#1487,2.E-1);
#1493=CIRCLE('',#1492,2.E-1);
#1510=CIRCLE('',#1509,2.E-1);
#1527=CIRCLE('',#1526,2.E-1);
#1532=CIRCLE('',#1531,2.E-1);
#1549=CIRCLE('',#1548,2.E-1);
#1554=CIRCLE('',#1553,2.E-1);
#1571=CIRCLE('',#1570,2.E-1);
#1588=CIRCLE('',#1587,2.E-1);
#1605=CIRCLE('',#1604,2.E-1);
#1610=CIRCLE('',#1609,2.E-1);
#1627=CIRCLE('',#1626,2.E-1);
#1632=CIRCLE('',#1631,2.E-1);
#1649=CIRCLE('',#1648,1.E-1);
#1654=CIRCLE('',#1653,1.E-1);
#1659=CIRCLE('',#1658,2.E-1);
#1676=CIRCLE('',#1675,1.E-1);
#1681=CIRCLE('',#1680,1.E-1);
#1686=CIRCLE('',#1685,2.E-1);
#1691=CIRCLE('',#1690,2.E-1);
#1708=CIRCLE('',#1707,1.E-1);
#1713=CIRCLE('',#1712,1.E-1);
#1718=CIRCLE('',#1717,2.E-1);
#1723=CIRCLE('',#1722,2.E-1);
#1728=CIRCLE('',#1727,1.E-1);
#1733=CIRCLE('',#1732,2.E-1);
#1738=CIRCLE('',#1737,2.E-1);
#1743=CIRCLE('',#1742,1.E-1);
#1748=CIRCLE('',#1747,3.E-1);
#1757=CIRCLE('',#1756,1.E-1);
#1766=CIRCLE('',#1765,1.E-1);
#1775=CIRCLE('',#1774,3.E-1);
#1784=CIRCLE('',#1783,3.E-1);
#1793=CIRCLE('',#1792,1.E-1);
#1802=CIRCLE('',#1801,1.E-1);
#1811=CIRCLE('',#1810,3.E-1);
#1820=CIRCLE('',#1819,1.E-1);
#1829=CIRCLE('',#1828,1.E-1);
#1838=CIRCLE('',#1837,1.E-1);
#1847=CIRCLE('',#1846,1.E-1);
#1856=CIRCLE('',#1855,1.E-1);
#1861=CIRCLE('',#1860,1.E-1);
#1866=CIRCLE('',#1865,1.E-1);
#1871=CIRCLE('',#1870,1.E-1);
#1888=CIRCLE('',#1887,2.E-1);
#1893=CIRCLE('',#1892,2.E-1);
#1910=CIRCLE('',#1909,2.E-1);
#1927=CIRCLE('',#1926,1.E-1);
#1932=CIRCLE('',#1931,1.E-1);
#1937=CIRCLE('',#1936,2.E-1);
#1942=CIRCLE('',#1941,2.E-1);
#1959=CIRCLE('',#1958,1.E-1);
#1964=CIRCLE('',#1963,1.E-1);
#1969=CIRCLE('',#1968,2.E-1);
#1974=CIRCLE('',#1973,2.E-1);
#1991=CIRCLE('',#1990,1.E-1);
#1996=CIRCLE('',#1995,1.E-1);
#2001=CIRCLE('',#2000,2.E-1);
#2018=CIRCLE('',#2017,1.E-1);
#2023=CIRCLE('',#2022,1.E-1);
#2028=CIRCLE('',#2027,2.E-1);
#2045=CIRCLE('',#2044,1.E-1);
#2050=CIRCLE('',#2049,1.E-1);
#2055=CIRCLE('',#2054,2.E-1);
#2060=CIRCLE('',#2059,2.E-1);
#2077=CIRCLE('',#2076,1.E-1);
#2082=CIRCLE('',#2081,1.E-1);
#2087=CIRCLE('',#2086,2.E-1);
#2092=CIRCLE('',#2091,2.E-1);
#2109=CIRCLE('',#2108,1.E-1);
#2114=CIRCLE('',#2113,1.E-1);
#2119=CIRCLE('',#2118,2.E-1);
#2136=CIRCLE('',#2135,1.E-1);
#2141=CIRCLE('',#2140,1.E-1);
#2146=CIRCLE('',#2145,2.E-1);
#2151=CIRCLE('',#2150,2.E-1);
#2168=CIRCLE('',#2167,1.E-1);
#2173=CIRCLE('',#2172,1.E-1);
#2178=CIRCLE('',#2177,2.E-1);
#2183=CIRCLE('',#2182,2.E-1);
#2188=CIRCLE('',#2187,1.E-1);
#2625=CIRCLE('',#2624,3.5E-1);
#2638=CIRCLE('',#2637,3.5E-1);
#2659=CIRCLE('',#2658,3.5E-1);
#2676=CIRCLE('',#2675,3.5E-1);
#4506=EDGE_CURVE('',#4214,#4216,#88,.T.);
#4508=EDGE_CURVE('',#4214,#4024,#32,.T.);
#4510=EDGE_CURVE('',#4024,#4026,#2732,.T.);
#4512=EDGE_CURVE('',#4216,#4026,#2708,.T.);
#4529=EDGE_CURVE('',#3460,#3455,#36,.T.);
#4531=EDGE_CURVE('',#3460,#3463,#40,.T.);
#4533=EDGE_CURVE('',#3468,#3463,#44,.T.);
#4535=EDGE_CURVE('',#3468,#3455,#48,.T.);
#4539=EDGE_CURVE('',#3479,#3480,#52,.T.);
#4541=EDGE_CURVE('',#3484,#3480,#56,.T.);
#4543=EDGE_CURVE('',#3483,#3484,#60,.T.);
#4545=EDGE_CURVE('',#3483,#3479,#64,.T.);
#4549=EDGE_CURVE('',#4423,#4424,#68,.T.);
#4551=EDGE_CURVE('',#4428,#4424,#72,.T.);
#4553=EDGE_CURVE('',#4427,#4428,#76,.T.);
#4555=EDGE_CURVE('',#4427,#4423,#80,.T.);
#4559=EDGE_CURVE('',#4213,#4214,#84,.T.);
#4562=EDGE_CURVE('',#4216,#4218,#92,.T.);
#4564=EDGE_CURVE('',#4218,#4220,#96,.T.);
#4566=EDGE_CURVE('',#4220,#4222,#100,.T.);
#4568=EDGE_CURVE('',#4222,#4213,#104,.T.);
#4572=EDGE_CURVE('',#4225,#4226,#108,.T.);
#4574=EDGE_CURVE('',#4226,#4228,#112,.T.);
#4576=EDGE_CURVE('',#4228,#4230,#116,.T.);
#4578=EDGE_CURVE('',#4230,#4232,#120,.T.);
#4580=EDGE_CURVE('',#4232,#4234,#124,.T.);
#4582=EDGE_CURVE('',#4234,#4236,#128,.T.);
#4584=EDGE_CURVE('',#4236,#4238,#132,.T.);
#4586=EDGE_CURVE('',#4238,#4240,#136,.T.);
#4588=EDGE_CURVE('',#4240,#4242,#140,.T.);
#4590=EDGE_CURVE('',#4242,#4244,#144,.T.);
#4592=EDGE_CURVE('',#4244,#4246,#148,.T.);
#4594=EDGE_CURVE('',#4246,#4248,#152,.T.);
#4596=EDGE_CURVE('',#4248,#4250,#156,.T.);
#4598=EDGE_CURVE('',#4250,#4252,#160,.T.);
#4600=EDGE_CURVE('',#4252,#4254,#164,.T.);
#4602=EDGE_CURVE('',#4254,#4256,#168,.T.);
#4604=EDGE_CURVE('',#4256,#4258,#172,.T.);
#4606=EDGE_CURVE('',#4258,#4260,#176,.T.);
#4608=EDGE_CURVE('',#4260,#4262,#180,.T.);
#4610=EDGE_CURVE('',#4262,#4264,#184,.T.);
#4612=EDGE_CURVE('',#4264,#4266,#188,.T.);
#4614=EDGE_CURVE('',#4266,#4268,#192,.T.);
#4616=EDGE_CURVE('',#4268,#4270,#196,.T.);
#4618=EDGE_CURVE('',#4270,#4272,#200,.T.);
#4620=EDGE_CURVE('',#4272,#4274,#204,.T.);
#4622=EDGE_CURVE('',#4274,#4276,#208,.T.);
#4624=EDGE_CURVE('',#4276,#4278,#212,.T.);
#4626=EDGE_CURVE('',#4278,#4280,#216,.T.);
#4628=EDGE_CURVE('',#4280,#4282,#220,.T.);
#4630=EDGE_CURVE('',#4282,#4284,#224,.T.);
#4632=EDGE_CURVE('',#4284,#4286,#228,.T.);
#4634=EDGE_CURVE('',#4286,#4288,#232,.T.);
#4636=EDGE_CURVE('',#4288,#4290,#236,.T.);
#4638=EDGE_CURVE('',#4290,#4292,#240,.T.);
#4640=EDGE_CURVE('',#4292,#4294,#244,.T.);
#4642=EDGE_CURVE('',#4294,#4296,#248,.T.);
#4644=EDGE_CURVE('',#4296,#4298,#252,.T.);
#4646=EDGE_CURVE('',#4298,#4300,#256,.T.);
#4648=EDGE_CURVE('',#4300,#4302,#260,.T.);
#4650=EDGE_CURVE('',#4302,#4225,#264,.T.);
#4654=EDGE_CURVE('',#4305,#4306,#268,.T.);
#4656=EDGE_CURVE('',#4306,#4308,#272,.T.);
#4658=EDGE_CURVE('',#4308,#4310,#276,.T.);
#4660=EDGE_CURVE('',#4310,#4312,#280,.T.);
#4662=EDGE_CURVE('',#4312,#4314,#284,.T.);
#4664=EDGE_CURVE('',#4314,#4316,#288,.T.);
#4666=EDGE_CURVE('',#4316,#4318,#292,.T.);
#4668=EDGE_CURVE('',#4318,#4320,#296,.T.);
#4670=EDGE_CURVE('',#4320,#4322,#300,.T.);
#4672=EDGE_CURVE('',#4322,#4324,#304,.T.);
#4674=EDGE_CURVE('',#4324,#4326,#308,.T.);
#4676=EDGE_CURVE('',#4326,#4305,#312,.T.);
#4680=EDGE_CURVE('',#4329,#4330,#316,.T.);
#4682=EDGE_CURVE('',#4330,#4332,#320,.T.);
#4684=EDGE_CURVE('',#4332,#4334,#324,.T.);
#4686=EDGE_CURVE('',#4334,#4336,#328,.T.);
#4688=EDGE_CURVE('',#4336,#4338,#332,.T.);
#4690=EDGE_CURVE('',#4338,#4340,#336,.T.);
#4692=EDGE_CURVE('',#4340,#4342,#340,.T.);
#4694=EDGE_CURVE('',#4342,#4344,#344,.T.);
#4696=EDGE_CURVE('',#4344,#4346,#348,.T.);
#4698=EDGE_CURVE('',#4346,#4348,#352,.T.);
#4700=EDGE_CURVE('',#4348,#4350,#356,.T.);
#4702=EDGE_CURVE('',#4350,#4352,#360,.T.);
#4704=EDGE_CURVE('',#4352,#4354,#364,.T.);
#4706=EDGE_CURVE('',#4354,#4329,#368,.T.);
#4710=EDGE_CURVE('',#4381,#4382,#420,.T.);
#4712=EDGE_CURVE('',#4382,#4384,#424,.T.);
#4714=EDGE_CURVE('',#4384,#4386,#428,.T.);
#4716=EDGE_CURVE('',#4386,#4388,#432,.T.);
#4718=EDGE_CURVE('',#4388,#4390,#436,.T.);
#4720=EDGE_CURVE('',#4390,#4392,#440,.T.);
#4722=EDGE_CURVE('',#4392,#4394,#444,.T.);
#4724=EDGE_CURVE('',#4394,#4381,#448,.T.);
#4741=EDGE_CURVE('',#4357,#4358,#372,.T.);
#4743=EDGE_CURVE('',#4358,#4360,#376,.T.);
#4745=EDGE_CURVE('',#4360,#4362,#380,.T.);
#4747=EDGE_CURVE('',#4362,#4364,#384,.T.);
#4749=EDGE_CURVE('',#4364,#4366,#388,.T.);
#4751=EDGE_CURVE('',#4366,#4368,#392,.T.);
#4753=EDGE_CURVE('',#4368,#4370,#396,.T.);
#4755=EDGE_CURVE('',#4370,#4372,#400,.T.);
#4757=EDGE_CURVE('',#4372,#4374,#404,.T.);
#4759=EDGE_CURVE('',#4374,#4376,#408,.T.);
#4761=EDGE_CURVE('',#4376,#4378,#412,.T.);
#4763=EDGE_CURVE('',#4378,#4357,#416,.T.);
#4780=EDGE_CURVE('',#4397,#4398,#452,.T.);
#4782=EDGE_CURVE('',#4398,#4400,#456,.T.);
#4784=EDGE_CURVE('',#4400,#4397,#460,.T.);
#4801=EDGE_CURVE('',#3455,#3456,#470,.T.);
#4803=EDGE_CURVE('',#3458,#3456,#1138,.T.);
#4805=EDGE_CURVE('',#3458,#3460,#888,.T.);
#4823=EDGE_CURVE('',#3450,#3452,#465,.T.);
#4825=EDGE_CURVE('',#3456,#3450,#1142,.T.);
#4829=EDGE_CURVE('',#3466,#3468,#475,.T.);
#4831=EDGE_CURVE('',#3466,#3472,#479,.T.);
#4833=EDGE_CURVE('',#3471,#3472,#484,.T.);
#4835=EDGE_CURVE('',#3471,#3452,#910,.T.);
#4839=EDGE_CURVE('',#3795,#3796,#504,.T.);
#4841=EDGE_CURVE('',#3796,#3528,#508,.T.);
#4843=EDGE_CURVE('',#3515,#3528,#2183,.T.);
#4845=EDGE_CURVE('',#3515,#3516,#512,.T.);
#4847=EDGE_CURVE('',#3526,#3516,#2151,.T.);
#4849=EDGE_CURVE('',#3526,#3492,#516,.T.);
#4851=EDGE_CURVE('',#3491,#3492,#521,.T.);
#4853=EDGE_CURVE('',#3491,#3524,#525,.T.);
#4855=EDGE_CURVE('',#3503,#3524,#2092,.T.);
#4857=EDGE_CURVE('',#3503,#3504,#529,.T.);
#4859=EDGE_CURVE('',#3522,#3504,#2060,.T.);
#4861=EDGE_CURVE('',#3522,#3500,#533,.T.);
#4863=EDGE_CURVE('',#3499,#3500,#538,.T.);
#4865=EDGE_CURVE('',#3499,#3496,#542,.T.);
#4867=EDGE_CURVE('',#3495,#3496,#547,.T.);
#4869=EDGE_CURVE('',#3495,#3520,#551,.T.);
#4871=EDGE_CURVE('',#3507,#3520,#1974,.T.);
#4873=EDGE_CURVE('',#3507,#3508,#555,.T.);
#4875=EDGE_CURVE('',#3518,#3508,#1942,.T.);
#4877=EDGE_CURVE('',#3518,#3488,#559,.T.);
#4879=EDGE_CURVE('',#3487,#3488,#564,.T.);
#4881=EDGE_CURVE('',#3487,#3530,#568,.T.);
#4883=EDGE_CURVE('',#3511,#3530,#1893,.T.);
#4885=EDGE_CURVE('',#3511,#3512,#572,.T.);
#4887=EDGE_CURVE('',#3532,#3512,#1738,.T.);
#4889=EDGE_CURVE('',#3532,#3799,#576,.T.);
#4891=EDGE_CURVE('',#3799,#3800,#580,.T.);
#4893=EDGE_CURVE('',#3676,#3800,#584,.T.);
#4895=EDGE_CURVE('',#3656,#3676,#1723,.T.);
#4897=EDGE_CURVE('',#3655,#3656,#588,.T.);
#4899=EDGE_CURVE('',#3674,#3655,#1691,.T.);
#4901=EDGE_CURVE('',#3632,#3674,#592,.T.);
#4903=EDGE_CURVE('',#3631,#3632,#597,.T.);
#4905=EDGE_CURVE('',#3662,#3631,#601,.T.);
#4907=EDGE_CURVE('',#3652,#3662,#1632,.T.);
#4909=EDGE_CURVE('',#3651,#3652,#605,.T.);
#4911=EDGE_CURVE('',#3664,#3651,#1610,.T.);
#4913=EDGE_CURVE('',#3640,#3664,#609,.T.);
#4915=EDGE_CURVE('',#3639,#3640,#614,.T.);
#4917=EDGE_CURVE('',#3644,#3639,#618,.T.);
#4919=EDGE_CURVE('',#3643,#3644,#623,.T.);
#4921=EDGE_CURVE('',#3666,#3643,#627,.T.);
#4923=EDGE_CURVE('',#3648,#3666,#1554,.T.);
#4925=EDGE_CURVE('',#3647,#3648,#631,.T.);
#4927=EDGE_CURVE('',#3668,#3647,#1532,.T.);
#4929=EDGE_CURVE('',#3636,#3668,#635,.T.);
#4931=EDGE_CURVE('',#3635,#3636,#640,.T.);
#4933=EDGE_CURVE('',#3670,#3635,#644,.T.);
#4935=EDGE_CURVE('',#3660,#3670,#1493,.T.);
#4937=EDGE_CURVE('',#3659,#3660,#648,.T.);
#4939=EDGE_CURVE('',#3672,#3659,#1278,.T.);
#4941=EDGE_CURVE('',#3795,#3672,#652,.T.);
#4945=EDGE_CURVE('',#3915,#3916,#656,.T.);
#4947=EDGE_CURVE('',#3916,#3918,#660,.T.);
#4949=EDGE_CURVE('',#3918,#3920,#664,.T.);
#4951=EDGE_CURVE('',#3920,#3922,#668,.T.);
#4953=EDGE_CURVE('',#3922,#3924,#672,.T.);
#4955=EDGE_CURVE('',#3924,#3926,#676,.T.);
#4957=EDGE_CURVE('',#3926,#3928,#680,.T.);
#4959=EDGE_CURVE('',#3928,#3930,#684,.T.);
#4961=EDGE_CURVE('',#3930,#3932,#688,.T.);
#4963=EDGE_CURVE('',#3932,#3934,#692,.T.);
#4965=EDGE_CURVE('',#3934,#3936,#696,.T.);
#4967=EDGE_CURVE('',#3936,#3938,#700,.T.);
#4969=EDGE_CURVE('',#3938,#3940,#704,.T.);
#4971=EDGE_CURVE('',#3940,#3942,#708,.T.);
#4973=EDGE_CURVE('',#3942,#3944,#712,.T.);
#4975=EDGE_CURVE('',#3944,#3946,#716,.T.);
#4977=EDGE_CURVE('',#3946,#3948,#720,.T.);
#4979=EDGE_CURVE('',#3948,#3950,#724,.T.);
#4981=EDGE_CURVE('',#3950,#3952,#728,.T.);
#4983=EDGE_CURVE('',#3952,#3954,#732,.T.);
#4985=EDGE_CURVE('',#3954,#3956,#736,.T.);
#4987=EDGE_CURVE('',#3956,#3958,#740,.T.);
#4989=EDGE_CURVE('',#3958,#3960,#744,.T.);
#4991=EDGE_CURVE('',#3960,#3962,#748,.T.);
#4993=EDGE_CURVE('',#3962,#3964,#752,.T.);
#4995=EDGE_CURVE('',#3964,#3966,#756,.T.);
#4997=EDGE_CURVE('',#3966,#3968,#760,.T.);
#4999=EDGE_CURVE('',#3968,#3970,#764,.T.);
#5001=EDGE_CURVE('',#3970,#3972,#768,.T.);
#5003=EDGE_CURVE('',#3972,#3974,#772,.T.);
#5005=EDGE_CURVE('',#3974,#3976,#776,.T.);
#5007=EDGE_CURVE('',#3976,#3978,#780,.T.);
#5009=EDGE_CURVE('',#3978,#3980,#784,.T.);
#5011=EDGE_CURVE('',#3980,#3982,#788,.T.);
#5013=EDGE_CURVE('',#3982,#3984,#792,.T.);
#5015=EDGE_CURVE('',#3984,#3986,#796,.T.);
#5017=EDGE_CURVE('',#3986,#3988,#800,.T.);
#5019=EDGE_CURVE('',#3988,#3990,#804,.T.);
#5021=EDGE_CURVE('',#3990,#3992,#808,.T.);
#5023=EDGE_CURVE('',#3992,#3915,#812,.T.);
#5027=EDGE_CURVE('',#3995,#3996,#816,.T.);
#5029=EDGE_CURVE('',#3996,#3998,#820,.T.);
#5031=EDGE_CURVE('',#3998,#4000,#824,.T.);
#5033=EDGE_CURVE('',#4000,#4002,#828,.T.);
#5035=EDGE_CURVE('',#4002,#4004,#832,.T.);
#5037=EDGE_CURVE('',#4004,#4006,#836,.T.);
#5039=EDGE_CURVE('',#4006,#4008,#840,.T.);
#5041=EDGE_CURVE('',#4008,#4010,#844,.T.);
#5043=EDGE_CURVE('',#4010,#4012,#848,.T.);
#5045=EDGE_CURVE('',#4012,#4014,#852,.T.);
#5047=EDGE_CURVE('',#4014,#3995,#856,.T.);
#5064=EDGE_CURVE('',#3791,#3792,#488,.T.);
#5066=EDGE_CURVE('',#3803,#3792,#492,.T.);
#5068=EDGE_CURVE('',#3803,#3804,#496,.T.);
#5070=EDGE_CURVE('',#3804,#3791,#500,.T.);
#5087=EDGE_CURVE('',#4017,#4018,#860,.T.);
#5089=EDGE_CURVE('',#4018,#4020,#864,.T.);
#5091=EDGE_CURVE('',#4020,#4017,#868,.T.);
#5108=EDGE_CURVE('',#3447,#3448,#873,.T.);
#5110=EDGE_CURVE('',#3450,#3448,#1134,.T.);
#5113=EDGE_CURVE('',#3452,#3447,#906,.T.);
#5131=EDGE_CURVE('',#3447,#3476,#918,.T.);
#5133=EDGE_CURVE('',#3474,#3476,#878,.T.);
#5135=EDGE_CURVE('',#3464,#3474,#958,.T.);
#5137=EDGE_CURVE('',#3463,#3464,#883,.T.);
#5141=EDGE_CURVE('',#3458,#3448,#892,.T.);
#5145=EDGE_CURVE('',#4403,#4404,#897,.T.);
#5147=EDGE_CURVE('',#4404,#4403,#902,.T.);
#5166=EDGE_CURVE('',#3476,#3471,#914,.T.);
#5171=EDGE_CURVE('',#4463,#4464,#922,.T.);
#5173=EDGE_CURVE('',#4464,#4468,#926,.T.);
#5175=EDGE_CURVE('',#4467,#4468,#930,.T.);
#5177=EDGE_CURVE('',#4463,#4467,#934,.T.);
#5181=EDGE_CURVE('',#4494,#4496,#938,.T.);
#5183=EDGE_CURVE('',#4494,#4498,#942,.T.);
#5185=EDGE_CURVE('',#4498,#4500,#946,.T.);
#5187=EDGE_CURVE('',#4496,#4500,#950,.T.);
#5205=EDGE_CURVE('',#3474,#3472,#962,.T.);
#5224=EDGE_CURVE('',#3466,#3464,#954,.T.);
#5264=EDGE_CURVE('',#4463,#4439,#966,.T.);
#5266=EDGE_CURVE('',#4439,#4440,#971,.T.);
#5268=EDGE_CURVE('',#4440,#4442,#975,.T.);
#5270=EDGE_CURVE('',#4442,#4444,#979,.T.);
#5272=EDGE_CURVE('',#4444,#4446,#983,.T.);
#5274=EDGE_CURVE('',#4446,#4448,#988,.T.);
#5276=EDGE_CURVE('',#4448,#4464,#992,.T.);
#5294=EDGE_CURVE('',#4467,#4451,#1022,.T.);
#5296=EDGE_CURVE('',#4439,#4451,#1046,.T.);
#5315=EDGE_CURVE('',#4460,#4468,#996,.T.);
#5317=EDGE_CURVE('',#4458,#4460,#1001,.T.);
#5319=EDGE_CURVE('',#4456,#4458,#1005,.T.);
#5321=EDGE_CURVE('',#4454,#4456,#1009,.T.);
#5323=EDGE_CURVE('',#4452,#4454,#1013,.T.);
#5325=EDGE_CURVE('',#4451,#4452,#1018,.T.);
#5345=EDGE_CURVE('',#4448,#4460,#1026,.T.);
#5364=EDGE_CURVE('',#4446,#4458,#1030,.T.);
#5384=EDGE_CURVE('',#4444,#4456,#1034,.T.);
#5404=EDGE_CURVE('',#4442,#4454,#1038,.T.);
#5424=EDGE_CURVE('',#4440,#4452,#1042,.T.);
#5462=EDGE_CURVE('',#4494,#4471,#1050,.T.);
#5465=EDGE_CURVE('',#4480,#4496,#1054,.T.);
#5467=EDGE_CURVE('',#4478,#4480,#1059,.T.);
#5469=EDGE_CURVE('',#4476,#4478,#1063,.T.);
#5471=EDGE_CURVE('',#4474,#4476,#1067,.T.);
#5473=EDGE_CURVE('',#4472,#4474,#1071,.T.);
#5475=EDGE_CURVE('',#4471,#4472,#1076,.T.);
#5493=EDGE_CURVE('',#4471,#4483,#1080,.T.);
#5495=EDGE_CURVE('',#4498,#4483,#1104,.T.);
#5514=EDGE_CURVE('',#4472,#4484,#1084,.T.);
#5516=EDGE_CURVE('',#4483,#4484,#1109,.T.);
#5535=EDGE_CURVE('',#4474,#4486,#1088,.T.);
#5537=EDGE_CURVE('',#4484,#4486,#1113,.T.);
#5556=EDGE_CURVE('',#4476,#4488,#1092,.T.);
#5558=EDGE_CURVE('',#4486,#4488,#1117,.T.);
#5577=EDGE_CURVE('',#4478,#4490,#1096,.T.);
#5579=EDGE_CURVE('',#4488,#4490,#1121,.T.);
#5598=EDGE_CURVE('',#4480,#4492,#1100,.T.);
#5600=EDGE_CURVE('',#4490,#4492,#1126,.T.);
#5620=EDGE_CURVE('',#4492,#4500,#1130,.T.);
#5680=EDGE_CURVE('',#4412,#4411,#1147,.T.);
#5682=EDGE_CURVE('',#4403,#4411,#1180,.T.);
#5685=EDGE_CURVE('',#4404,#4412,#1151,.T.);
#5702=EDGE_CURVE('',#4408,#4407,#1166,.T.);
#5704=EDGE_CURVE('',#4407,#4411,#1171,.T.);
#5707=EDGE_CURVE('',#4408,#4412,#1156,.T.);
#5724=EDGE_CURVE('',#4407,#4408,#1161,.T.);
#5744=EDGE_CURVE('',#4411,#4412,#1176,.T.);
#5782=EDGE_CURVE('',#3791,#3776,#1184,.T.);
#5784=EDGE_CURVE('',#3776,#3778,#1248,.T.);
#5786=EDGE_CURVE('',#3792,#3778,#1216,.T.);
#5804=EDGE_CURVE('',#3804,#3788,#1188,.T.);
#5806=EDGE_CURVE('',#3788,#3783,#1256,.T.);
#5808=EDGE_CURVE('',#3799,#3783,#1232,.T.);
#5811=EDGE_CURVE('',#3556,#3532,#1192,.T.);
#5813=EDGE_CURVE('',#3556,#3560,#1196,.T.);
#5815=EDGE_CURVE('',#3560,#3528,#1200,.T.);
#5818=EDGE_CURVE('',#3796,#3775,#1204,.T.);
#5820=EDGE_CURVE('',#3775,#3776,#1236,.T.);
#5839=EDGE_CURVE('',#3803,#3786,#1208,.T.);
#5841=EDGE_CURVE('',#3786,#3788,#1260,.T.);
#5860=EDGE_CURVE('',#3800,#3784,#1212,.T.);
#5862=EDGE_CURVE('',#3784,#3786,#1264,.T.);
#5867=EDGE_CURVE('',#3778,#3780,#1244,.T.);
#5869=EDGE_CURVE('',#3795,#3780,#1268,.T.);
#5872=EDGE_CURVE('',#3672,#3748,#1220,.T.);
#5874=EDGE_CURVE('',#3748,#3752,#1224,.T.);
#5876=EDGE_CURVE('',#3676,#3752,#1228,.T.);
#5895=EDGE_CURVE('',#3783,#3784,#1252,.T.);
#5914=EDGE_CURVE('',#3780,#3775,#1240,.T.);
#5971=EDGE_CURVE('',#3744,#3748,#1273,.T.);
#5975=EDGE_CURVE('',#3659,#3744,#1479,.T.);
#6004=EDGE_CURVE('',#3742,#3746,#1324,.T.);
#6006=EDGE_CURVE('',#3746,#3748,#1728,.T.);
#6009=EDGE_CURVE('',#3742,#3744,#1283,.T.);
#6026=EDGE_CURVE('',#3679,#3680,#1288,.T.);
#6028=EDGE_CURVE('',#3770,#3679,#1292,.T.);
#6030=EDGE_CURVE('',#3766,#3770,#1297,.T.);
#6032=EDGE_CURVE('',#3762,#3766,#1301,.T.);
#6034=EDGE_CURVE('',#3758,#3762,#1306,.T.);
#6036=EDGE_CURVE('',#3754,#3758,#1310,.T.);
#6038=EDGE_CURVE('',#3750,#3754,#1315,.T.);
#6040=EDGE_CURVE('',#3746,#3750,#1319,.T.);
#6043=EDGE_CURVE('',#3738,#3742,#1328,.T.);
#6045=EDGE_CURVE('',#3734,#3738,#1333,.T.);
#6047=EDGE_CURVE('',#3730,#3734,#1337,.T.);
#6049=EDGE_CURVE('',#3726,#3730,#1342,.T.);
#6051=EDGE_CURVE('',#3722,#3726,#1346,.T.);
#6053=EDGE_CURVE('',#3718,#3722,#1351,.T.);
#6055=EDGE_CURVE('',#3714,#3718,#1355,.T.);
#6057=EDGE_CURVE('',#3710,#3714,#1360,.T.);
#6059=EDGE_CURVE('',#3706,#3710,#1364,.T.);
#6061=EDGE_CURVE('',#3702,#3706,#1369,.T.);
#6063=EDGE_CURVE('',#3698,#3702,#1373,.T.);
#6065=EDGE_CURVE('',#3694,#3698,#1378,.T.);
#6067=EDGE_CURVE('',#3690,#3694,#1382,.T.);
#6069=EDGE_CURVE('',#3686,#3690,#1387,.T.);
#6071=EDGE_CURVE('',#3680,#3686,#1391,.T.);
#6101=EDGE_CURVE('',#3680,#3684,#1401,.T.);
#6103=EDGE_CURVE('',#3683,#3684,#1627,.T.);
#6105=EDGE_CURVE('',#3679,#3683,#1396,.T.);
#6123=EDGE_CURVE('',#3686,#3688,#1406,.T.);
#6125=EDGE_CURVE('',#3684,#3688,#1614,.T.);
#6156=EDGE_CURVE('',#3690,#3692,#1411,.T.);
#6158=EDGE_CURVE('',#3688,#3692,#1605,.T.);
#6177=EDGE_CURVE('',#3694,#3696,#1416,.T.);
#6179=EDGE_CURVE('',#3692,#3696,#1592,.T.);
#6198=EDGE_CURVE('',#3698,#3700,#1421,.T.);
#6200=EDGE_CURVE('',#3696,#3700,#1588,.T.);
#6219=EDGE_CURVE('',#3702,#3704,#1426,.T.);
#6221=EDGE_CURVE('',#3700,#3704,#1575,.T.);
#6240=EDGE_CURVE('',#3706,#3708,#1431,.T.);
#6242=EDGE_CURVE('',#3704,#3708,#1571,.T.);
#6261=EDGE_CURVE('',#3710,#3712,#1436,.T.);
#6263=EDGE_CURVE('',#3708,#3712,#1558,.T.);
#6282=EDGE_CURVE('',#3714,#3716,#1441,.T.);
#6284=EDGE_CURVE('',#3712,#3716,#1549,.T.);
#6303=EDGE_CURVE('',#3718,#3720,#1446,.T.);
#6305=EDGE_CURVE('',#3716,#3720,#1536,.T.);
#6336=EDGE_CURVE('',#3722,#3724,#1451,.T.);
#6338=EDGE_CURVE('',#3720,#3724,#1527,.T.);
#6357=EDGE_CURVE('',#3726,#3728,#1456,.T.);
#6359=EDGE_CURVE('',#3724,#3728,#1514,.T.);
#6378=EDGE_CURVE('',#3730,#3732,#1461,.T.);
#6380=EDGE_CURVE('',#3728,#3732,#1510,.T.);
#6399=EDGE_CURVE('',#3734,#3736,#1466,.T.);
#6401=EDGE_CURVE('',#3732,#3736,#1497,.T.);
#6420=EDGE_CURVE('',#3738,#3740,#1471,.T.);
#6422=EDGE_CURVE('',#3736,#3740,#1488,.T.);
#6442=EDGE_CURVE('',#3740,#3744,#1475,.T.);
#6463=EDGE_CURVE('',#3660,#3740,#1483,.T.);
#6483=EDGE_CURVE('',#3670,#3736,#1501,.T.);
#6503=EDGE_CURVE('',#3732,#3635,#1505,.T.);
#6523=EDGE_CURVE('',#3728,#3636,#1518,.T.);
#6543=EDGE_CURVE('',#3668,#3724,#1522,.T.);
#6563=EDGE_CURVE('',#3647,#3720,#1540,.T.);
#6583=EDGE_CURVE('',#3648,#3716,#1544,.T.);
#6603=EDGE_CURVE('',#3666,#3712,#1562,.T.);
#6623=EDGE_CURVE('',#3708,#3643,#1566,.T.);
#6643=EDGE_CURVE('',#3704,#3644,#1579,.T.);
#6663=EDGE_CURVE('',#3700,#3639,#1583,.T.);
#6683=EDGE_CURVE('',#3696,#3640,#1596,.T.);
#6703=EDGE_CURVE('',#3664,#3692,#1600,.T.);
#6723=EDGE_CURVE('',#3651,#3688,#1618,.T.);
#6743=EDGE_CURVE('',#3652,#3684,#1622,.T.);
#6763=EDGE_CURVE('',#3662,#3683,#1640,.T.);
#6780=EDGE_CURVE('',#3772,#3683,#1636,.T.);
#6784=EDGE_CURVE('',#3772,#3631,#1644,.T.);
#6804=EDGE_CURVE('',#3770,#3772,#1649,.T.);
#6823=EDGE_CURVE('',#3768,#3772,#1659,.T.);
#6825=EDGE_CURVE('',#3766,#3768,#1654,.T.);
#6845=EDGE_CURVE('',#3768,#3632,#1667,.T.);
#6862=EDGE_CURVE('',#3764,#3768,#1663,.T.);
#6866=EDGE_CURVE('',#3674,#3764,#1671,.T.);
#6886=EDGE_CURVE('',#3762,#3764,#1676,.T.);
#6905=EDGE_CURVE('',#3760,#3764,#1686,.T.);
#6907=EDGE_CURVE('',#3758,#3760,#1681,.T.);
#6927=EDGE_CURVE('',#3655,#3760,#1699,.T.);
#6944=EDGE_CURVE('',#3756,#3760,#1695,.T.);
#6948=EDGE_CURVE('',#3656,#3756,#1703,.T.);
#6968=EDGE_CURVE('',#3754,#3756,#1708,.T.);
#6987=EDGE_CURVE('',#3752,#3756,#1718,.T.);
#6989=EDGE_CURVE('',#3750,#3752,#1713,.T.);
#7044=EDGE_CURVE('',#3552,#3556,#1733,.T.);
#7048=EDGE_CURVE('',#3552,#3512,#1879,.T.);
#7065=EDGE_CURVE('',#3550,#3554,#1838,.T.);
#7067=EDGE_CURVE('',#3554,#3556,#2188,.T.);
#7070=EDGE_CURVE('',#3550,#3552,#1743,.T.);
#7087=EDGE_CURVE('',#3535,#3536,#1748,.T.);
#7089=EDGE_CURVE('',#3626,#3535,#1752,.T.);
#7091=EDGE_CURVE('',#3622,#3626,#1757,.T.);
#7093=EDGE_CURVE('',#3618,#3622,#1761,.T.);
#7095=EDGE_CURVE('',#3614,#3618,#1766,.T.);
#7097=EDGE_CURVE('',#3610,#3614,#1770,.T.);
#7099=EDGE_CURVE('',#3606,#3610,#1775,.T.);
#7101=EDGE_CURVE('',#3602,#3606,#1779,.T.);
#7103=EDGE_CURVE('',#3598,#3602,#1784,.T.);
#7105=EDGE_CURVE('',#3594,#3598,#1788,.T.);
#7107=EDGE_CURVE('',#3590,#3594,#1793,.T.);
#7109=EDGE_CURVE('',#3586,#3590,#1797,.T.);
#7111=EDGE_CURVE('',#3582,#3586,#1802,.T.);
#7113=EDGE_CURVE('',#3578,#3582,#1806,.T.);
#7115=EDGE_CURVE('',#3574,#3578,#1811,.T.);
#7117=EDGE_CURVE('',#3570,#3574,#1815,.T.);
#7119=EDGE_CURVE('',#3566,#3570,#1820,.T.);
#7121=EDGE_CURVE('',#3562,#3566,#1824,.T.);
#7123=EDGE_CURVE('',#3558,#3562,#1829,.T.);
#7125=EDGE_CURVE('',#3554,#3558,#1833,.T.);
#7128=EDGE_CURVE('',#3546,#3550,#1842,.T.);
#7130=EDGE_CURVE('',#3542,#3546,#1847,.T.);
#7132=EDGE_CURVE('',#3536,#3542,#1851,.T.);
#7150=EDGE_CURVE('',#3536,#3540,#1861,.T.);
#7152=EDGE_CURVE('',#3539,#3540,#1910,.T.);
#7154=EDGE_CURVE('',#3535,#3539,#1856,.T.);
#7172=EDGE_CURVE('',#3542,#3544,#1866,.T.);
#7174=EDGE_CURVE('',#3540,#3544,#1897,.T.);
#7205=EDGE_CURVE('',#3546,#3548,#1871,.T.);
#7207=EDGE_CURVE('',#3544,#3548,#1888,.T.);
#7227=EDGE_CURVE('',#3548,#3552,#1875,.T.);
#7248=EDGE_CURVE('',#3548,#3511,#1883,.T.);
#7268=EDGE_CURVE('',#3544,#3530,#1901,.T.);
#7288=EDGE_CURVE('',#3487,#3540,#1905,.T.);
#7308=EDGE_CURVE('',#3488,#3539,#1918,.T.);
#7325=EDGE_CURVE('',#3628,#3539,#1914,.T.);
#7329=EDGE_CURVE('',#3628,#3518,#1922,.T.);
#7349=EDGE_CURVE('',#3626,#3628,#1927,.T.);
#7380=EDGE_CURVE('',#3624,#3628,#1937,.T.);
#7382=EDGE_CURVE('',#3622,#3624,#1932,.T.);
#7402=EDGE_CURVE('',#3624,#3508,#1950,.T.);
#7419=EDGE_CURVE('',#3620,#3624,#1946,.T.);
#7423=EDGE_CURVE('',#3620,#3507,#1954,.T.);
#7443=EDGE_CURVE('',#3618,#3620,#1959,.T.);
#7474=EDGE_CURVE('',#3616,#3620,#1969,.T.);
#7476=EDGE_CURVE('',#3614,#3616,#1964,.T.);
#7496=EDGE_CURVE('',#3616,#3520,#1982,.T.);
#7513=EDGE_CURVE('',#3612,#3616,#1978,.T.);
#7517=EDGE_CURVE('',#3495,#3612,#1986,.T.);
#7537=EDGE_CURVE('',#3610,#3612,#1991,.T.);
#7556=EDGE_CURVE('',#3608,#3612,#2001,.T.);
#7558=EDGE_CURVE('',#3606,#3608,#1996,.T.);
#7578=EDGE_CURVE('',#3496,#3608,#2009,.T.);
#7595=EDGE_CURVE('',#3604,#3608,#2005,.T.);
#7599=EDGE_CURVE('',#3499,#3604,#2013,.T.);
#7619=EDGE_CURVE('',#3602,#3604,#2018,.T.);
#7638=EDGE_CURVE('',#3600,#3604,#2028,.T.);
#7640=EDGE_CURVE('',#3598,#3600,#2023,.T.);
#7660=EDGE_CURVE('',#3500,#3600,#2036,.T.);
#7677=EDGE_CURVE('',#3596,#3600,#2032,.T.);
#7681=EDGE_CURVE('',#3596,#3522,#2040,.T.);
#7701=EDGE_CURVE('',#3594,#3596,#2045,.T.);
#7720=EDGE_CURVE('',#3592,#3596,#2055,.T.);
#7722=EDGE_CURVE('',#3590,#3592,#2050,.T.);
#7742=EDGE_CURVE('',#3592,#3504,#2068,.T.);
#7759=EDGE_CURVE('',#3588,#3592,#2064,.T.);
#7763=EDGE_CURVE('',#3588,#3503,#2072,.T.);
#7783=EDGE_CURVE('',#3586,#3588,#2077,.T.);
#7814=EDGE_CURVE('',#3584,#3588,#2087,.T.);
#7816=EDGE_CURVE('',#3582,#3584,#2082,.T.);
#7836=EDGE_CURVE('',#3584,#3524,#2100,.T.);
#7853=EDGE_CURVE('',#3580,#3584,#2096,.T.);
#7857=EDGE_CURVE('',#3491,#3580,#2104,.T.);
#7877=EDGE_CURVE('',#3578,#3580,#2109,.T.);
#7896=EDGE_CURVE('',#3576,#3580,#2119,.T.);
#7898=EDGE_CURVE('',#3574,#3576,#2114,.T.);
#7918=EDGE_CURVE('',#3492,#3576,#2127,.T.);
#7935=EDGE_CURVE('',#3572,#3576,#2123,.T.);
#7939=EDGE_CURVE('',#3572,#3526,#2131,.T.);
#7959=EDGE_CURVE('',#3570,#3572,#2136,.T.);
#7978=EDGE_CURVE('',#3568,#3572,#2146,.T.);
#7980=EDGE_CURVE('',#3566,#3568,#2141,.T.);
#8000=EDGE_CURVE('',#3568,#3516,#2159,.T.);
#8017=EDGE_CURVE('',#3564,#3568,#2155,.T.);
#8021=EDGE_CURVE('',#3564,#3515,#2163,.T.);
#8041=EDGE_CURVE('',#3562,#3564,#2168,.T.);
#8072=EDGE_CURVE('',#3560,#3564,#2178,.T.);
#8074=EDGE_CURVE('',#3558,#3560,#2173,.T.);
#8130=EDGE_CURVE('',#3915,#3807,#2192,.T.);
#8132=EDGE_CURVE('',#3807,#3808,#2352,.T.);
#8134=EDGE_CURVE('',#3916,#3808,#2348,.T.);
#8152=EDGE_CURVE('',#3992,#3884,#2196,.T.);
#8154=EDGE_CURVE('',#3884,#3807,#2356,.T.);
#8173=EDGE_CURVE('',#3990,#3882,#2200,.T.);
#8175=EDGE_CURVE('',#3882,#3884,#2360,.T.);
#8194=EDGE_CURVE('',#3988,#3880,#2204,.T.);
#8196=EDGE_CURVE('',#3880,#3882,#2364,.T.);
#8215=EDGE_CURVE('',#3986,#3878,#2208,.T.);
#8217=EDGE_CURVE('',#3878,#3880,#2368,.T.);
#8236=EDGE_CURVE('',#3984,#3876,#2212,.T.);
#8238=EDGE_CURVE('',#3876,#3878,#2372,.T.);
#8257=EDGE_CURVE('',#3982,#3874,#2216,.T.);
#8259=EDGE_CURVE('',#3874,#3876,#2376,.T.);
#8278=EDGE_CURVE('',#3980,#3872,#2220,.T.);
#8280=EDGE_CURVE('',#3872,#3874,#2380,.T.);
#8299=EDGE_CURVE('',#3978,#3870,#2224,.T.);
#8301=EDGE_CURVE('',#3870,#3872,#2384,.T.);
#8320=EDGE_CURVE('',#3976,#3868,#2228,.T.);
#8322=EDGE_CURVE('',#3868,#3870,#2388,.T.);
#8341=EDGE_CURVE('',#3974,#3866,#2232,.T.);
#8343=EDGE_CURVE('',#3866,#3868,#2392,.T.);
#8362=EDGE_CURVE('',#3972,#3864,#2236,.T.);
#8364=EDGE_CURVE('',#3864,#3866,#2396,.T.);
#8383=EDGE_CURVE('',#3970,#3862,#2240,.T.);
#8385=EDGE_CURVE('',#3862,#3864,#2400,.T.);
#8404=EDGE_CURVE('',#3968,#3860,#2244,.T.);
#8406=EDGE_CURVE('',#3860,#3862,#2404,.T.);
#8425=EDGE_CURVE('',#3966,#3858,#2248,.T.);
#8427=EDGE_CURVE('',#3858,#3860,#2408,.T.);
#8446=EDGE_CURVE('',#3964,#3856,#2252,.T.);
#8448=EDGE_CURVE('',#3856,#3858,#2412,.T.);
#8467=EDGE_CURVE('',#3962,#3854,#2256,.T.);
#8469=EDGE_CURVE('',#3854,#3856,#2416,.T.);
#8488=EDGE_CURVE('',#3960,#3852,#2260,.T.);
#8490=EDGE_CURVE('',#3852,#3854,#2420,.T.);
#8509=EDGE_CURVE('',#3958,#3850,#2264,.T.);
#8511=EDGE_CURVE('',#3850,#3852,#2424,.T.);
#8530=EDGE_CURVE('',#3956,#3848,#2268,.T.);
#8532=EDGE_CURVE('',#3848,#3850,#2428,.T.);
#8551=EDGE_CURVE('',#3954,#3846,#2272,.T.);
#8553=EDGE_CURVE('',#3846,#3848,#2432,.T.);
#8572=EDGE_CURVE('',#3952,#3844,#2276,.T.);
#8574=EDGE_CURVE('',#3844,#3846,#2436,.T.);
#8593=EDGE_CURVE('',#3950,#3842,#2280,.T.);
#8595=EDGE_CURVE('',#3842,#3844,#2440,.T.);
#8614=EDGE_CURVE('',#3948,#3840,#2284,.T.);
#8616=EDGE_CURVE('',#3840,#3842,#2444,.T.);
#8635=EDGE_CURVE('',#3946,#3838,#2288,.T.);
#8637=EDGE_CURVE('',#3838,#3840,#2448,.T.);
#8656=EDGE_CURVE('',#3944,#3836,#2292,.T.);
#8658=EDGE_CURVE('',#3836,#3838,#2452,.T.);
#8677=EDGE_CURVE('',#3942,#3834,#2296,.T.);
#8679=EDGE_CURVE('',#3834,#3836,#2456,.T.);
#8698=EDGE_CURVE('',#3940,#3832,#2300,.T.);
#8700=EDGE_CURVE('',#3832,#3834,#2460,.T.);
#8719=EDGE_CURVE('',#3938,#3830,#2304,.T.);
#8721=EDGE_CURVE('',#3830,#3832,#2464,.T.);
#8740=EDGE_CURVE('',#3936,#3828,#2308,.T.);
#8742=EDGE_CURVE('',#3828,#3830,#2468,.T.);
#8761=EDGE_CURVE('',#3934,#3826,#2312,.T.);
#8763=EDGE_CURVE('',#3826,#3828,#2472,.T.);
#8782=EDGE_CURVE('',#3932,#3824,#2316,.T.);
#8784=EDGE_CURVE('',#3824,#3826,#2476,.T.);
#8803=EDGE_CURVE('',#3930,#3822,#2320,.T.);
#8805=EDGE_CURVE('',#3822,#3824,#2480,.T.);
#8824=EDGE_CURVE('',#3928,#3820,#2324,.T.);
#8826=EDGE_CURVE('',#3820,#3822,#2484,.T.);
#8845=EDGE_CURVE('',#3926,#3818,#2328,.T.);
#8847=EDGE_CURVE('',#3818,#3820,#2488,.T.);
#8866=EDGE_CURVE('',#3924,#3816,#2332,.T.);
#8868=EDGE_CURVE('',#3816,#3818,#2492,.T.);
#8887=EDGE_CURVE('',#3922,#3814,#2336,.T.);
#8889=EDGE_CURVE('',#3814,#3816,#2496,.T.);
#8908=EDGE_CURVE('',#3920,#3812,#2340,.T.);
#8910=EDGE_CURVE('',#3812,#3814,#2500,.T.);
#8929=EDGE_CURVE('',#3918,#3810,#2344,.T.);
#8931=EDGE_CURVE('',#3810,#3812,#2504,.T.);
#8951=EDGE_CURVE('',#3808,#3810,#2508,.T.);
#9024=EDGE_CURVE('',#3887,#3888,#2512,.T.);
#9026=EDGE_CURVE('',#3906,#3887,#2516,.T.);
#9028=EDGE_CURVE('',#3904,#3906,#2520,.T.);
#9030=EDGE_CURVE('',#3902,#3904,#2524,.T.);
#9032=EDGE_CURVE('',#3900,#3902,#2528,.T.);
#9034=EDGE_CURVE('',#3898,#3900,#2532,.T.);
#9036=EDGE_CURVE('',#3896,#3898,#2536,.T.);
#9038=EDGE_CURVE('',#3894,#3896,#2540,.T.);
#9040=EDGE_CURVE('',#3892,#3894,#2544,.T.);
#9042=EDGE_CURVE('',#3890,#3892,#2548,.T.);
#9044=EDGE_CURVE('',#3888,#3890,#2552,.T.);
#9048=EDGE_CURVE('',#3909,#3910,#2556,.T.);
#9050=EDGE_CURVE('',#3912,#3909,#2560,.T.);
#9052=EDGE_CURVE('',#3910,#3912,#2564,.T.);
#9070=EDGE_CURVE('',#3995,#3887,#2568,.T.);
#9073=EDGE_CURVE('',#3996,#3888,#2608,.T.);
#9091=EDGE_CURVE('',#4014,#3906,#2572,.T.);
#9111=EDGE_CURVE('',#4012,#3904,#2576,.T.);
#9131=EDGE_CURVE('',#4010,#3902,#2580,.T.);
#9151=EDGE_CURVE('',#4008,#3900,#2584,.T.);
#9171=EDGE_CURVE('',#4006,#3898,#2588,.T.);
#9191=EDGE_CURVE('',#4004,#3896,#2592,.T.);
#9211=EDGE_CURVE('',#4002,#3894,#2596,.T.);
#9231=EDGE_CURVE('',#4000,#3892,#2600,.T.);
#9251=EDGE_CURVE('',#3998,#3890,#2604,.T.);
#9290=EDGE_CURVE('',#4017,#3909,#2612,.T.);
#9293=EDGE_CURVE('',#4018,#3910,#2620,.T.);
#9311=EDGE_CURVE('',#4020,#3912,#2616,.T.);
#9349=EDGE_CURVE('',#4418,#4420,#2625,.T.);
#9351=EDGE_CURVE('',#4418,#3480,#2629,.T.);
#9354=EDGE_CURVE('',#3479,#4420,#2633,.T.);
#9371=EDGE_CURVE('',#4415,#4416,#2638,.T.);
#9373=EDGE_CURVE('',#4418,#4416,#2654,.T.);
#9376=EDGE_CURVE('',#4420,#4415,#2650,.T.);
#9394=EDGE_CURVE('',#3483,#4415,#2642,.T.);
#9397=EDGE_CURVE('',#4416,#3484,#2646,.T.);
#9452=EDGE_CURVE('',#4431,#4432,#2659,.T.);
#9454=EDGE_CURVE('',#4431,#4424,#2663,.T.);
#9457=EDGE_CURVE('',#4423,#4432,#2667,.T.);
#9475=EDGE_CURVE('',#4434,#4432,#2671,.T.);
#9477=EDGE_CURVE('',#4434,#4436,#2676,.T.);
#9479=EDGE_CURVE('',#4436,#4431,#2688,.T.);
#9499=EDGE_CURVE('',#4427,#4434,#2680,.T.);
#9519=EDGE_CURVE('',#4436,#4428,#2684,.T.);
#9556=EDGE_CURVE('',#4213,#4023,#2692,.T.);
#9558=EDGE_CURVE('',#4023,#4024,#2712,.T.);
#9577=EDGE_CURVE('',#4222,#4032,#2696,.T.);
#9579=EDGE_CURVE('',#4032,#4023,#2716,.T.);
#9598=EDGE_CURVE('',#4220,#4030,#2700,.T.);
#9600=EDGE_CURVE('',#4030,#4032,#2720,.T.);
#9619=EDGE_CURVE('',#4218,#4028,#2704,.T.);
#9621=EDGE_CURVE('',#4028,#4030,#2724,.T.);
#9641=EDGE_CURVE('',#4026,#4028,#2728,.T.);
#9680=EDGE_CURVE('',#4035,#4036,#2736,.T.);
#9682=EDGE_CURVE('',#4112,#4035,#2740,.T.);
#9684=EDGE_CURVE('',#4110,#4112,#2744,.T.);
#9686=EDGE_CURVE('',#4108,#4110,#2748,.T.);
#9688=EDGE_CURVE('',#4106,#4108,#2752,.T.);
#9690=EDGE_CURVE('',#4104,#4106,#2756,.T.);
#9692=EDGE_CURVE('',#4102,#4104,#2760,.T.);
#9694=EDGE_CURVE('',#4100,#4102,#2764,.T.);
#9696=EDGE_CURVE('',#4098,#4100,#2768,.T.);
#9698=EDGE_CURVE('',#4096,#4098,#2772,.T.);
#9700=EDGE_CURVE('',#4094,#4096,#2776,.T.);
#9702=EDGE_CURVE('',#4092,#4094,#2780,.T.);
#9704=EDGE_CURVE('',#4090,#4092,#2784,.T.);
#9706=EDGE_CURVE('',#4088,#4090,#2788,.T.);
#9708=EDGE_CURVE('',#4086,#4088,#2792,.T.);
#9710=EDGE_CURVE('',#4084,#4086,#2796,.T.);
#9712=EDGE_CURVE('',#4082,#4084,#2800,.T.);
#9714=EDGE_CURVE('',#4080,#4082,#2804,.T.);
#9716=EDGE_CURVE('',#4078,#4080,#2808,.T.);
#9718=EDGE_CURVE('',#4076,#4078,#2812,.T.);
#9720=EDGE_CURVE('',#4074,#4076,#2816,.T.);
#9722=EDGE_CURVE('',#4072,#4074,#2820,.T.);
#9724=EDGE_CURVE('',#4070,#4072,#2824,.T.);
#9726=EDGE_CURVE('',#4068,#4070,#2828,.T.);
#9728=EDGE_CURVE('',#4066,#4068,#2832,.T.);
#9730=EDGE_CURVE('',#4064,#4066,#2836,.T.);
#9732=EDGE_CURVE('',#4062,#4064,#2840,.T.);
#9734=EDGE_CURVE('',#4060,#4062,#2844,.T.);
#9736=EDGE_CURVE('',#4058,#4060,#2848,.T.);
#9738=EDGE_CURVE('',#4056,#4058,#2852,.T.);
#9740=EDGE_CURVE('',#4054,#4056,#2856,.T.);
#9742=EDGE_CURVE('',#4052,#4054,#2860,.T.);
#9744=EDGE_CURVE('',#4050,#4052,#2864,.T.);
#9746=EDGE_CURVE('',#4048,#4050,#2868,.T.);
#9748=EDGE_CURVE('',#4046,#4048,#2872,.T.);
#9750=EDGE_CURVE('',#4044,#4046,#2876,.T.);
#9752=EDGE_CURVE('',#4042,#4044,#2880,.T.);
#9754=EDGE_CURVE('',#4040,#4042,#2884,.T.);
#9756=EDGE_CURVE('',#4038,#4040,#2888,.T.);
#9758=EDGE_CURVE('',#4036,#4038,#2892,.T.);
#9775=EDGE_CURVE('',#4115,#4116,#2896,.T.);
#9777=EDGE_CURVE('',#4136,#4115,#2900,.T.);
#9779=EDGE_CURVE('',#4134,#4136,#2904,.T.);
#9781=EDGE_CURVE('',#4132,#4134,#2908,.T.);
#9783=EDGE_CURVE('',#4130,#4132,#2912,.T.);
#9785=EDGE_CURVE('',#4128,#4130,#2916,.T.);
#9787=EDGE_CURVE('',#4126,#4128,#2920,.T.);
#9789=EDGE_CURVE('',#4124,#4126,#2924,.T.);
#9791=EDGE_CURVE('',#4122,#4124,#2928,.T.);
#9793=EDGE_CURVE('',#4120,#4122,#2932,.T.);
#9795=EDGE_CURVE('',#4118,#4120,#2936,.T.);
#9797=EDGE_CURVE('',#4116,#4118,#2940,.T.);
#9814=EDGE_CURVE('',#4139,#4140,#2944,.T.);
#9816=EDGE_CURVE('',#4164,#4139,#2948,.T.);
#9818=EDGE_CURVE('',#4162,#4164,#2952,.T.);
#9820=EDGE_CURVE('',#4160,#4162,#2956,.T.);
#9822=EDGE_CURVE('',#4158,#4160,#2960,.T.);
#9824=EDGE_CURVE('',#4156,#4158,#2964,.T.);
#9826=EDGE_CURVE('',#4154,#4156,#2968,.T.);
#9828=EDGE_CURVE('',#4152,#4154,#2972,.T.);
#9830=EDGE_CURVE('',#4150,#4152,#2976,.T.);
#9832=EDGE_CURVE('',#4148,#4150,#2980,.T.);
#9834=EDGE_CURVE('',#4146,#4148,#2984,.T.);
#9836=EDGE_CURVE('',#4144,#4146,#2988,.T.);
#9838=EDGE_CURVE('',#4142,#4144,#2992,.T.);
#9840=EDGE_CURVE('',#4140,#4142,#2996,.T.);
#9844=EDGE_CURVE('',#4167,#4168,#3000,.T.);
#9846=EDGE_CURVE('',#4188,#4167,#3004,.T.);
#9848=EDGE_CURVE('',#4186,#4188,#3008,.T.);
#9850=EDGE_CURVE('',#4184,#4186,#3012,.T.);
#9852=EDGE_CURVE('',#4182,#4184,#3016,.T.);
#9854=EDGE_CURVE('',#4180,#4182,#3020,.T.);
#9856=EDGE_CURVE('',#4178,#4180,#3024,.T.);
#9858=EDGE_CURVE('',#4176,#4178,#3028,.T.);
#9860=EDGE_CURVE('',#4174,#4176,#3032,.T.);
#9862=EDGE_CURVE('',#4172,#4174,#3036,.T.);
#9864=EDGE_CURVE('',#4170,#4172,#3040,.T.);
#9866=EDGE_CURVE('',#4168,#4170,#3044,.T.);
#9883=EDGE_CURVE('',#4191,#4192,#3048,.T.);
#9885=EDGE_CURVE('',#4204,#4191,#3052,.T.);
#9887=EDGE_CURVE('',#4202,#4204,#3056,.T.);
#9889=EDGE_CURVE('',#4200,#4202,#3060,.T.);
#9891=EDGE_CURVE('',#4198,#4200,#3064,.T.);
#9893=EDGE_CURVE('',#4196,#4198,#3068,.T.);
#9895=EDGE_CURVE('',#4194,#4196,#3072,.T.);
#9897=EDGE_CURVE('',#4192,#4194,#3076,.T.);
#9901=EDGE_CURVE('',#4207,#4208,#3080,.T.);
#9903=EDGE_CURVE('',#4210,#4207,#3084,.T.);
#9905=EDGE_CURVE('',#4208,#4210,#3088,.T.);
#9923=EDGE_CURVE('',#4225,#4035,#3092,.T.);
#9926=EDGE_CURVE('',#4226,#4036,#3248,.T.);
#9944=EDGE_CURVE('',#4302,#4112,#3096,.T.);
#9964=EDGE_CURVE('',#4300,#4110,#3100,.T.);
#9984=EDGE_CURVE('',#4298,#4108,#3104,.T.);
#10004=EDGE_CURVE('',#4296,#4106,#3108,.T.);
#10024=EDGE_CURVE('',#4294,#4104,#3112,.T.);
#10044=EDGE_CURVE('',#4292,#4102,#3116,.T.);
#10064=EDGE_CURVE('',#4290,#4100,#3120,.T.);
#10084=EDGE_CURVE('',#4288,#4098,#3124,.T.);
#10104=EDGE_CURVE('',#4286,#4096,#3128,.T.);
#10124=EDGE_CURVE('',#4284,#4094,#3132,.T.);
#10144=EDGE_CURVE('',#4282,#4092,#3136,.T.);
#10164=EDGE_CURVE('',#4280,#4090,#3140,.T.);
#10184=EDGE_CURVE('',#4278,#4088,#3144,.T.);
#10204=EDGE_CURVE('',#4276,#4086,#3148,.T.);
#10224=EDGE_CURVE('',#4274,#4084,#3152,.T.);
#10244=EDGE_CURVE('',#4272,#4082,#3156,.T.);
#10264=EDGE_CURVE('',#4270,#4080,#3160,.T.);
#10284=EDGE_CURVE('',#4268,#4078,#3164,.T.);
#10304=EDGE_CURVE('',#4266,#4076,#3168,.T.);
#10324=EDGE_CURVE('',#4264,#4074,#3172,.T.);
#10344=EDGE_CURVE('',#4262,#4072,#3176,.T.);
#10364=EDGE_CURVE('',#4260,#4070,#3180,.T.);
#10384=EDGE_CURVE('',#4258,#4068,#3184,.T.);
#10404=EDGE_CURVE('',#4256,#4066,#3188,.T.);
#10424=EDGE_CURVE('',#4254,#4064,#3192,.T.);
#10444=EDGE_CURVE('',#4252,#4062,#3196,.T.);
#10464=EDGE_CURVE('',#4250,#4060,#3200,.T.);
#10484=EDGE_CURVE('',#4248,#4058,#3204,.T.);
#10504=EDGE_CURVE('',#4246,#4056,#3208,.T.);
#10524=EDGE_CURVE('',#4244,#4054,#3212,.T.);
#10544=EDGE_CURVE('',#4242,#4052,#3216,.T.);
#10564=EDGE_CURVE('',#4240,#4050,#3220,.T.);
#10584=EDGE_CURVE('',#4238,#4048,#3224,.T.);
#10604=EDGE_CURVE('',#4236,#4046,#3228,.T.);
#10624=EDGE_CURVE('',#4234,#4044,#3232,.T.);
#10644=EDGE_CURVE('',#4232,#4042,#3236,.T.);
#10664=EDGE_CURVE('',#4230,#4040,#3240,.T.);
#10684=EDGE_CURVE('',#4228,#4038,#3244,.T.);
#10723=EDGE_CURVE('',#4305,#4115,#3252,.T.);
#10726=EDGE_CURVE('',#4306,#4116,#3296,.T.);
#10744=EDGE_CURVE('',#4326,#4136,#3256,.T.);
#10764=EDGE_CURVE('',#4324,#4134,#3260,.T.);
#10784=EDGE_CURVE('',#4322,#4132,#3264,.T.);
#10804=EDGE_CURVE('',#4320,#4130,#3268,.T.);
#10824=EDGE_CURVE('',#4318,#4128,#3272,.T.);
#10844=EDGE_CURVE('',#4316,#4126,#3276,.T.);
#10864=EDGE_CURVE('',#4314,#4124,#3280,.T.);
#10884=EDGE_CURVE('',#4312,#4122,#3284,.T.);
#10904=EDGE_CURVE('',#4310,#4120,#3288,.T.);
#10924=EDGE_CURVE('',#4308,#4118,#3292,.T.);
#10963=EDGE_CURVE('',#4329,#4139,#3300,.T.);
#10966=EDGE_CURVE('',#4330,#4140,#3352,.T.);
#10984=EDGE_CURVE('',#4354,#4164,#3304,.T.);
#11004=EDGE_CURVE('',#4352,#4162,#3308,.T.);
#11024=EDGE_CURVE('',#4350,#4160,#3312,.T.);
#11044=EDGE_CURVE('',#4348,#4158,#3316,.T.);
#11064=EDGE_CURVE('',#4346,#4156,#3320,.T.);
#11084=EDGE_CURVE('',#4344,#4154,#3324,.T.);
#11104=EDGE_CURVE('',#4342,#4152,#3328,.T.);
#11124=EDGE_CURVE('',#4340,#4150,#3332,.T.);
#11144=EDGE_CURVE('',#4338,#4148,#3336,.T.);
#11164=EDGE_CURVE('',#4336,#4146,#3340,.T.);
#11184=EDGE_CURVE('',#4334,#4144,#3344,.T.);
#11204=EDGE_CURVE('',#4332,#4142,#3348,.T.);
#11243=EDGE_CURVE('',#4357,#4167,#3356,.T.);
#11246=EDGE_CURVE('',#4358,#4168,#3400,.T.);
#11264=EDGE_CURVE('',#4378,#4188,#3360,.T.);
#11284=EDGE_CURVE('',#4376,#4186,#3364,.T.);
#11304=EDGE_CURVE('',#4374,#4184,#3368,.T.);
#11324=EDGE_CURVE('',#4372,#4182,#3372,.T.);
#11344=EDGE_CURVE('',#4370,#4180,#3376,.T.);
#11364=EDGE_CURVE('',#4368,#4178,#3380,.T.);
#11384=EDGE_CURVE('',#4366,#4176,#3384,.T.);
#11404=EDGE_CURVE('',#4364,#4174,#3388,.T.);
#11424=EDGE_CURVE('',#4362,#4172,#3392,.T.);
#11444=EDGE_CURVE('',#4360,#4170,#3396,.T.);
#11483=EDGE_CURVE('',#4381,#4191,#3404,.T.);
#11486=EDGE_CURVE('',#4382,#4192,#3432,.T.);
#11504=EDGE_CURVE('',#4394,#4204,#3408,.T.);
#11524=EDGE_CURVE('',#4392,#4202,#3412,.T.);
#11544=EDGE_CURVE('',#4390,#4200,#3416,.T.);
#11564=EDGE_CURVE('',#4388,#4198,#3420,.T.);
#11584=EDGE_CURVE('',#4386,#4196,#3424,.T.);
#11604=EDGE_CURVE('',#4384,#4194,#3428,.T.);
#11643=EDGE_CURVE('',#4397,#4207,#3436,.T.);
#11646=EDGE_CURVE('',#4398,#4208,#3444,.T.);
#11664=EDGE_CURVE('',#4400,#4210,#3440,.T.);
#11703=CIRCLE('',#11702,5.E-1);
#11709=B_SPLINE_CURVE_WITH_KNOTS('',3,(#11704,#11705,#11706,#11707,#11708),
.UNSPECIFIED.,.F.,.F.,(4,1,4),(0.E0,5.E-1,1.E0),.UNSPECIFIED.);
#11719=B_SPLINE_CURVE_WITH_KNOTS('',3,(#11714,#11715,#11716,#11717,#11718),
.UNSPECIFIED.,.F.,.F.,(4,1,4),(0.E0,5.E-1,1.E0),.UNSPECIFIED.);
#11732=CIRCLE('',#11731,8.697483135516E-1);
#11741=CIRCLE('',#11740,2.144794436715E-1);
#11750=CIRCLE('',#11749,8.644288400066E-1);
#11759=CIRCLE('',#11758,6.144288400066E-1);
#11768=CIRCLE('',#11767,4.644794436715E-1);
#11777=CIRCLE('',#11776,6.197483135516E-1);
#11798=CIRCLE('',#11797,2.5E-1);
#11807=CIRCLE('',#11806,2.5E-1);
#11832=CIRCLE('',#11831,2.5E-1);
#11845=CIRCLE('',#11844,2.5E-1);
#11854=CIRCLE('',#11853,2.5E-1);
#11871=CIRCLE('',#11870,2.5E-1);
#11908=CIRCLE('',#11907,2.5E-1);
#11913=CIRCLE('',#11912,2.5E-1);
#11926=CIRCLE('',#11925,6.197483135516E-1);
#11935=CIRCLE('',#11934,4.644794436715E-1);
#11944=CIRCLE('',#11943,6.144288400066E-1);
#11953=CIRCLE('',#11952,8.644288400066E-1);
#11962=CIRCLE('',#11961,2.144794436715E-1);
#11971=CIRCLE('',#11970,8.697483135516E-1);
#11997=B_SPLINE_CURVE_WITH_KNOTS('',3,(#11992,#11993,#11994,#11995,#11996),
.UNSPECIFIED.,.F.,.F.,(4,1,4),(0.E0,5.E-1,1.E0),.UNSPECIFIED.);
#12003=B_SPLINE_CURVE_WITH_KNOTS('',3,(#11998,#11999,#12000,#12001,#12002),
.UNSPECIFIED.,.F.,.F.,(4,1,4),(0.E0,5.E-1,1.E0),.UNSPECIFIED.);
#12028=CIRCLE('',#12027,2.5E-1);
#12041=CIRCLE('',#12040,2.5E-1);
#12062=CIRCLE('',#12061,2.5E-1);
#12071=CIRCLE('',#12070,2.5E-1);
#12116=CIRCLE('',#12115,2.5E-1);
#12121=CIRCLE('',#12120,2.5E-1);
#12134=CIRCLE('',#12133,2.5E-1);
#12139=CIRCLE('',#12138,2.5E-1);
#12144=CIRCLE('',#12143,2.5E-1);
#12157=CIRCLE('',#12156,1.6E0);
#12162=CIRCLE('',#12161,1.6E0);
#12175=CIRCLE('',#12174,4.E-1);
#12184=CIRCLE('',#12183,4.E-1);
#12189=CIRCLE('',#12188,5.E-1);
#12194=CIRCLE('',#12193,5.E-1);
#12199=CIRCLE('',#12198,5.E-1);
#12204=CIRCLE('',#12203,5.E-1);
#12209=CIRCLE('',#12208,5.E-1);
#12214=CIRCLE('',#12213,5.E-1);
#12219=CIRCLE('',#12218,5.E-1);
#12224=CIRCLE('',#12223,5.E-1);
#12233=CIRCLE('',#12232,1.6E0);
#12238=CIRCLE('',#12237,1.6E0);
#12247=CIRCLE('',#12246,4.E-1);
#12256=CIRCLE('',#12255,4.E-1);
#12317=CIRCLE('',#12316,2.5E-1);
#12338=CIRCLE('',#12337,2.5E-1);
#12351=CIRCLE('',#12350,2.5E-1);
#12376=CIRCLE('',#12375,2.5E-1);
#12385=CIRCLE('',#12384,2.5E-1);
#12402=CIRCLE('',#12401,2.5E-1);
#12423=CIRCLE('',#12422,2.5E-1);
#12432=CIRCLE('',#12431,2.5E-1);
#12453=CIRCLE('',#12452,2.5E-1);
#12466=CIRCLE('',#12465,2.5E-1);
#12471=CIRCLE('',#12470,2.5E-1);
#12484=CIRCLE('',#12483,2.5E-1);
#12489=CIRCLE('',#12488,2.5E-1);
#12538=CIRCLE('',#12537,2.5E-1);
#12543=CIRCLE('',#12542,2.5E-1);
#12556=CIRCLE('',#12555,8.697483135516E-1);
#12565=CIRCLE('',#12564,2.144794436715E-1);
#12574=CIRCLE('',#12573,8.644288400066E-1);
#12583=CIRCLE('',#12582,6.144288400066E-1);
#12592=CIRCLE('',#12591,4.644794436715E-1);
#12601=CIRCLE('',#12600,6.197483135516E-1);
#12622=CIRCLE('',#12621,6.197483135516E-1);
#12631=CIRCLE('',#12630,4.644794436715E-1);
#12640=CIRCLE('',#12639,6.144288400066E-1);
#12649=CIRCLE('',#12648,8.644288400066E-1);
#12658=CIRCLE('',#12657,2.144794436715E-1);
#12667=CIRCLE('',#12666,8.697483135516E-1);
#12697=B_SPLINE_CURVE_WITH_KNOTS('',3,(#12692,#12693,#12694,#12695,#12696),
.UNSPECIFIED.,.F.,.F.,(4,1,4),(0.E0,5.E-1,1.E0),.UNSPECIFIED.);
#12703=B_SPLINE_CURVE_WITH_KNOTS('',3,(#12698,#12699,#12700,#12701,#12702),
.UNSPECIFIED.,.F.,.F.,(4,1,4),(0.E0,5.E-1,1.E0),.UNSPECIFIED.);
#12712=CIRCLE('',#12711,5.E-1);
#12718=B_SPLINE_CURVE_WITH_KNOTS('',3,(#12713,#12714,#12715,#12716,#12717),
.UNSPECIFIED.,.F.,.F.,(4,1,4),(0.E0,5.E-1,1.E0),.UNSPECIFIED.);
#12728=B_SPLINE_CURVE_WITH_KNOTS('',3,(#12723,#12724,#12725,#12726,#12727),
.UNSPECIFIED.,.F.,.F.,(4,1,4),(0.E0,5.E-1,1.E0),.UNSPECIFIED.);
#12745=CIRCLE('',#12744,5.E-1);
#12754=CIRCLE('',#12753,5.E-1);
#12763=CIRCLE('',#12762,2.E-1);
#12768=CIRCLE('',#12767,3.E-1);
#12773=CIRCLE('',#12772,3.E-1);
#12778=CIRCLE('',#12777,2.E-1);
#12783=CIRCLE('',#12782,5.E-1);
#12792=CIRCLE('',#12791,5.E-1);
#12801=CIRCLE('',#12800,2.E-1);
#12806=CIRCLE('',#12805,3.E-1);
#12811=CIRCLE('',#12810,3.E-1);
#12816=CIRCLE('',#12815,2.E-1);
#12821=CIRCLE('',#12820,5.E-1);
#12830=CIRCLE('',#12829,5.E-1);
#12839=CIRCLE('',#12838,2.E-1);
#12844=CIRCLE('',#12843,3.E-1);
#12849=CIRCLE('',#12848,3.E-1);
#12854=CIRCLE('',#12853,2.E-1);
#12859=CIRCLE('',#12858,5.E-1);
#12868=CIRCLE('',#12867,5.E-1);
#12877=CIRCLE('',#12876,2.E-1);
#12882=CIRCLE('',#12881,3.E-1);
#12887=CIRCLE('',#12886,3.E-1);
#12892=CIRCLE('',#12891,2.E-1);
#12897=CIRCLE('',#12896,5.E-1);
#12906=CIRCLE('',#12905,5.E-1);
#13266=EDGE_CURVE('',#13189,#13191,#11703,.T.);
#13268=EDGE_CURVE('',#13189,#13191,#12007,.T.);
#13285=EDGE_CURVE('',#13182,#13183,#11709,.T.);
#13287=EDGE_CURVE('',#13183,#13185,#12906,.T.);
#13289=EDGE_CURVE('',#13185,#13186,#11719,.T.);
#13291=EDGE_CURVE('',#13188,#13186,#11948,.T.);
#13293=EDGE_CURVE('',#13188,#13189,#11997,.T.);
#13296=EDGE_CURVE('',#13191,#13192,#12003,.T.);
#13298=EDGE_CURVE('',#13192,#13182,#11754,.T.);
#13316=EDGE_CURVE('',#13155,#13182,#11750,.T.);
#13318=EDGE_CURVE('',#13135,#13155,#11713,.T.);
#13320=EDGE_CURVE('',#13135,#13186,#11953,.T.);
#13323=EDGE_CURVE('',#13185,#13183,#12910,.T.);
#13340=EDGE_CURVE('',#13165,#13168,#11723,.T.);
#13342=EDGE_CURVE('',#13168,#13169,#12091,.T.);
#13344=EDGE_CURVE('',#13169,#13148,#11727,.T.);
#13346=EDGE_CURVE('',#13148,#13149,#11732,.T.);
#13348=EDGE_CURVE('',#13149,#13151,#11736,.T.);
#13350=EDGE_CURVE('',#13151,#13153,#11741,.T.);
#13352=EDGE_CURVE('',#13153,#13155,#11745,.T.);
#13356=EDGE_CURVE('',#13192,#13158,#11759,.T.);
#13358=EDGE_CURVE('',#13158,#13159,#11763,.T.);
#13360=EDGE_CURVE('',#13159,#13161,#11768,.T.);
#13362=EDGE_CURVE('',#13161,#13163,#11772,.T.);
#13364=EDGE_CURVE('',#13163,#13165,#11777,.T.);
#13381=EDGE_CURVE('',#13228,#13223,#11781,.T.);
#13383=EDGE_CURVE('',#13228,#13211,#11785,.T.);
#13385=EDGE_CURVE('',#13207,#13211,#12134,.T.);
#13387=EDGE_CURVE('',#13207,#13219,#11789,.T.);
#13389=EDGE_CURVE('',#13215,#13219,#12116,.T.);
#13391=EDGE_CURVE('',#13215,#13248,#11793,.T.);
#13393=EDGE_CURVE('',#13247,#13248,#11798,.T.);
#13395=EDGE_CURVE('',#13247,#13256,#11802,.T.);
#13397=EDGE_CURVE('',#13255,#13256,#11807,.T.);
#13399=EDGE_CURVE('',#13255,#13196,#11811,.T.);
#13401=EDGE_CURVE('',#13172,#13196,#11815,.T.);
#13403=EDGE_CURVE('',#13168,#13172,#11819,.T.);
#13406=EDGE_CURVE('',#13145,#13165,#11823,.T.);
#13408=EDGE_CURVE('',#13145,#13203,#11921,.T.);
#13410=EDGE_CURVE('',#13199,#13203,#11908,.T.);
#13412=EDGE_CURVE('',#13199,#13240,#11827,.T.);
#13414=EDGE_CURVE('',#13239,#13240,#11832,.T.);
#13416=EDGE_CURVE('',#13239,#13125,#11836,.T.);
#13418=EDGE_CURVE('',#13125,#13232,#11840,.T.);
#13420=EDGE_CURVE('',#13231,#13232,#11845,.T.);
#13422=EDGE_CURVE('',#13231,#13223,#11849,.T.);
#13439=EDGE_CURVE('',#13223,#13224,#11854,.T.);
#13441=EDGE_CURVE('',#13226,#13224,#12166,.T.);
#13443=EDGE_CURVE('',#13226,#13228,#12144,.T.);
#13463=EDGE_CURVE('',#13236,#13231,#11858,.T.);
#13465=EDGE_CURVE('',#13236,#13181,#12087,.T.);
#13467=EDGE_CURVE('',#13181,#12994,#11862,.T.);
#13469=EDGE_CURVE('',#12994,#13092,#12406,.T.);
#13471=EDGE_CURVE('',#13097,#13092,#11866,.T.);
#13473=EDGE_CURVE('',#13089,#13097,#12333,.T.);
#13475=EDGE_CURVE('',#13087,#13089,#11871,.T.);
#13477=EDGE_CURVE('',#13087,#13224,#11875,.T.);
#13495=EDGE_CURVE('',#13234,#13232,#11879,.T.);
#13497=EDGE_CURVE('',#13234,#13236,#12028,.T.);
#13517=EDGE_CURVE('',#13124,#13125,#11883,.T.);
#13519=EDGE_CURVE('',#13124,#13234,#12032,.T.);
#13536=EDGE_CURVE('',#13244,#13239,#11887,.T.);
#13538=EDGE_CURVE('',#13244,#13124,#12036,.T.);
#13558=EDGE_CURVE('',#13242,#13240,#11891,.T.);
#13560=EDGE_CURVE('',#13242,#13244,#12041,.T.);
#13580=EDGE_CURVE('',#13199,#13200,#11895,.T.);
#13582=EDGE_CURVE('',#13200,#13242,#12045,.T.);
#13599=EDGE_CURVE('',#13260,#13255,#11899,.T.);
#13601=EDGE_CURVE('',#13260,#13194,#12057,.T.);
#13603=EDGE_CURVE('',#13194,#13196,#11903,.T.);
#13623=EDGE_CURVE('',#13203,#13204,#11917,.T.);
#13625=EDGE_CURVE('',#13204,#13200,#11913,.T.);
#13644=EDGE_CURVE('',#13143,#13145,#11926,.T.);
#13646=EDGE_CURVE('',#13141,#13143,#11930,.T.);
#13648=EDGE_CURVE('',#13139,#13141,#11935,.T.);
#13650=EDGE_CURVE('',#13138,#13139,#11939,.T.);
#13652=EDGE_CURVE('',#13188,#13138,#11944,.T.);
#13656=EDGE_CURVE('',#13133,#13135,#11957,.T.);
#13658=EDGE_CURVE('',#13131,#13133,#11962,.T.);
#13660=EDGE_CURVE('',#13129,#13131,#11966,.T.);
#13662=EDGE_CURVE('',#13128,#13129,#11971,.T.);
#13664=EDGE_CURVE('',#13204,#13128,#11975,.T.);
#13684=EDGE_CURVE('',#13143,#13163,#11979,.T.);
#13704=EDGE_CURVE('',#13141,#13161,#11983,.T.);
#13724=EDGE_CURVE('',#13139,#13159,#11987,.T.);
#13744=EDGE_CURVE('',#13138,#13158,#11991,.T.);
#13785=EDGE_CURVE('',#13133,#13153,#12011,.T.);
#13805=EDGE_CURVE('',#13131,#13151,#12015,.T.);
#13825=EDGE_CURVE('',#13129,#13149,#12019,.T.);
#13845=EDGE_CURVE('',#13128,#13148,#12023,.T.);
#13871=EDGE_CURVE('',#13169,#13173,#12049,.T.);
#13873=EDGE_CURVE('',#13173,#13194,#12053,.T.);
#13876=EDGE_CURVE('',#13258,#13260,#12062,.T.);
#13878=EDGE_CURVE('',#13252,#13258,#12066,.T.);
#13880=EDGE_CURVE('',#13250,#13252,#12071,.T.);
#13882=EDGE_CURVE('',#13216,#13250,#12075,.T.);
#13884=EDGE_CURVE('',#13220,#13216,#12121,.T.);
#13886=EDGE_CURVE('',#13208,#13220,#12079,.T.);
#13888=EDGE_CURVE('',#13212,#13208,#12139,.T.);
#13890=EDGE_CURVE('',#13180,#13212,#12083,.T.);
#13892=EDGE_CURVE('',#13180,#13181,#12268,.T.);
#13912=EDGE_CURVE('',#13172,#13173,#12095,.T.);
#13950=EDGE_CURVE('',#13258,#13256,#12103,.T.);
#13969=EDGE_CURVE('',#13252,#13247,#12099,.T.);
#13990=EDGE_CURVE('',#13250,#13248,#12107,.T.);
#14011=EDGE_CURVE('',#13215,#13216,#12111,.T.);
#14031=EDGE_CURVE('',#13219,#13220,#12129,.T.);
#14049=EDGE_CURVE('',#13207,#13208,#12125,.T.);
#14071=EDGE_CURVE('',#13211,#13212,#12152,.T.);
#14090=EDGE_CURVE('',#13226,#13177,#12148,.T.);
#14092=EDGE_CURVE('',#13176,#13177,#12276,.T.);
#14094=EDGE_CURVE('',#13176,#13180,#12242,.T.);
#14116=EDGE_CURVE('',#13087,#13085,#12170,.T.);
#14118=EDGE_CURVE('',#12986,#13085,#12325,.T.);
#14120=EDGE_CURVE('',#12934,#12986,#12312,.T.);
#14122=EDGE_CURVE('',#12932,#12934,#12175,.T.);
#14124=EDGE_CURVE('',#12926,#12932,#12179,.T.);
#14126=EDGE_CURVE('',#12924,#12926,#12184,.T.);
#14128=EDGE_CURVE('',#13177,#12924,#12280,.T.);
#14133=EDGE_CURVE('',#12917,#12918,#12157,.T.);
#14135=EDGE_CURVE('',#12918,#12917,#12162,.T.);
#14139=EDGE_CURVE('',#12937,#12938,#12189,.T.);
#14141=EDGE_CURVE('',#12938,#12937,#12194,.T.);
#14145=EDGE_CURVE('',#12949,#12950,#12199,.T.);
#14147=EDGE_CURVE('',#12950,#12949,#12204,.T.);
#14151=EDGE_CURVE('',#12961,#12962,#12209,.T.);
#14153=EDGE_CURVE('',#12962,#12961,#12214,.T.);
#14157=EDGE_CURVE('',#12973,#12974,#12219,.T.);
#14159=EDGE_CURVE('',#12974,#12973,#12224,.T.);
#14176=EDGE_CURVE('',#12913,#12914,#12233,.T.);
#14178=EDGE_CURVE('',#12913,#12917,#12228,.T.);
#14181=EDGE_CURVE('',#12914,#12918,#12272,.T.);
#14199=EDGE_CURVE('',#12922,#13176,#12288,.T.);
#14201=EDGE_CURVE('',#12921,#12922,#12247,.T.);
#14203=EDGE_CURVE('',#12921,#12930,#12251,.T.);
#14205=EDGE_CURVE('',#12929,#12930,#12256,.T.);
#14207=EDGE_CURVE('',#12985,#12929,#12304,.T.);
#14209=EDGE_CURVE('',#12985,#12993,#12260,.T.);
#14211=EDGE_CURVE('',#12993,#12994,#12264,.T.);
#14218=EDGE_CURVE('',#12914,#12913,#12238,.T.);
#14256=EDGE_CURVE('',#12924,#12922,#12284,.T.);
#14277=EDGE_CURVE('',#12926,#12921,#12292,.T.);
#14296=EDGE_CURVE('',#12932,#12930,#12296,.T.);
#14317=EDGE_CURVE('',#12934,#12929,#12308,.T.);
#14334=EDGE_CURVE('',#12985,#12986,#12300,.T.);
#14354=EDGE_CURVE('',#13084,#13085,#12317,.T.);
#14356=EDGE_CURVE('',#13073,#13084,#12397,.T.);
#14358=EDGE_CURVE('',#13072,#13073,#12321,.T.);
#14360=EDGE_CURVE('',#13072,#12993,#12410,.T.);
#14383=EDGE_CURVE('',#13089,#13084,#12329,.T.);
#14402=EDGE_CURVE('',#13095,#13097,#12338,.T.);
#14404=EDGE_CURVE('',#13095,#12989,#12342,.T.);
#14406=EDGE_CURVE('',#12989,#13105,#12346,.T.);
#14408=EDGE_CURVE('',#13103,#13105,#12351,.T.);
#14410=EDGE_CURVE('',#13103,#13061,#12355,.T.);
#14412=EDGE_CURVE('',#13065,#13061,#12543,.T.);
#14414=EDGE_CURVE('',#13014,#13065,#12605,.T.);
#14416=EDGE_CURVE('',#13014,#13034,#12359,.T.);
#14418=EDGE_CURVE('',#13054,#13034,#12617,.T.);
#14420=EDGE_CURVE('',#13054,#13055,#12363,.T.);
#14422=EDGE_CURVE('',#13055,#13057,#12367,.T.);
#14424=EDGE_CURVE('',#13057,#13121,#12371,.T.);
#14426=EDGE_CURVE('',#13119,#13121,#12376,.T.);
#14428=EDGE_CURVE('',#13119,#13113,#12380,.T.);
#14430=EDGE_CURVE('',#13111,#13113,#12385,.T.);
#14432=EDGE_CURVE('',#13111,#13077,#12389,.T.);
#14434=EDGE_CURVE('',#13081,#13077,#12489,.T.);
#14436=EDGE_CURVE('',#13081,#13069,#12393,.T.);
#14438=EDGE_CURVE('',#13073,#13069,#12471,.T.);
#14456=EDGE_CURVE('',#13092,#13093,#12402,.T.);
#14458=EDGE_CURVE('',#13095,#13093,#12529,.T.);
#14481=EDGE_CURVE('',#13068,#13072,#12466,.T.);
#14483=EDGE_CURVE('',#13080,#13068,#12414,.T.);
#14485=EDGE_CURVE('',#13076,#13080,#12484,.T.);
#14487=EDGE_CURVE('',#13109,#13076,#12418,.T.);
#14489=EDGE_CURVE('',#13108,#13109,#12423,.T.);
#14491=EDGE_CURVE('',#13117,#13108,#12427,.T.);
#14493=EDGE_CURVE('',#13116,#13117,#12432,.T.);
#14495=EDGE_CURVE('',#13051,#13116,#12436,.T.);
#14497=EDGE_CURVE('',#13049,#13051,#12440,.T.);
#14499=EDGE_CURVE('',#13048,#13049,#12444,.T.);
#14501=EDGE_CURVE('',#13017,#13048,#12613,.T.);
#14503=EDGE_CURVE('',#12997,#13017,#12609,.T.);
#14505=EDGE_CURVE('',#13064,#12997,#12551,.T.);
#14507=EDGE_CURVE('',#13060,#13064,#12538,.T.);
#14509=EDGE_CURVE('',#13101,#13060,#12448,.T.);
#14511=EDGE_CURVE('',#13100,#13101,#12453,.T.);
#14513=EDGE_CURVE('',#12990,#13100,#12457,.T.);
#14515=EDGE_CURVE('',#13093,#12990,#12461,.T.);
#14532=EDGE_CURVE('',#13068,#13069,#12475,.T.);
#14554=EDGE_CURVE('',#13080,#13081,#12479,.T.);
#14572=EDGE_CURVE('',#13076,#13077,#12497,.T.);
#14592=EDGE_CURVE('',#13111,#13109,#12493,.T.);
#14615=EDGE_CURVE('',#13113,#13108,#12501,.T.);
#14634=EDGE_CURVE('',#13119,#13117,#12505,.T.);
#14655=EDGE_CURVE('',#13121,#13116,#12517,.T.);
#14672=EDGE_CURVE('',#13103,#13101,#12509,.T.);
#14675=EDGE_CURVE('',#13060,#13061,#12513,.T.);
#14695=EDGE_CURVE('',#13051,#13057,#12521,.T.);
#14716=EDGE_CURVE('',#13105,#13100,#12525,.T.);
#14735=EDGE_CURVE('',#12989,#12990,#12533,.T.);
#14774=EDGE_CURVE('',#13064,#13065,#12547,.T.);
#14794=EDGE_CURVE('',#12997,#12998,#12556,.T.);
#14796=EDGE_CURVE('',#12998,#13000,#12560,.T.);
#14798=EDGE_CURVE('',#13000,#13002,#12565,.T.);
#14800=EDGE_CURVE('',#13002,#13004,#12569,.T.);
#14802=EDGE_CURVE('',#13004,#13041,#12574,.T.);
#14804=EDGE_CURVE('',#13041,#13039,#12578,.T.);
#14806=EDGE_CURVE('',#13039,#13007,#12583,.T.);
#14808=EDGE_CURVE('',#13007,#13008,#12587,.T.);
#14810=EDGE_CURVE('',#13008,#13010,#12592,.T.);
#14812=EDGE_CURVE('',#13010,#13012,#12596,.T.);
#14814=EDGE_CURVE('',#13012,#13014,#12601,.T.);
#14834=EDGE_CURVE('',#13017,#13018,#12667,.T.);
#14836=EDGE_CURVE('',#12998,#13018,#12740,.T.);
#14854=EDGE_CURVE('',#13054,#13048,#12671,.T.);
#14857=EDGE_CURVE('',#13032,#13034,#12622,.T.);
#14859=EDGE_CURVE('',#13030,#13032,#12626,.T.);
#14861=EDGE_CURVE('',#13028,#13030,#12631,.T.);
#14863=EDGE_CURVE('',#13027,#13028,#12635,.T.);
#14865=EDGE_CURVE('',#13035,#13027,#12640,.T.);
#14867=EDGE_CURVE('',#13045,#13035,#12644,.T.);
#14869=EDGE_CURVE('',#13024,#13045,#12649,.T.);
#14871=EDGE_CURVE('',#13022,#13024,#12653,.T.);
#14873=EDGE_CURVE('',#13020,#13022,#12658,.T.);
#14875=EDGE_CURVE('',#13018,#13020,#12662,.T.);
#14894=EDGE_CURVE('',#13055,#13049,#12675,.T.);
#14933=EDGE_CURVE('',#13012,#13032,#12679,.T.);
#14953=EDGE_CURVE('',#13010,#13030,#12683,.T.);
#14973=EDGE_CURVE('',#13008,#13028,#12687,.T.);
#14993=EDGE_CURVE('',#13007,#13027,#12691,.T.);
#15012=EDGE_CURVE('',#13035,#13036,#12697,.T.);
#15017=EDGE_CURVE('',#13038,#13039,#12703,.T.);
#15019=EDGE_CURVE('',#13038,#13036,#12707,.T.);
#15037=EDGE_CURVE('',#13036,#13038,#12712,.T.);
#15041=EDGE_CURVE('',#13041,#13042,#12718,.T.);
#15043=EDGE_CURVE('',#13042,#13044,#12745,.T.);
#15045=EDGE_CURVE('',#13044,#13045,#12728,.T.);
#15082=EDGE_CURVE('',#13004,#13024,#12722,.T.);
#15086=EDGE_CURVE('',#13042,#13044,#12749,.T.);
#15104=EDGE_CURVE('',#13002,#13022,#12732,.T.);
#15124=EDGE_CURVE('',#13000,#13020,#12736,.T.);
#15179=EDGE_CURVE('',#12946,#12945,#12754,.T.);
#15181=EDGE_CURVE('',#12938,#12945,#12787,.T.);
#15184=EDGE_CURVE('',#12937,#12946,#12758,.T.);
#15201=EDGE_CURVE('',#12942,#12941,#12773,.T.);
#15203=EDGE_CURVE('',#12941,#12945,#12778,.T.);
#15206=EDGE_CURVE('',#12942,#12946,#12763,.T.);
#15223=EDGE_CURVE('',#12941,#12942,#12768,.T.);
#15243=EDGE_CURVE('',#12945,#12946,#12783,.T.);
#15280=EDGE_CURVE('',#12958,#12957,#12792,.T.);
#15282=EDGE_CURVE('',#12949,#12957,#12796,.T.);
#15285=EDGE_CURVE('',#12950,#12958,#12825,.T.);
#15302=EDGE_CURVE('',#12954,#12953,#12811,.T.);
#15304=EDGE_CURVE('',#12953,#12957,#12816,.T.);
#15307=EDGE_CURVE('',#12954,#12958,#12801,.T.);
#15324=EDGE_CURVE('',#12953,#12954,#12806,.T.);
#15344=EDGE_CURVE('',#12957,#12958,#12821,.T.);
#15381=EDGE_CURVE('',#12970,#12969,#12830,.T.);
#15383=EDGE_CURVE('',#12961,#12969,#12834,.T.);
#15386=EDGE_CURVE('',#12962,#12970,#12863,.T.);
#15403=EDGE_CURVE('',#12966,#12965,#12849,.T.);
#15405=EDGE_CURVE('',#12965,#12969,#12854,.T.);
#15408=EDGE_CURVE('',#12966,#12970,#12839,.T.);
#15425=EDGE_CURVE('',#12965,#12966,#12844,.T.);
#15445=EDGE_CURVE('',#12969,#12970,#12859,.T.);
#15482=EDGE_CURVE('',#12982,#12981,#12868,.T.);
#15484=EDGE_CURVE('',#12974,#12981,#12901,.T.);
#15487=EDGE_CURVE('',#12973,#12982,#12872,.T.);
#15504=EDGE_CURVE('',#12978,#12977,#12887,.T.);
#15506=EDGE_CURVE('',#12977,#12981,#12892,.T.);
#15509=EDGE_CURVE('',#12978,#12982,#12877,.T.);
#15526=EDGE_CURVE('',#12977,#12978,#12882,.T.);
#15546=EDGE_CURVE('',#12981,#12982,#12897,.T.);
#15597=(LENGTH_UNIT()NAMED_UNIT(*)SI_UNIT(.MILLI.,.METRE.));
#15599=(NAMED_UNIT(*)PLANE_ANGLE_UNIT()SI_UNIT($,.RADIAN.));
#15602=(NAMED_UNIT(*)SI_UNIT($,.STERADIAN.)SOLID_ANGLE_UNIT());
#15605=ADVANCED_BREP_SHAPE_REPRESENTATION('',(#11698,#15596),#15604);
#15613=PRODUCT_DEFINITION('design','',#15612,#15609);
#15614=PRODUCT_DEFINITION_SHAPE('','SHAPE FOR 259.',#15613);
#15615=SHAPE_ASPECT('','solid data associated with 259',#15614,.F.);
#15616=PROPERTY_DEFINITION('',
'shape for solid data with which properties are associated',#15615);
#15617=SHAPE_REPRESENTATION('',(#15596),#15604);
#15618=SHAPE_DEFINITION_REPRESENTATION(#15616,#15617);
#15619=(LENGTH_UNIT()NAMED_UNIT(*)SI_UNIT(.MILLI.,.METRE.));
#15623=PROPERTY_DEFINITION('geometric validation property','area of 259',
#15615);
#15624=REPRESENTATION('surface area',(#15622),#15604);
#15625=PROPERTY_DEFINITION_REPRESENTATION(#15623,#15624);
#15626=(LENGTH_UNIT()NAMED_UNIT(*)SI_UNIT(.MILLI.,.METRE.));
#15630=PROPERTY_DEFINITION('geometric validation property','volume of 259',
#15615);
#15631=REPRESENTATION('volume',(#15629),#15604);
#15632=PROPERTY_DEFINITION_REPRESENTATION(#15630,#15631);
#15634=PROPERTY_DEFINITION('geometric validation property','centroid of 259',
#15615);
#15635=REPRESENTATION('centroid',(#15633),#15604);
#15636=PROPERTY_DEFINITION_REPRESENTATION(#15634,#15635);
#15637=(LENGTH_UNIT()NAMED_UNIT(*)SI_UNIT(.MILLI.,.METRE.));
#15641=PROPERTY_DEFINITION('geometric validation property','area of 259',
#15614);
#15642=REPRESENTATION('surface area',(#15640),#15604);
#15643=PROPERTY_DEFINITION_REPRESENTATION(#15641,#15642);
#15644=(LENGTH_UNIT()NAMED_UNIT(*)SI_UNIT(.MILLI.,.METRE.));
#15648=PROPERTY_DEFINITION('geometric validation property','volume of 259',
#15614);
#15649=REPRESENTATION('volume',(#15647),#15604);
#15650=PROPERTY_DEFINITION_REPRESENTATION(#15648,#15649);
#15652=PROPERTY_DEFINITION('geometric validation property','centroid of 259',
#15614);
#15653=REPRESENTATION('centroid',(#15651),#15604);
#15654=PROPERTY_DEFINITION_REPRESENTATION(#15652,#15653);
#15655=SHAPE_DEFINITION_REPRESENTATION(#15614,#15605);
ENDSEC;
END-ISO-10303-21;
