#VRML V2.0 utf8
# 3D model generated by easyeda2kicad.py (https://github.com/uPesy/easyeda2kicad.py)

Shape{
    appearance Appearance {
        material  Material 	{
            diffuseColor 0.8823529411764706 0.8823529411764706 0.8823529411764706
            specularColor 0.7529411764705882 0.7529411764705882 0.7529411764705882
            ambientIntensity 0.2
            transparency 0
            shininess 0.5
        }
    }
    geometry IndexedFaceSet {
        ccw TRUE
        solid FALSE
        coord DEF co Coordinate {
            point [
                -0.3392 -0.0346 -1.2205, -0.3392 -0.0346 -1.2283, -0.5164 -0.0346 -1.2283, -0.5164 -0.0346 -1.2205, -0.5164 -0.2709 -1.2283, -0.5164 -0.2709 -1.2205, -0.4868 -0.2709 -1.2283, -0.4868 -0.2709 -1.2205, -0.4868 -0.0647 -1.2283, -0.4868 -0.0647 -1.2205, -0.3392 -0.0647 -1.2283, -0.3392 -0.0647 -1.2205, -0.2555 -0.2256 -1.2283, -0.285 -0.2357 -1.2283, -0.2653 -0.2105 -1.2283, -0.1078 -0.2105 -1.2283, -0.1127 -0.2357 -1.2283, -0.1373 -0.2105 -1.2283, -0.2456 -0.0396 -1.2283, -0.221 -0.0647 -1.2283, -0.2407 -0.0698 -1.2283, -0.1767 -0.0647 -1.2283, -0.1521 -0.0396 -1.2283, -0.157 -0.0698 -1.2283, -0.1324 -0.0496 -1.2283, -0.1422 -0.0798 -1.2283, -0.1767 -0.0346 -1.2283, -0.221 -0.0346 -1.2283, -0.2555 -0.0798 -1.2283, -0.2653 -0.0496 -1.2283, -0.2653 -0.0949 -1.2283, -0.285 -0.0698 -1.2283, -0.2948 -0.0899 -1.2283, -0.2702 -0.115 -1.2283, -0.2948 -0.2156 -1.2283, -0.2702 -0.1904 -1.2283, -0.2998 -0.1904 -1.2283, -0.2998 -0.115 -1.2283, -0.2407 -0.2357 -1.2283, -0.2653 -0.2558 -1.2283, -0.2456 -0.2658 -1.2283, -0.221 -0.2407 -1.2283, -0.1767 -0.2709 -1.2283, -0.221 -0.2709 -1.2283, -0.1767 -0.2407 -1.2283, -0.157 -0.2357 -1.2283, -0.1521 -0.2658 -1.2283, -0.1422 -0.2256 -1.2283, -0.1324 -0.2558 -1.2283, -0.1127 -0.0698 -1.2283, -0.1373 -0.0949 -1.2283, -0.1078 -0.0949 -1.2283, -0.0684 -0.0346 -1.2283, -0.0389 -0.1452 -1.2283, -0.0684 -0.2709 -1.2283, -0.0389 -0.1753 -1.2283, 0.1088 -0.0346 -1.2283, -0.0389 -0.0647 -1.2283, 0.0891 -0.1452 -1.2283, 0.0891 -0.1753 -1.2283, -0.0389 -0.2407 -1.2283, 0.1088 -0.2407 -1.2283, 0.1088 -0.2709 -1.2283, 0.1088 -0.0647 -1.2283, 0.3402 -0.0899 -1.2283, 0.3156 -0.115 -1.2283, 0.3107 -0.0949 -1.2283, 0.3451 -0.115 -1.2283, 0.3156 -0.1904 -1.2283, 0.3451 -0.1904 -1.2283, 0.3304 -0.2357 -1.2283, 0.3008 -0.2256 -1.2283, 0.3107 -0.2105 -1.2283, 0.2861 -0.2357 -1.2283, 0.3107 -0.2558 -1.2283, 0.291 -0.2658 -1.2283, 0.2664 -0.2407 -1.2283, 0.2664 -0.2709 -1.2283, 0.3402 -0.2156 -1.2283, 0.1778 -0.2407 -1.2283, 0.1482 -0.2709 -1.2283, 0.1778 -0.0647 -1.2283, 0.1482 -0.0346 -1.2283, 0.2664 -0.0647 -1.2283, 0.291 -0.0396 -1.2283, 0.2861 -0.0698 -1.2283, 0.3008 -0.0798 -1.2283, 0.3107 -0.0496 -1.2283, 0.3304 -0.0698 -1.2283, 0.2664 -0.0346 -1.2283, 0.5814 -0.0346 -1.2283, 0.5027 -0.2709 -1.2283, 0.5273 -0.115 -1.2283, 0.4337 -0.0949 -1.2283, 0.3845 -0.0346 -1.2283, 0.4141 -0.0346 -1.2283, 0.4387 -0.115 -1.2283, 0.5519 -0.0346 -1.2283, 0.5322 -0.0949 -1.2283, 0.4633 -0.2709 -1.2283, 0.483 -0.2508 -1.2283, -0.1373 -0.0949 -1.2205, -0.1078 -0.0949 -1.2205, -0.1127 -0.0698 -1.2205, -0.1324 -0.0496 -1.2205, -0.1521 -0.0396 -1.2205, -0.1767 -0.0346 -1.2205, -0.221 -0.0346 -1.2205, -0.2456 -0.0396 -1.2205, -0.2653 -0.0496 -1.2205, -0.285 -0.0698 -1.2205, -0.2948 -0.0899 -1.2205, -0.2998 -0.115 -1.2205, -0.2998 -0.1904 -1.2205, -0.2948 -0.2156 -1.2205, -0.285 -0.2357 -1.2205, -0.2653 -0.2558 -1.2205, -0.2456 -0.2658 -1.2205, -0.221 -0.2709 -1.2205, -0.1767 -0.2709 -1.2205, -0.1521 -0.2658 -1.2205, -0.1324 -0.2558 -1.2205, -0.1127 -0.2357 -1.2205, -0.1078 -0.2105 -1.2205, -0.1373 -0.2105 -1.2205, -0.1422 -0.2256 -1.2205, -0.157 -0.2357 -1.2205, -0.1767 -0.2407 -1.2205, -0.221 -0.2407 -1.2205, -0.2407 -0.2357 -1.2205, -0.2555 -0.2256 -1.2205, -0.2653 -0.2105 -1.2205, -0.2702 -0.1904 -1.2205, -0.2702 -0.115 -1.2205, -0.2653 -0.0949 -1.2205, -0.2555 -0.0798 -1.2205, -0.2407 -0.0698 -1.2205, -0.221 -0.0647 -1.2205, -0.1767 -0.0647 -1.2205, -0.157 -0.0698 -1.2205, -0.1422 -0.0798 -1.2205, -0.0389 -0.0647 -1.2205, 0.1088 -0.0647 -1.2205, 0.1088 -0.0346 -1.2205, -0.0684 -0.0346 -1.2205, -0.0684 -0.2709 -1.2205, 0.1088 -0.2709 -1.2205, 0.1088 -0.2407 -1.2205, -0.0389 -0.2407 -1.2205, -0.0389 -0.1753 -1.2205, 0.0891 -0.1753 -1.2205, 0.0891 -0.1452 -1.2205, -0.0389 -0.1452 -1.2205, 0.1482 -0.2709 -1.2205, 0.2664 -0.2709 -1.2205, 0.291 -0.2658 -1.2205, 0.3107 -0.2558 -1.2205, 0.3304 -0.2357 -1.2205, 0.3402 -0.2156 -1.2205, 0.3451 -0.1904 -1.2205, 0.3451 -0.115 -1.2205, 0.3402 -0.0899 -1.2205, 0.3304 -0.0698 -1.2205, 0.3107 -0.0496 -1.2205, 0.291 -0.0396 -1.2205, 0.2664 -0.0346 -1.2205, 0.1482 -0.0346 -1.2205, 0.2664 -0.2407 -1.2205, 0.1778 -0.2407 -1.2205, 0.1778 -0.0647 -1.2205, 0.2664 -0.0647 -1.2205, 0.2861 -0.0698 -1.2205, 0.3008 -0.0798 -1.2205, 0.3107 -0.0949 -1.2205, 0.3156 -0.115 -1.2205, 0.3156 -0.1904 -1.2205, 0.3107 -0.2105 -1.2205, 0.3008 -0.2256 -1.2205, 0.2861 -0.2357 -1.2205, 0.4633 -0.2709 -1.2205, 0.5027 -0.2709 -1.2205, 0.5814 -0.0346 -1.2205, 0.5519 -0.0346 -1.2205, 0.5322 -0.0949 -1.2205, 0.4337 -0.0949 -1.2205, 0.4141 -0.0346 -1.2205, 0.3845 -0.0346 -1.2205, 0.5273 -0.115 -1.2205, 0.483 -0.2508 -1.2205, 0.4387 -0.115 -1.2205, 0.4387 -0.115 -1.2205
            ]
        }
        coordIndex [
            0,1,2,-1,0,2,3,-1,3,2,4,-1,3,4,5,-1,5,4,6,-1,5,6,7,-1,7,6,8,-1,7,8,9,-1,9,8,10,-1,9,10,11,-1,11,10,1,-1,11,1,0,-1,8,1,10,-1,8,4,2,-1,8,6,4,-1,1,8,2,-1,12,13,14,-1,15,16,17,-1,18,19,20,-1,21,22,23,-1,23,24,25,-1,26,19,27,-1,28,29,20,-1,30,31,28,-1,32,31,30,-1,30,33,32,-1,14,34,35,-1,33,36,37,-1,38,39,12,-1,40,39,38,-1,41,40,38,-1,42,43,44,-1,45,46,44,-1,47,48,45,-1,17,16,47,-1,25,49,50,-1,16,48,47,-1,48,46,45,-1,46,42,44,-1,43,41,44,-1,43,40,41,-1,12,39,13,-1,13,34,14,-1,34,36,35,-1,35,36,33,-1,37,32,33,-1,28,31,29,-1,20,29,18,-1,18,27,19,-1,26,21,19,-1,26,22,21,-1,22,24,23,-1,24,49,25,-1,49,51,50,-1,52,53,54,-1,53,55,54,-1,52,56,57,-1,55,58,59,-1,60,61,62,-1,62,54,60,-1,60,54,55,-1,58,55,53,-1,53,52,57,-1,56,63,57,-1,64,65,66,-1,67,65,64,-1,67,68,65,-1,67,69,68,-1,70,71,72,-1,73,71,74,-1,75,73,74,-1,75,76,73,-1,76,75,77,-1,68,78,72,-1,79,77,80,-1,81,80,82,-1,83,84,85,-1,79,76,77,-1,86,85,87,-1,74,71,70,-1,70,72,78,-1,78,68,69,-1,86,88,66,-1,88,64,66,-1,88,86,87,-1,87,85,84,-1,89,83,81,-1,84,83,89,-1,80,81,79,-1,89,81,82,-1,90,91,92,-1,93,94,95,-1,93,96,94,-1,97,90,98,-1,92,96,98,-1,92,98,90,-1,91,99,100,-1,96,93,98,-1,91,100,92,-1,100,99,96,-1,94,96,99,-1,101,50,51,-1,101,51,102,-1,102,51,49,-1,102,49,103,-1,103,49,24,-1,103,24,104,-1,104,24,22,-1,104,22,105,-1,105,22,26,-1,105,26,106,-1,106,26,27,-1,106,27,107,-1,107,27,18,-1,107,18,108,-1,108,18,29,-1,108,29,109,-1,109,29,31,-1,109,31,110,-1,110,31,32,-1,110,32,111,-1,111,32,37,-1,111,37,112,-1,112,37,36,-1,112,36,113,-1,113,36,34,-1,113,34,114,-1,114,34,13,-1,114,13,115,-1,115,13,39,-1,115,39,116,-1,116,39,40,-1,116,40,117,-1,117,40,43,-1,117,43,118,-1,118,43,42,-1,118,42,119,-1,119,42,46,-1,119,46,120,-1,120,46,48,-1,120,48,121,-1,121,48,16,-1,121,16,122,-1,122,16,15,-1,122,15,123,-1,123,15,17,-1,123,17,124,-1,124,17,47,-1,124,47,125,-1,125,47,45,-1,125,45,126,-1,126,45,44,-1,126,44,127,-1,127,44,41,-1,127,41,128,-1,128,41,38,-1,128,38,129,-1,129,38,12,-1,129,12,130,-1,130,12,14,-1,130,14,131,-1,131,14,35,-1,131,35,132,-1,132,35,33,-1,132,33,133,-1,133,33,30,-1,133,30,134,-1,134,30,28,-1,134,28,135,-1,135,28,20,-1,135,20,136,-1,136,20,19,-1,136,19,137,-1,137,19,21,-1,137,21,138,-1,138,21,23,-1,138,23,139,-1,139,23,25,-1,139,25,140,-1,140,25,50,-1,140,50,101,-1,141,57,63,-1,141,63,142,-1,142,63,56,-1,142,56,143,-1,143,56,52,-1,143,52,144,-1,144,52,54,-1,144,54,145,-1,145,54,62,-1,145,62,146,-1,146,62,61,-1,146,61,147,-1,147,61,60,-1,147,60,148,-1,148,60,55,-1,148,55,149,-1,149,55,59,-1,149,59,150,-1,150,59,58,-1,150,58,151,-1,151,58,53,-1,151,53,152,-1,152,53,57,-1,152,57,141,-1,153,80,77,-1,153,77,154,-1,154,77,75,-1,154,75,155,-1,155,75,74,-1,155,74,156,-1,156,74,70,-1,156,70,157,-1,157,70,78,-1,157,78,158,-1,158,78,69,-1,158,69,159,-1,159,69,67,-1,159,67,160,-1,160,67,64,-1,160,64,161,-1,161,64,88,-1,161,88,162,-1,162,88,87,-1,162,87,163,-1,163,87,84,-1,163,84,164,-1,164,84,89,-1,164,89,165,-1,165,89,82,-1,165,82,166,-1,166,82,80,-1,166,80,153,-1,167,76,79,-1,167,79,168,-1,168,79,81,-1,168,81,169,-1,169,81,83,-1,169,83,170,-1,170,83,85,-1,170,85,171,-1,171,85,86,-1,171,86,172,-1,172,86,66,-1,172,66,173,-1,173,66,65,-1,173,65,174,-1,174,65,68,-1,174,68,175,-1,175,68,72,-1,175,72,176,-1,176,72,71,-1,176,71,177,-1,177,71,73,-1,177,73,178,-1,178,73,76,-1,178,76,167,-1,179,99,91,-1,179,91,180,-1,180,91,90,-1,180,90,181,-1,181,90,97,-1,181,97,182,-1,182,97,98,-1,182,98,183,-1,183,98,93,-1,183,93,184,-1,184,93,95,-1,184,95,185,-1,185,95,94,-1,185,94,186,-1,186,94,99,-1,186,99,179,-1,187,92,100,-1,187,100,188,-1,188,100,96,-1,188,96,189,-1,189,96,92,-1,189,92,187,-1,
        ]
    }
}
Shape{
    appearance Appearance {
        material  Material 	{
            diffuseColor 0.2549019607843137 0.2549019607843137 0.2549019607843137
            specularColor 0.7529411764705882 0.7529411764705882 0.7529411764705882
            ambientIntensity 0.2
            transparency 0
            shininess 0.5
        }
    }
    geometry IndexedFaceSet {
        ccw TRUE
        solid FALSE
        coord DEF co Coordinate {
            point [
                -0.0389 -0.1452 -1.2205, -0.0389 -0.0647 -1.2205, 0.0891 -0.1452 -1.2205, 0.2664 -0.2709 -1.2205, 0.291 -0.2658 -1.2205, 0.4633 -0.2709 -1.2205, 0.1482 -0.2709 -1.2205, 1.1024 -0.6358 -1.2205, 0.1088 -0.2709 -1.2205, -0.0684 -0.0346 -1.2205, 0.748 0.3209 -1.2205, 0.1088 -0.0346 -1.2205, 0.4141 -0.0346 -1.2205, 0.5322 -0.0949 -1.2205, 0.4337 -0.0949 -1.2205, 0.3845 -0.0346 -1.2205, 0.748 0.2028 -1.2205, 0.5027 -0.2709 -1.2205, 0.5519 -0.0346 -1.2205, 0.5814 -0.0346 -1.2205, 1.0236 0.2028 -1.2205, 0.2664 -0.0346 -1.2205, -0.0684 -0.2709 -1.2205, 0.291 -0.0396 -1.2205, 0.3107 -0.0496 -1.2205, 0.3402 -0.0899 -1.2205, 0.3304 -0.0698 -1.2205, 0.3451 -0.115 -1.2205, 0.3451 -0.1904 -1.2205, 0.3402 -0.2156 -1.2205, 0.3304 -0.2357 -1.2205, 0.3107 -0.2558 -1.2205, -0.1422 -0.0798 -1.2205, -0.1373 -0.0949 -1.2205, -0.157 -0.0698 -1.2205, -0.221 -0.0647 -1.2205, -0.1767 -0.0647 -1.2205, 0.1482 -0.0346 -1.2205, 0.1088 -0.0647 -1.2205, 0.0891 -0.1753 -1.2205, -0.0389 -0.1753 -1.2205, -0.0389 -0.2407 -1.2205, 0.1088 -0.2407 -1.2205, -1.1024 -0.6358 -1.2205, -0.1078 -0.2105 -1.2205, -0.1078 -0.0949 -1.2205, -0.2555 -0.0798 -1.2205, -0.2407 -0.0698 -1.2205, -0.1521 -0.2658 -1.2205, -0.1767 -0.2709 -1.2205, -0.2998 -0.115 -1.2205, -0.4868 -0.0647 -1.2205, -0.3392 -0.0647 -1.2205, -0.2653 -0.0949 -1.2205, -0.2702 -0.115 -1.2205, -0.2702 -0.1904 -1.2205, -0.1373 -0.2105 -1.2205, -0.1767 -0.2407 -1.2205, -0.221 -0.2407 -1.2205, -0.2998 -0.1904 -1.2205, -0.2948 -0.2156 -1.2205, -0.4868 -0.2709 -1.2205, -0.2555 -0.2256 -1.2205, -0.2407 -0.2357 -1.2205, -0.2653 -0.2558 -1.2205, -0.285 -0.2357 -1.2205, -0.2653 -0.2105 -1.2205, -0.2456 -0.2658 -1.2205, -0.1422 -0.2256 -1.2205, -0.157 -0.2357 -1.2205, -0.221 -0.2709 -1.2205, -0.1127 -0.2357 -1.2205, -0.1324 -0.2558 -1.2205, -0.2948 -0.0899 -1.2205, -0.2653 -0.0496 -1.2205, -0.285 -0.0698 -1.2205, -0.3392 -0.0346 -1.2205, -0.2456 -0.0396 -1.2205, -1.0236 0.2028 -1.2205, -0.748 0.2028 -1.2205, -0.5164 -0.0346 -1.2205, -0.748 0.3209 -1.2205, -0.1521 -0.0396 -1.2205, -0.1767 -0.0346 -1.2205, -0.1324 -0.0496 -1.2205, -0.1127 -0.0698 -1.2205, -0.5164 -0.2709 -1.2205, -0.221 -0.0346 -1.2205, 1.1024 0.6358 -1.2205, -1.1024 0.6358 -1.2205, -1.0236 0.3209 -1.2205, 1.0236 0.3209 -1.2205, 0.3156 -0.1904 -1.2205, 0.3107 -0.2105 -1.2205, 0.3008 -0.2256 -1.2205, 0.3156 -0.115 -1.2205, 0.2664 -0.0647 -1.2205, 0.2861 -0.0698 -1.2205, 0.2861 -0.2357 -1.2205, 0.3008 -0.0798 -1.2205, 0.3107 -0.0949 -1.2205, 0.2664 -0.2407 -1.2205, 0.1778 -0.2407 -1.2205, 0.1778 -0.0647 -1.2205, 0.4387 -0.115 -1.2205, 0.5273 -0.115 -1.2205, 0.483 -0.2508 -1.2205, -1.1979 -0.6358 -1.1718, -1.1718 0.6358 -1.1979, -1.1718 -0.6358 -1.1979, -1.1389 -0.6358 -1.2147, -1.1389 0.6358 -1.2147, -1.1979 0.6358 -1.1718, -1.2147 -0.6358 -1.1389, -1.2147 0.6358 -1.1389, -1.2205 -0.6358 -1.1024, -1.2205 0.6358 -1.1024, 1.1024 0.6358 1.2205, 1.1389 0.6358 1.2147, 1.1718 0.6358 1.1979, 1.1979 0.6358 1.1718, 1.2147 0.6358 1.1389, 1.2205 0.6358 1.1024, 0.5906 0.6358 -0.5118, 0.6693 0.6358 -0.5906, 0.6136 0.6358 -0.5675, 1.2147 0.6358 -1.1389, 1.1979 0.6358 -1.1718, 1.1389 0.6358 -1.2147, 1.1718 0.6358 -1.1979, 1.2205 0.6358 -1.1024, -1.1024 0.6358 1.2205, -0.5118 0.6358 1.1024, -0.5419 0.6358 1.0964, -1.1389 0.6358 1.2147, -1.1979 0.6358 1.1718, -1.1718 0.6358 1.1979, -1.2205 0.6358 1.1024, -1.2147 0.6358 1.1389, 0.9383 0.6358 -0.2977, 1.0358 0.6358 -0.2977, 0.9383 0.6358 -0.3659, 0.8965 0.6358 -0.3659, 0.7084 0.6358 -0.2977, 0.8965 0.6358 -0.2977, -0.6392 0.6358 0.5058, -0.6136 0.6358 0.4887, -0.6693 0.6358 0.5118, 0.3543 0.6358 -0.9055, 0.3543 0.6358 -1.1024, -0.3543 0.6358 -1.1024, 0.5965 0.6358 -0.9541, 0.6693 0.6358 -0.9055, 0.5906 0.6358 -0.9843, 0.5118 0.6358 -1.1811, 0.5419 0.6358 -1.1751, 0.5675 0.6358 -1.158, 1.1384 0.6358 -0.8824, 1.1554 0.6358 -0.8569, 1.1128 0.6358 -0.8995, 1.0827 0.6358 -0.9055, 0.7433 0.6358 -0.0249, 0.8547 0.6358 -0.0044, 0.8965 0.6358 -0.0931, 1.0289 0.6358 0.0297, 1.0358 0.6358 0.0638, 1.0358 0.6358 -0.2568, 0.8617 0.6358 0.1047, 0.9522 0.6358 0.1661, 1.001 0.6358 0.1047, 0.9383 0.6358 -0.2568, 0.9383 0.6358 -0.0931, 0.9035 0.6358 0.0024, 0.8826 0.6358 0.016, 0.8686 0.6358 0.0365, 0.7084 0.6358 -0.2568, 0.7084 0.6358 -0.0249, 0.994 0.6358 0.132, 0.9801 0.6358 0.1524, 0.9174 0.6358 -0.0385, 0.9453 0.6358 -0.0385, 0.5906 0.6358 0.4331, 0.5965 0.6358 0.4632, 0.6693 0.6358 0.5118, 0.7084 0.6358 0.207, 0.3543 0.6358 1.0236, -0.3543 0.6358 0.8268, -0.3543 0.6358 1.0236, -0.5906 0.6358 0.4331, -0.5965 0.6358 0.4632, 0.7433 0.6358 0.1729, 0.8268 0.6358 0.0638, 0.8338 0.6358 0.1388, 0.8547 0.6358 0.1729, 0.8268 0.6358 0.1047, 0.8826 0.6358 -0.0249, 0.8338 0.6358 0.0297, 0.994 0.6358 0.0365, 0.9592 0.6358 0.0024, 0.9801 0.6358 0.016, 0.8617 0.6358 0.0638, 1.001 0.6358 0.0638, 0.8686 0.6358 0.132, 0.8895 0.6358 0.1593, 0.9244 0.6358 -0.0044, 0.9522 0.6358 0.207, 0.8895 0.6358 0.207, 0.9801 0.6358 -0.0249, 0.9383 0.6358 -0.0044, 1.008 0.6358 -0.0044, 1.0358 0.6358 0.1047, 1.1554 0.6358 0.5604, 0.6392 0.6358 0.5058, 0.6136 0.6358 0.4887, 1.008 0.6358 0.1729, 1.1128 0.6358 0.5178, 1.0289 0.6358 0.1388, 1.0827 0.6358 0.5118, 0.9801 0.6358 0.1934, -0.5906 0.6358 0.9055, -0.5965 0.6358 0.8754, -0.6693 0.6358 0.8268, 0.3774 0.6358 1.0793, -0.3774 0.6358 1.0793, 0.4029 0.6358 1.0964, -0.4331 0.6358 1.1024, -0.4029 0.6358 1.0964, 0.4331 0.6358 1.1024, -0.5675 0.6358 1.0793, -0.5846 0.6358 1.0538, -0.5906 0.6358 1.0236, -0.6392 0.6358 0.8328, -0.6136 0.6358 0.8498, -1.0827 0.6358 0.8268, -1.1614 0.6358 0.5906, -1.1384 0.6358 0.8037, -1.1128 0.6358 0.8208, -1.1614 0.6358 0.748, -1.1554 0.6358 0.7782, -1.1128 0.6358 0.5178, -1.1128 0.6358 -0.5965, -1.1384 0.6358 -0.6136, -1.1384 0.6358 0.5349, -1.1554 0.6358 -0.6392, -1.1554 0.6358 0.5604, -0.5965 0.6358 -0.5419, -0.6693 0.6358 -0.5906, -0.5906 0.6358 -0.5118, -1.0827 0.6358 0.5118, -1.0827 0.6358 -0.5906, -0.6392 0.6358 -0.5846, -0.6136 0.6358 -0.5675, -1.1614 0.6358 -0.6693, -1.1614 0.6358 -0.8268, -0.6693 0.6358 -0.9055, -1.0827 0.6358 -0.9055, -1.1554 0.6358 -0.8569, -1.1384 0.6358 -0.8824, -1.1128 0.6358 -0.8995, -0.6136 0.6358 -0.9286, -0.5965 0.6358 -0.9541, -0.5906 0.6358 -0.9843, -0.6392 0.6358 -0.9115, -0.5906 0.6358 -1.1024, -0.5675 0.6358 -1.158, -0.5846 0.6358 -1.1325, -0.5419 0.6358 -1.1751, -0.5118 0.6358 -1.1811, -0.4331 0.6358 -1.1811, 0.4331 0.6358 -1.1811, -0.3774 0.6358 -1.158, -0.3603 0.6358 -1.1325, 0.3603 0.6358 -1.1325, 0.3774 0.6358 -1.158, -0.4029 0.6358 -1.1751, -0.3543 0.6358 -0.9055, 0.5965 0.6358 -0.5419, 0.4029 0.6358 -1.1751, 0.5846 0.6358 -1.1325, 0.5906 0.6358 -1.1024, 0.6392 0.6358 -0.9115, 0.6136 0.6358 -0.9286, 1.0827 0.6358 -0.5906, 1.1128 0.6358 -0.5965, 1.1384 0.6358 -0.6136, 1.1554 0.6358 -0.6392, 1.1614 0.6358 -0.8268, 1.1614 0.6358 -0.6693, 1.1384 0.6358 0.5349, 1.1614 0.6358 0.5906, 0.6392 0.6358 -0.5846, 1.1554 0.6358 0.7782, 1.1384 0.6358 0.8037, 1.1614 0.6358 0.748, 1.1128 0.6358 0.8208, 1.0827 0.6358 0.8268, 0.6693 0.6358 0.8268, 0.5906 0.6358 1.0236, 0.6136 0.6358 0.8498, 0.5965 0.6358 0.8754, 0.5906 0.6358 0.9055, 0.6392 0.6358 0.8328, -0.3603 0.6358 1.0538, 0.5675 0.6358 1.0793, 0.5846 0.6358 1.0538, 0.5419 0.6358 1.0964, 0.5118 0.6358 1.1024, 0.3603 0.6358 1.0538, 0.3543 0.6358 0.8268, 0.3543 0.6358 0.5118, -0.3543 0.6358 -0.5906, -0.3543 0.6358 0.5118, 0.3543 0.6358 -0.5906, 0.7642 0.6358 -0.2568, 0.8965 0.6358 -0.1409, 0.8965 0.6358 -0.2568, -1.1718 -0.6358 1.1979, -1.1389 -0.6358 1.2147, -1.1024 -0.6358 1.2205, -1.1979 -0.6358 1.1718, -1.2147 -0.6358 1.1389, -1.2205 -0.6358 1.1024, 1.2205 -0.6358 -1.1024, 0.5666 -0.6358 -0.1664, 0.5372 -0.6358 -0.2453, 0.5666 -0.6358 0.1664, 0.5845 -0.6358 0.084, 1.2205 -0.6358 1.1024, 1.1718 -0.6358 -1.1979, 1.1979 -0.6358 -1.1718, 1.1389 -0.6358 -1.2147, 1.2147 -0.6358 -1.1389, -0.084 -0.6358 0.5845, -0.0 -0.6358 0.5905, 0.5906 -0.6358 0.0, 1.1389 -0.6358 1.2147, 1.2147 -0.6358 1.1389, 1.1979 -0.6358 1.1718, 1.1718 -0.6358 1.1979, 1.1024 -0.6358 1.2205, -0.1664 -0.6358 0.5666, -0.5906 -0.6358 0.0, -0.5845 -0.6358 0.084, -0.1664 -0.6358 -0.5666, -0.084 -0.6358 -0.5845, -0.5666 -0.6358 0.1664, -0.5372 -0.6358 0.2453, -0.4968 -0.6358 0.3193, -0.4463 -0.6358 0.3867, -0.3867 -0.6358 0.4463, -0.2453 -0.6358 0.5372, -0.3193 -0.6358 0.4968, 0.084 -0.6358 0.5845, 0.1664 -0.6358 0.5666, 0.2453 -0.6358 0.5372, 0.3193 -0.6358 0.4968, 0.3867 -0.6358 0.4463, 0.4463 -0.6358 0.3867, 0.5372 -0.6358 0.2453, 0.4968 -0.6358 0.3193, 0.5845 -0.6358 -0.084, 0.084 -0.6358 -0.5845, 0.1664 -0.6358 -0.5666, 0.4968 -0.6358 -0.3193, 0.4463 -0.6358 -0.3867, 0.3867 -0.6358 -0.4463, 0.2453 -0.6358 -0.5372, 0.3193 -0.6358 -0.4968, -0.0 -0.6358 -0.5905, -0.2453 -0.6358 -0.5372, -0.3193 -0.6358 -0.4968, -0.3867 -0.6358 -0.4463, -0.4463 -0.6358 -0.3867, -0.5372 -0.6358 -0.2453, -0.4968 -0.6358 -0.3193, -0.5845 -0.6358 -0.084, -0.5666 -0.6358 -0.1664, 0.7283 0.3013 1.2205, 1.0433 0.3013 1.2205, 1.0433 0.2225 1.2205, 0.7283 0.2225 1.2205, -1.0433 0.2225 1.2205, -0.7283 0.2225 1.2205, -1.0433 0.3013 1.2205, -0.7283 0.3013 1.2205, -0.3543 0.5177 0.5118, 0.3543 0.5177 0.5118, 0.3543 0.7933 1.0236, 0.3543 0.7933 -1.1024, 0.3543 0.5177 0.8268, 0.3543 0.5177 -0.9055, 0.3543 0.5177 -0.5906, -0.3543 0.5177 -0.5906, -0.3543 0.7933 -1.1024, -0.3543 0.7933 1.0236, -0.3543 0.5177 0.8268, -0.3543 0.5177 -0.9055, -0.3695 0.7933 1.0701, -0.3871 0.7933 1.0875, -0.4086 0.7933 1.0985, -0.4331 0.7933 1.1024, -0.3582 0.7933 1.0481, -0.4158 0.8276 1.0797, -0.4331 0.8274 1.0827, -0.4114 0.8126 1.0941, -0.4331 0.813 1.0971, -0.4331 0.8327 1.063, -0.3902 0.8126 1.0836, -0.399 0.8276 1.0713, -0.4206 0.8327 1.0609, -0.3854 0.8276 1.0577, -0.4098 0.8327 1.0553, -0.3731 0.8126 1.0665, -0.3596 0.813 1.0236, -0.3626 0.8126 1.0453, -0.3958 0.8327 1.0361, -0.374 0.8274 1.0236, -0.3937 0.8327 1.0236, -0.4011 0.8327 1.0466, -0.377 0.8276 1.0408, -0.5512 0.8327 -1.1024, -0.5398 0.8327 -1.1299, -0.5481 0.8327 -1.1176, -1.122 0.8327 -0.6693, -1.1057 0.8327 -0.6373, -1.0951 0.8327 -0.632, -0.5512 0.8327 1.0236, -0.5271 0.8327 1.0599, -0.5512 0.8327 0.9055, -0.5512 0.8327 -0.9843, -0.4331 0.8327 -1.1417, -0.5118 0.8327 -1.1417, -0.4055 0.8327 -1.1304, -0.3937 0.8327 -1.1024, -0.3968 0.8327 -1.1176, -0.5271 0.8327 -1.1386, -1.1143 0.8327 -0.646, -1.12 0.8327 -0.6568, -1.0827 0.8327 -0.8661, -1.0951 0.8327 -0.8641, -0.557 0.8327 -0.9478, -0.4178 0.8327 -1.1386, -0.5737 0.8327 0.5025, -0.5999 0.8327 0.5286, -0.5999 0.8327 0.81, -0.5737 0.8327 0.8361, -0.5118 0.8327 1.063, -0.5481 0.8327 1.0389, -0.5394 0.8327 1.0517, -0.557 0.8327 0.4696, -0.6693 0.8327 0.7874, -0.6328 0.8327 0.5454, -0.6693 0.8327 0.5512, -0.6328 0.8327 0.7932, -0.557 0.8327 0.869, -0.5737 0.8327 -0.5812, -0.557 0.8327 -0.5483, -0.5737 0.8327 -0.9148, -1.1189 0.8327 0.5753, -1.122 0.8327 0.5906, -1.1107 0.8327 0.563, -1.12 0.8327 0.7605, -1.1143 0.8327 0.7713, -1.122 0.8327 0.748, -1.0951 0.8327 0.7853, -1.1057 0.8327 0.78, -1.0979 0.8327 0.5543, -1.0827 0.8327 0.7874, -1.0827 0.8327 0.5512, -0.5999 0.8327 -0.8887, -0.5999 0.8327 -0.6074, -0.5512 0.8327 0.4331, -0.5512 0.8327 -0.5118, -0.6328 0.8327 -0.6241, -0.6328 0.8327 -0.8719, -0.6693 0.8327 -0.6299, -0.6693 0.8327 -0.8661, -1.0827 0.8327 -0.6299, -1.1146 0.8327 -0.8498, -1.122 0.8327 -0.8268, -1.106 0.8327 -0.8584, -1.12 0.8327 -0.8392, -1.0999 0.8276 -0.8828, -1.0827 0.8274 -0.8858, -1.1043 0.8126 -0.8972, -1.1292 0.7933 -0.8903, -1.1071 0.7933 -0.9016, -1.0827 0.813 -0.9002, -1.0827 0.7933 -0.9055, -1.1255 0.8126 -0.8868, -1.1167 0.8276 -0.8745, -1.1304 0.8276 -0.8608, -1.1427 0.8126 -0.8696, -1.1561 0.813 -0.8268, -1.1531 0.8126 -0.8484, -1.1614 0.7933 -0.8268, -1.1417 0.8274 -0.8268, -1.1387 0.8276 -0.844, -1.1465 0.7933 -0.8728, -1.1575 0.7933 -0.8512, -1.1614 0.7933 -0.6693, -1.1561 0.813 -0.6693, -1.1417 0.8274 -0.6693, -1.1387 0.8276 -0.6521, -1.1531 0.8126 -0.6476, -1.1462 0.7933 -0.6228, -1.1575 0.7933 -0.6448, -1.1427 0.8126 -0.6265, -1.1304 0.8276 -0.6352, -1.1167 0.8276 -0.6216, -1.1255 0.8126 -0.6093, -1.0827 0.813 -0.5958, -1.1043 0.8126 -0.5988, -1.0827 0.7933 -0.5906, -1.0827 0.8274 -0.6102, -1.0999 0.8276 -0.6133, -1.1287 0.7933 -0.6055, -1.1071 0.7933 -0.5945, -0.6693 0.7933 -0.5906, -0.6693 0.813 -0.5958, -0.6693 0.8274 -0.6102, -0.5897 0.8274 -0.5697, -0.6199 0.813 -0.5798, -0.6013 0.813 -0.5612, -0.6114 0.8274 -0.5914, -0.6448 0.7933 -0.5866, -0.6433 0.813 -0.5917, -0.5757 0.8274 -0.5422, -0.5945 0.7933 -0.5363, -0.5906 0.7933 -0.5118, -0.5853 0.813 -0.5118, -0.5894 0.813 -0.5378, -0.5709 0.8274 -0.5118, -0.6233 0.7933 -0.5756, -0.6389 0.8274 -0.6054, -0.6058 0.7933 -0.5583, -0.5906 0.7933 0.4331, -0.5853 0.813 0.4331, -0.5709 0.8274 0.4331, -0.6114 0.8274 0.5127, -0.6013 0.813 0.4825, -0.6199 0.813 0.501, -0.5897 0.8274 0.4909, -0.5945 0.7933 0.4575, -0.5894 0.813 0.459, -0.6389 0.8274 0.5267, -0.6448 0.7933 0.5079, -0.6693 0.7933 0.5118, -0.6693 0.813 0.5171, -0.6433 0.813 0.513, -0.6693 0.8274 0.5315, -0.6055 0.7933 0.4791, -0.5757 0.8274 0.4635, -0.6228 0.7933 0.4966, -1.0827 0.7933 0.5118, -1.0827 0.813 0.5171, -1.0827 0.8274 0.5315, -1.1506 0.813 0.5624, -1.1561 0.813 0.5906, -1.1372 0.8274 0.568, -1.1128 0.7933 0.5178, -1.1384 0.7933 0.5349, -1.1108 0.813 0.5227, -1.1346 0.813 0.5386, -1.1053 0.8274 0.536, -1.1244 0.8274 0.5488, -1.1614 0.7933 0.5906, -1.1417 0.8274 0.5906, -1.1554 0.7933 0.5604, -1.1614 0.7933 0.748, -1.1561 0.813 0.748, -1.1417 0.8274 0.748, -1.1387 0.8276 0.7653, -1.1531 0.8126 0.7697, -1.1462 0.7933 0.7945, -1.1575 0.7933 0.7725, -1.1427 0.8126 0.7909, -1.1304 0.8276 0.7821, -1.1167 0.8276 0.7957, -1.1255 0.8126 0.808, -1.0827 0.813 0.8215, -1.1043 0.8126 0.8185, -1.0827 0.7933 0.8268, -1.0827 0.8274 0.8071, -1.0999 0.8276 0.8041, -1.1287 0.7933 0.8119, -1.1071 0.7933 0.8229, -0.6693 0.7933 0.8268, -0.6693 0.813 0.8215, -0.6693 0.8274 0.8071, -0.5897 0.8274 0.8477, -0.6199 0.813 0.8375, -0.6013 0.813 0.8561, -0.6114 0.8274 0.8259, -0.6448 0.7933 0.8307, -0.6433 0.813 0.8256, -0.5757 0.8274 0.8751, -0.5945 0.7933 0.881, -0.5906 0.7933 0.9055, -0.5853 0.813 0.9055, -0.5894 0.813 0.8796, -0.5709 0.8274 0.9055, -0.6233 0.7933 0.8417, -0.6389 0.8274 0.8119, -0.6058 0.7933 0.859, -0.5906 0.7933 1.0236, -0.5853 0.813 1.0236, -0.5709 0.8274 1.0236, -0.5399 0.813 1.0915, -0.5118 0.813 1.0971, -0.5344 0.8274 1.0782, -0.5846 0.7933 1.0538, -0.5675 0.7933 1.0793, -0.5797 0.813 1.0517, -0.5638 0.813 1.0756, -0.5664 0.8274 1.0462, -0.5536 0.8274 1.0654, -0.5118 0.7933 1.1024, -0.5118 0.8274 1.0827, -0.5419 0.7933 1.0964, -0.6693 0.7933 -0.9055, -0.6693 0.8274 -0.8858, -0.6693 0.813 -0.9002, -0.6114 0.8274 -0.9046, -0.6013 0.813 -0.9349, -0.6199 0.813 -0.9163, -0.5897 0.8274 -0.9264, -0.5945 0.7933 -0.9598, -0.5894 0.813 -0.9583, -0.5906 0.7933 -0.9843, -0.6389 0.8274 -0.8906, -0.6448 0.7933 -0.9094, -0.6433 0.813 -0.9044, -0.6055 0.7933 -0.9382, -0.5757 0.8274 -0.9538, -0.5853 0.813 -0.9843, -0.5709 0.8274 -0.9843, -0.6228 0.7933 -0.9207, -0.5906 0.7933 -1.1024, -0.5709 0.8274 -1.1024, -0.5853 0.813 -1.1024, -0.5797 0.813 -1.1305, -0.5664 0.8274 -1.125, -0.5118 0.813 -1.1758, -0.5118 0.7933 -1.1811, -0.5419 0.7933 -1.1751, -0.5675 0.7933 -1.158, -0.5399 0.813 -1.1702, -0.5638 0.813 -1.1543, -0.5344 0.8274 -1.1569, -0.5536 0.8274 -1.1441, -0.5118 0.8274 -1.1614, -0.5846 0.7933 -1.1325, -0.4331 0.7933 -1.1811, -0.4331 0.8274 -1.1614, -0.4331 0.813 -1.1758, -0.405 0.813 -1.1702, -0.4105 0.8274 -1.1569, -0.3596 0.813 -1.1024, -0.3603 0.7933 -1.1325, -0.3774 0.7933 -1.158, -0.3652 0.813 -1.1305, -0.3811 0.813 -1.1543, -0.3785 0.8274 -1.125, -0.3913 0.8274 -1.1441, -0.374 0.8274 -1.1024, -0.4029 0.7933 -1.1751, 0.4029 0.7933 -1.1751, 0.3774 0.7933 -1.158, 0.4331 0.7933 -1.1811, 0.3603 0.7933 -1.1325, 0.3937 0.8327 -1.1024, 0.3785 0.8274 -1.125, 0.374 0.8274 -1.1024, 0.405 0.813 -1.1702, 0.3913 0.8274 -1.1441, 0.4105 0.8274 -1.1569, 0.3652 0.813 -1.1305, 0.3596 0.813 -1.1024, 0.3811 0.813 -1.1543, 0.3968 0.8327 -1.1176, 0.4178 0.8327 -1.1386, 0.4331 0.8274 -1.1614, 0.4331 0.8327 -1.1417, 0.4331 0.813 -1.1758, 0.4055 0.8327 -1.1304, 0.5999 0.8327 0.81, 0.6328 0.8327 0.7932, 0.5999 0.8327 0.5286, 0.5434 0.8327 -1.1257, 0.5348 0.8327 -1.1343, 0.5512 0.8327 -1.1024, 0.6328 0.8327 0.5454, 1.122 0.8327 -0.6693, 1.1146 0.8327 -0.6463, 1.12 0.8327 -0.6568, 0.5491 0.8327 -1.1148, 1.1146 0.8327 0.771, 1.122 0.8327 0.748, 1.106 0.8327 0.7797, 0.5512 0.8327 -0.9843, 0.5243 0.8327 -1.1397, 1.106 0.8327 -0.6377, 0.5118 0.8327 -1.1417, 0.557 0.8327 -0.9478, 0.557 0.8327 0.869, 0.3937 0.8327 1.0236, 0.4331 0.8327 1.063, 0.4014 0.8327 1.0469, 0.4101 0.8327 1.0556, 0.3958 0.8327 1.0361, 0.4206 0.8327 1.0609, 0.5118 0.8327 1.063, 0.5512 0.8327 0.9055, 0.5512 0.8327 1.0236, 0.5398 0.8327 1.0512, 0.5481 0.8327 1.0389, 0.5271 0.8327 1.0599, 0.5737 0.8327 0.5025, 0.5737 0.8327 0.8361, 0.6693 0.8327 0.7874, 1.1189 0.8327 0.5753, 1.1102 0.8327 0.5625, 1.122 0.8327 0.5906, 0.6693 0.8327 0.5512, 1.12 0.8327 0.7605, 1.0951 0.8327 0.7853, 1.0979 0.8327 0.5543, 1.1143 0.8327 -0.8501, 1.122 0.8327 -0.8268, 1.12 0.8327 -0.8392, 0.5999 0.8327 -0.6074, 0.5999 0.8327 -0.8887, 0.5737 0.8327 -0.9148, 1.0827 0.8327 0.5512, 1.0827 0.8327 0.7874, 0.557 0.8327 -0.5483, 0.557 0.8327 0.4696, 0.5512 0.8327 0.4331, 0.5512 0.8327 -0.5118, 0.6328 0.8327 -0.8719, 0.6328 0.8327 -0.6241, 0.6693 0.8327 -0.6299, 0.5737 0.8327 -0.5812, 0.6693 0.8327 -0.8661, 1.0951 0.8327 -0.632, 1.0951 0.8327 -0.8641, 1.1057 0.8327 -0.8587, 1.0827 0.8327 -0.8661, 1.0827 0.8327 -0.6299, 0.5757 0.8274 -0.9538, 0.6433 0.813 -0.9044, 0.6448 0.7933 -0.9094, 0.6233 0.7933 -0.9204, 0.6199 0.813 -0.9163, 0.6693 0.7933 -0.9055, 0.6693 0.813 -0.9002, 0.5945 0.7933 -0.9598, 0.5906 0.7933 -0.9843, 0.5894 0.813 -0.9583, 0.5897 0.8274 -0.9264, 0.6114 0.8274 -0.9046, 0.5853 0.813 -0.9843, 0.5709 0.8274 -0.9843, 0.6058 0.7933 -0.9378, 0.6013 0.813 -0.9349, 0.6693 0.8274 -0.8858, 0.6389 0.8274 -0.8906, 0.5906 0.7933 -1.1024, 0.5853 0.813 -1.1024, 0.5709 0.8274 -1.1024, 0.5678 0.8276 -1.1196, 0.5578 0.7933 -1.1662, 0.5546 0.8126 -1.1624, 0.5753 0.7933 -1.1488, 0.5823 0.8126 -1.124, 0.5866 0.7933 -1.1268, 0.5595 0.8276 -1.1364, 0.5718 0.8126 -1.1452, 0.5459 0.8276 -1.1501, 0.5335 0.8126 -1.1728, 0.5118 0.8274 -1.1614, 0.529 0.8276 -1.1584, 0.5363 0.7933 -1.1772, 0.5118 0.7933 -1.1811, 0.5118 0.813 -1.1758, 1.0827 0.7933 -0.9055, 1.0827 0.8274 -0.8858, 1.0827 0.813 -0.9002, 1.1561 0.813 -0.8268, 1.1387 0.8276 -0.844, 1.1417 0.8274 -0.8268, 1.1287 0.7933 -0.8906, 1.1255 0.8126 -0.8868, 1.1462 0.7933 -0.8732, 1.1531 0.8126 -0.8484, 1.1575 0.7933 -0.8512, 1.1614 0.7933 -0.8268, 1.1304 0.8276 -0.8608, 1.1427 0.8126 -0.8696, 1.1167 0.8276 -0.8745, 1.1043 0.8126 -0.8972, 1.0999 0.8276 -0.8828, 1.1071 0.7933 -0.9016, 1.1614 0.7933 -0.6693, 1.1417 0.8274 -0.6693, 1.1561 0.813 -0.6693, 1.0827 0.813 -0.5958, 1.0999 0.8276 -0.6133, 1.0827 0.8274 -0.6102, 1.1465 0.7933 -0.6233, 1.1427 0.8126 -0.6265, 1.1292 0.7933 -0.6058, 1.1043 0.8126 -0.5988, 1.1071 0.7933 -0.5945, 1.0827 0.7933 -0.5906, 1.1167 0.8276 -0.6216, 1.1255 0.8126 -0.6093, 1.1304 0.8276 -0.6352, 1.1531 0.8126 -0.6476, 1.1387 0.8276 -0.6521, 1.1575 0.7933 -0.6448, 0.6693 0.7933 -0.5906, 0.6693 0.8274 -0.6102, 0.6693 0.813 -0.5958, 0.6389 0.8274 -0.6054, 0.5894 0.813 -0.5378, 0.5945 0.7933 -0.5363, 0.6055 0.7933 -0.5578, 0.6013 0.813 -0.5612, 0.5906 0.7933 -0.5118, 0.5853 0.813 -0.5118, 0.6448 0.7933 -0.5866, 0.6433 0.813 -0.5917, 0.6114 0.8274 -0.5914, 0.5897 0.8274 -0.5697, 0.6228 0.7933 -0.5753, 0.6199 0.813 -0.5798, 0.5757 0.8274 -0.5422, 0.5709 0.8274 -0.5118, 0.5906 0.7933 0.4331, 0.5709 0.8274 0.4331, 0.5853 0.813 0.4331, 0.5757 0.8274 0.4635, 0.6433 0.813 0.513, 0.6448 0.7933 0.5079, 0.6233 0.7933 0.4969, 0.6199 0.813 0.501, 0.6693 0.7933 0.5118, 0.6693 0.813 0.5171, 0.5945 0.7933 0.4575, 0.5894 0.813 0.459, 0.5897 0.8274 0.4909, 0.6114 0.8274 0.5127, 0.6058 0.7933 0.4795, 0.6013 0.813 0.4825, 0.6389 0.8274 0.5267, 0.6693 0.8274 0.5315, 1.0827 0.7933 0.5118, 1.0827 0.8274 0.5315, 1.0827 0.813 0.5171, 1.1053 0.8274 0.536, 1.1506 0.813 0.5624, 1.1614 0.7933 0.5906, 1.1554 0.7933 0.5604, 1.1244 0.8274 0.5488, 1.1372 0.8274 0.568, 1.1108 0.813 0.5227, 1.1384 0.7933 0.5349, 1.1346 0.813 0.5386, 1.1128 0.7933 0.5178, 1.1417 0.8274 0.5906, 1.1561 0.813 0.5906, 1.1614 0.7933 0.748, 1.1417 0.8274 0.748, 1.1561 0.813 0.748, 1.0827 0.813 0.8215, 1.0999 0.8276 0.8041, 1.0827 0.8274 0.8071, 1.1465 0.7933 0.794, 1.1427 0.8126 0.7909, 1.1292 0.7933 0.8116, 1.1043 0.8126 0.8185, 1.1071 0.7933 0.8229, 1.0827 0.7933 0.8268, 1.1167 0.8276 0.7957, 1.1255 0.8126 0.808, 1.1304 0.8276 0.7821, 1.1531 0.8126 0.7697, 1.1387 0.8276 0.7653, 1.1575 0.7933 0.7725, 0.6693 0.7933 0.8268, 0.6693 0.8274 0.8071, 0.6693 0.813 0.8215, 0.6389 0.8274 0.8119, 0.5894 0.813 0.8796, 0.5945 0.7933 0.881, 0.6055 0.7933 0.8595, 0.6013 0.813 0.8561, 0.5906 0.7933 0.9055, 0.5853 0.813 0.9055, 0.6448 0.7933 0.8307, 0.6433 0.813 0.8256, 0.6114 0.8274 0.8259, 0.5897 0.8274 0.8477, 0.6228 0.7933 0.842, 0.6199 0.813 0.8375, 0.5757 0.8274 0.8751, 0.5709 0.8274 0.9055, 0.5906 0.7933 1.0236, 0.5709 0.8274 1.0236, 0.5853 0.813 1.0236, 0.5664 0.8274 1.0462, 0.5399 0.813 1.0915, 0.5118 0.7933 1.1024, 0.5419 0.7933 1.0964, 0.5536 0.8274 1.0654, 0.5344 0.8274 1.0782, 0.5797 0.813 1.0517, 0.5675 0.7933 1.0793, 0.5638 0.813 1.0756, 0.5846 0.7933 1.0538, 0.5118 0.8274 1.0827, 0.5118 0.813 1.0971, 0.4331 0.7933 1.1024, 0.4331 0.8274 1.0827, 0.4331 0.813 1.0971, 0.3596 0.813 1.0236, 0.377 0.8276 1.0408, 0.374 0.8274 1.0236, 0.3871 0.7933 1.0875, 0.3902 0.8126 1.0836, 0.3695 0.7933 1.0701, 0.3626 0.8126 1.0453, 0.3582 0.7933 1.0481, 0.3854 0.8276 1.0577, 0.3731 0.8126 1.0665, 0.399 0.8276 1.0713, 0.4114 0.8126 1.0941, 0.4158 0.8276 1.0797, 0.4086 0.7933 1.0985, 0.8686 0.6437 0.132, 0.8895 0.6437 0.1593, 0.8895 0.6437 0.207, 0.7084 0.6437 0.207, 0.7084 0.6437 -0.0249, 0.7433 0.6437 -0.0249, 0.7433 0.6437 0.1729, 0.8547 0.6437 0.1729, 0.8338 0.6437 0.1388, 0.8268 0.6437 0.1047, 0.8268 0.6437 0.0638, 0.8338 0.6437 0.0297, 0.8547 0.6437 -0.0044, 0.8826 0.6437 -0.0249, 0.9174 0.6437 -0.0385, 0.9453 0.6437 -0.0385, 0.9801 0.6437 -0.0249, 1.008 0.6437 -0.0044, 1.0289 0.6437 0.0297, 1.0358 0.6437 0.0638, 1.0358 0.6437 0.1047, 1.0289 0.6437 0.1388, 1.008 0.6437 0.1729, 0.9801 0.6437 0.1934, 0.9522 0.6437 0.207, 0.9522 0.6437 0.1661, 0.9801 0.6437 0.1524, 0.994 0.6437 0.132, 1.001 0.6437 0.1047, 1.001 0.6437 0.0638, 0.994 0.6437 0.0365, 0.9801 0.6437 0.016, 0.9592 0.6437 0.0024, 0.9383 0.6437 -0.0044, 0.9244 0.6437 -0.0044, 0.9035 0.6437 0.0024, 0.8826 0.6437 0.016, 0.8686 0.6437 0.0365, 0.8617 0.6437 0.0638, 0.8617 0.6437 0.1047, 0.9383 0.6437 -0.2977, 0.9383 0.6437 -0.3659, 0.8965 0.6437 -0.2977, 0.9383 0.6437 -0.2568, 0.8965 0.6437 -0.1409, 0.9383 0.6437 -0.0931, 1.0358 0.6437 -0.2977, 1.0358 0.6437 -0.2568, 0.8965 0.6437 -0.3659, 0.8965 0.6437 -0.2568, 0.7084 0.6437 -0.2977, 0.7642 0.6437 -0.2568, 0.7084 0.6437 -0.2568, 0.8965 0.6437 -0.0931, -0.8227 -0.8209 1.0419, -0.8227 -0.7421 1.0419, -0.8702 -0.7421 1.0419, -0.7767 -0.8209 1.0305, -0.7767 -0.7421 1.0305, -0.7346 -0.7421 1.0085, -0.7346 -0.8209 1.0085, -0.6991 -0.8209 0.977, -0.6991 -0.7421 0.977, -0.6722 -0.8209 0.9379, -0.6722 -0.7421 0.9379, -0.6553 -0.7421 0.8936, -0.6553 -0.8209 0.8936, -0.6496 -0.8209 0.8465, -0.6496 -0.7421 0.8465, -0.8702 -0.8209 1.0419, -0.9163 -0.7421 1.0305, -0.9163 -0.8209 1.0305, -0.9583 -0.7421 1.0085, -0.9583 -0.8209 1.0085, -0.9938 -0.8209 0.977, -0.9938 -0.7421 0.977, -1.0208 -0.7421 0.9379, -1.0208 -0.8209 0.9379, -1.0376 -0.7421 0.8936, -1.0376 -0.8209 0.8936, -1.0433 -0.7421 0.8465, -1.0433 -0.8209 0.8465, -0.7036 -0.851 0.973, -0.6775 -0.851 0.9352, -0.6611 -0.851 0.8921, -0.6556 -0.851 0.8465, -0.7152 -0.8936 0.9154, -0.7418 -0.8996 0.9011, -0.7318 -0.8996 0.8749, -0.7788 -0.851 1.0249, -0.8695 -0.851 1.0359, -0.8045 -0.8996 0.9568, -0.8286 -0.8936 0.9936, -0.832 -0.8996 0.9636, -0.7355 -0.8936 0.9448, -0.7164 -0.8765 0.9617, -0.7477 -0.8765 0.9895, -1.0155 -0.851 0.9352, -0.8255 -0.8765 1.019, -0.8674 -0.8765 1.019, -1.0318 -0.851 0.8921, -0.9307 -0.8936 0.9685, -0.9452 -0.8765 0.9895, -0.9765 -0.8765 0.9617, -1.0152 -0.8765 0.888, -1.0373 -0.851 0.8465, -1.0202 -0.8765 0.8465, -0.9904 -0.8936 0.8819, -0.9611 -0.8996 0.8749, -0.9509 -0.8996 0.9015, -1.0003 -0.8765 0.9272, -0.9947 -0.8936 0.8465, -0.9646 -0.8996 0.8465, -0.9777 -0.8936 0.9154, -0.9081 -0.8765 1.009, -0.8643 -0.8936 0.9936, -0.9347 -0.8996 0.9249, -0.899 -0.8936 0.9851, -0.9549 -0.851 1.0035, -0.9893 -0.851 0.973, -0.8235 -0.851 1.0359, -0.6926 -0.8765 0.9272, -0.7939 -0.8936 0.9851, -0.738 -0.851 1.0035, -0.6777 -0.8765 0.888, -0.6727 -0.8765 0.8465, -0.6982 -0.8936 0.8465, -0.7025 -0.8936 0.8819, -0.7283 -0.8996 0.8465, -0.7579 -0.8996 0.9246, -0.7622 -0.8936 0.9685, -0.7793 -0.8996 0.9436, -0.7848 -0.8765 1.009, -0.9141 -0.851 1.0249, -0.8605 -0.8996 0.9637, -0.8883 -0.8996 0.9569, -0.9135 -0.8996 0.9437, -0.9574 -0.8936 0.9448, -0.7579 -0.8996 0.7683, -0.7418 -0.8996 0.7918, -0.7793 -0.8996 0.7493, -0.7318 -0.8996 0.8181, -0.832 -0.8996 0.7293, -0.9347 -0.8996 0.768, -0.8883 -0.8996 0.736, -0.9509 -0.8996 0.7914, -0.8605 -0.8996 0.7292, -0.9611 -0.8996 0.8181, -0.9135 -0.8996 0.7492, -0.8045 -0.8996 0.7361, -0.9938 -0.8209 0.7159, -0.9893 -0.851 0.7199, -1.0155 -0.851 0.7578, -1.0318 -0.851 0.8008, -1.0376 -0.8209 0.7993, -0.9777 -0.8936 0.7776, -0.9163 -0.8209 0.6624, -0.8702 -0.8209 0.651, -0.9141 -0.851 0.668, -0.8227 -0.8209 0.651, -0.7767 -0.8209 0.6624, -0.8235 -0.851 0.657, -0.8643 -0.8936 0.6993, -0.9574 -0.8936 0.7482, -0.9765 -0.8765 0.7312, -0.9452 -0.8765 0.7034, -0.6722 -0.8209 0.755, -0.6553 -0.8209 0.7993, -0.6775 -0.851 0.7578, -0.8674 -0.8765 0.6739, -0.8255 -0.8765 0.6739, -0.6611 -0.851 0.8008, -0.7622 -0.8936 0.7245, -0.7477 -0.8765 0.7034, -0.7164 -0.8765 0.7312, -0.6777 -0.8765 0.8049, -0.7025 -0.8936 0.811, -0.6926 -0.8765 0.7657, -0.7152 -0.8936 0.7776, -0.7848 -0.8765 0.684, -0.8286 -0.8936 0.6993, -0.7939 -0.8936 0.7078, -0.6991 -0.8209 0.7159, -0.738 -0.851 0.6894, -0.7346 -0.8209 0.6845, -0.7036 -0.851 0.7199, -0.8695 -0.851 0.657, -1.0003 -0.8765 0.7657, -0.899 -0.8936 0.7078, -1.0208 -0.8209 0.755, -0.9583 -0.8209 0.6845, -0.9549 -0.851 0.6894, -1.0152 -0.8765 0.8049, -0.9904 -0.8936 0.811, -0.9307 -0.8936 0.7245, -0.9081 -0.8765 0.684, -0.7788 -0.851 0.668, -0.7355 -0.8936 0.7482, -0.8702 -0.7421 0.651, -0.8227 -0.7421 0.651, -0.9163 -0.7421 0.6624, -0.9583 -0.7421 0.6845, -0.9938 -0.7421 0.7159, -1.0208 -0.7421 0.755, -1.0376 -0.7421 0.7993, -0.7767 -0.7421 0.6624, -0.7346 -0.7421 0.6845, -0.6991 -0.7421 0.7159, -0.6722 -0.7421 0.755, -0.6553 -0.7421 0.7993, 0.8702 -0.7421 1.0419, 0.8702 -0.8209 1.0419, 0.9163 -0.8209 1.0305, 0.9163 -0.7421 1.0305, 0.8227 -0.7421 1.0419, 0.9583 -0.8209 1.0085, 0.9938 -0.8209 0.977, 0.9938 -0.7421 0.977, 0.9583 -0.7421 1.0085, 1.0208 -0.8209 0.9379, 1.0208 -0.7421 0.9379, 1.0376 -0.7421 0.8936, 1.0376 -0.8209 0.8936, 1.0433 -0.8209 0.8465, 1.0433 -0.7421 0.8465, 0.8227 -0.8209 1.0419, 0.7767 -0.7421 1.0305, 0.7767 -0.8209 1.0305, 0.7346 -0.7421 1.0085, 0.7346 -0.8209 1.0085, 0.6991 -0.8209 0.977, 0.6991 -0.7421 0.977, 0.6722 -0.7421 0.9379, 0.6722 -0.8209 0.9379, 0.6553 -0.7421 0.8936, 0.6553 -0.8209 0.8936, 0.6496 -0.7421 0.8465, 0.6496 -0.8209 0.8465, 0.7939 -0.8936 0.9851, 0.7622 -0.8936 0.9685, 0.7793 -0.8996 0.9436, 0.9765 -0.8765 0.9617, 1.0155 -0.851 0.9352, 0.9893 -0.851 0.973, 0.9135 -0.8996 0.9437, 0.9574 -0.8936 0.9448, 0.9307 -0.8936 0.9685, 0.9549 -0.851 1.0035, 0.9141 -0.851 1.0249, 1.0318 -0.851 0.8921, 0.8605 -0.8996 0.9637, 0.899 -0.8936 0.9851, 0.8643 -0.8936 0.9936, 0.8695 -0.851 1.0359, 0.6775 -0.851 0.9352, 0.6926 -0.8765 0.9272, 0.7036 -0.851 0.973, 0.7788 -0.851 1.0249, 0.7848 -0.8765 1.009, 0.8235 -0.851 1.0359, 0.6777 -0.8765 0.888, 0.6982 -0.8936 0.8465, 0.7025 -0.8936 0.8819, 0.7152 -0.8936 0.9154, 0.7318 -0.8996 0.8749, 0.6556 -0.851 0.8465, 0.6727 -0.8765 0.8465, 0.6611 -0.851 0.8921, 0.7283 -0.8996 0.8465, 0.7418 -0.8996 0.9011, 0.7355 -0.8936 0.9448, 0.8286 -0.8936 0.9936, 0.8045 -0.8996 0.9568, 0.832 -0.8996 0.9636, 0.738 -0.851 1.0035, 0.8883 -0.8996 0.9569, 1.0152 -0.8765 0.888, 0.9777 -0.8936 0.9154, 0.9904 -0.8936 0.8819, 1.0003 -0.8765 0.9272, 0.9452 -0.8765 0.9895, 0.9611 -0.8996 0.8749, 0.9947 -0.8936 0.8465, 1.0202 -0.8765 0.8465, 0.9646 -0.8996 0.8465, 0.7579 -0.8996 0.9246, 0.7164 -0.8765 0.9617, 0.7477 -0.8765 0.9895, 0.8255 -0.8765 1.019, 0.8674 -0.8765 1.019, 0.9081 -0.8765 1.009, 0.9347 -0.8996 0.9249, 0.9509 -0.8996 0.9015, 1.0373 -0.851 0.8465, 0.935 -0.8996 0.7683, 0.9511 -0.8996 0.7918, 0.8885 -0.8996 0.7361, 0.742 -0.8996 0.7914, 0.8609 -0.8996 0.7293, 0.9136 -0.8996 0.7493, 0.9611 -0.8996 0.8181, 0.8324 -0.8996 0.7292, 0.7794 -0.8996 0.7492, 0.8047 -0.8996 0.736, 0.7318 -0.8996 0.8181, 0.7582 -0.8996 0.768, 0.899 -0.8936 0.7078, 0.9307 -0.8936 0.7245, 0.7164 -0.8765 0.7312, 0.6775 -0.851 0.7578, 0.7036 -0.851 0.7199, 0.7355 -0.8936 0.7482, 0.7622 -0.8936 0.7245, 0.6722 -0.8209 0.755, 0.738 -0.851 0.6894, 0.7346 -0.8209 0.6845, 0.7788 -0.851 0.668, 0.6553 -0.8209 0.7993, 0.6611 -0.851 0.8008, 0.7939 -0.8936 0.7078, 0.8286 -0.8936 0.6993, 0.8235 -0.851 0.657, 0.7767 -0.8209 0.6624, 1.0155 -0.851 0.7578, 1.0003 -0.8765 0.7657, 0.9893 -0.851 0.7199, 0.9141 -0.851 0.668, 0.9081 -0.8765 0.684, 0.8695 -0.851 0.657, 1.0152 -0.8765 0.8049, 0.9904 -0.8936 0.811, 0.9777 -0.8936 0.7776, 1.0318 -0.851 0.8008, 1.0376 -0.8209 0.7993, 0.9574 -0.8936 0.7482, 0.9163 -0.8209 0.6624, 0.9549 -0.851 0.6894, 0.9583 -0.8209 0.6845, 0.8643 -0.8936 0.6993, 0.7477 -0.8765 0.7034, 0.8227 -0.8209 0.651, 0.6926 -0.8765 0.7657, 0.7152 -0.8936 0.7776, 0.7025 -0.8936 0.811, 0.6777 -0.8765 0.8049, 1.0208 -0.8209 0.755, 0.9938 -0.8209 0.7159, 0.9765 -0.8765 0.7312, 0.9452 -0.8765 0.7034, 0.8702 -0.8209 0.651, 0.8674 -0.8765 0.6739, 0.8255 -0.8765 0.6739, 0.7848 -0.8765 0.684, 0.6991 -0.8209 0.7159, 0.8227 -0.7421 0.651, 0.7767 -0.7421 0.6624, 0.8702 -0.7421 0.651, 0.6991 -0.7421 0.7159, 0.7346 -0.7421 0.6845, 0.6722 -0.7421 0.755, 0.6553 -0.7421 0.7993, 0.9163 -0.7421 0.6624, 0.9583 -0.7421 0.6845, 0.9938 -0.7421 0.7159, 1.0208 -0.7421 0.755, 1.0376 -0.7421 0.7993, -0.8702 -0.7421 -1.0419, -0.8702 -0.8209 -1.0419, -0.9163 -0.8209 -1.0305, -0.9163 -0.7421 -1.0305, -0.8227 -0.7421 -1.0419, -0.9583 -0.8209 -1.0085, -0.9938 -0.8209 -0.977, -0.9938 -0.7421 -0.977, -0.9583 -0.7421 -1.0085, -1.0208 -0.8209 -0.9379, -1.0208 -0.7421 -0.9379, -1.0376 -0.7421 -0.8936, -1.0376 -0.8209 -0.8936, -1.0433 -0.8209 -0.8465, -1.0433 -0.7421 -0.8465, -0.8227 -0.8209 -1.0419, -0.7767 -0.7421 -1.0305, -0.7767 -0.8209 -1.0305, -0.7346 -0.7421 -1.0085, -0.7346 -0.8209 -1.0085, -0.6991 -0.8209 -0.977, -0.6991 -0.7421 -0.977, -0.6722 -0.7421 -0.9379, -0.6722 -0.8209 -0.9379, -0.6553 -0.7421 -0.8936, -0.6553 -0.8209 -0.8936, -0.6496 -0.7421 -0.8465, -0.6496 -0.8209 -0.8465, -0.7939 -0.8936 -0.9851, -0.7622 -0.8936 -0.9685, -0.7793 -0.8996 -0.9436, -0.9765 -0.8765 -0.9617, -1.0155 -0.851 -0.9352, -0.9893 -0.851 -0.973, -0.9135 -0.8996 -0.9437, -0.9574 -0.8936 -0.9448, -0.9307 -0.8936 -0.9685, -0.9549 -0.851 -1.0035, -0.9141 -0.851 -1.0249, -1.0318 -0.851 -0.8921, -0.8605 -0.8996 -0.9637, -0.899 -0.8936 -0.9851, -0.8643 -0.8936 -0.9936, -0.8695 -0.851 -1.0359, -0.6775 -0.851 -0.9352, -0.6926 -0.8765 -0.9272, -0.7036 -0.851 -0.973, -0.7788 -0.851 -1.0249, -0.7848 -0.8765 -1.009, -0.8235 -0.851 -1.0359, -0.6777 -0.8765 -0.888, -0.6982 -0.8936 -0.8465, -0.7025 -0.8936 -0.8819, -0.7152 -0.8936 -0.9154, -0.7318 -0.8996 -0.8749, -0.6556 -0.851 -0.8465, -0.6727 -0.8765 -0.8465, -0.6611 -0.851 -0.8921, -0.7283 -0.8996 -0.8465, -0.7418 -0.8996 -0.9011, -0.7355 -0.8936 -0.9448, -0.8286 -0.8936 -0.9936, -0.8045 -0.8996 -0.9568, -0.832 -0.8996 -0.9636, -0.738 -0.851 -1.0035, -0.8883 -0.8996 -0.9569, -1.0152 -0.8765 -0.888, -0.9777 -0.8936 -0.9154, -0.9904 -0.8936 -0.8819, -1.0003 -0.8765 -0.9272, -0.9452 -0.8765 -0.9895, -0.9611 -0.8996 -0.8749, -0.9947 -0.8936 -0.8465, -1.0202 -0.8765 -0.8465, -0.9646 -0.8996 -0.8465, -0.7579 -0.8996 -0.9246, -0.7164 -0.8765 -0.9617, -0.7477 -0.8765 -0.9895, -0.8255 -0.8765 -1.019, -0.8674 -0.8765 -1.019, -0.9081 -0.8765 -1.009, -0.9347 -0.8996 -0.9249, -0.9509 -0.8996 -0.9015, -1.0373 -0.851 -0.8465, -0.935 -0.8996 -0.7683, -0.9511 -0.8996 -0.7918, -0.8885 -0.8996 -0.7361, -0.742 -0.8996 -0.7914, -0.8609 -0.8996 -0.7293, -0.9136 -0.8996 -0.7493, -0.9611 -0.8996 -0.8181, -0.8324 -0.8996 -0.7292, -0.7794 -0.8996 -0.7492, -0.8047 -0.8996 -0.736, -0.7318 -0.8996 -0.8181, -0.7582 -0.8996 -0.768, -0.899 -0.8936 -0.7078, -0.9307 -0.8936 -0.7245, -0.7164 -0.8765 -0.7312, -0.6775 -0.851 -0.7578, -0.7036 -0.851 -0.7199, -0.7355 -0.8936 -0.7482, -0.7622 -0.8936 -0.7245, -0.6722 -0.8209 -0.755, -0.738 -0.851 -0.6894, -0.7346 -0.8209 -0.6845, -0.7788 -0.851 -0.668, -0.6553 -0.8209 -0.7993, -0.6611 -0.851 -0.8008, -0.7939 -0.8936 -0.7078, -0.8286 -0.8936 -0.6993, -0.8235 -0.851 -0.657, -0.7767 -0.8209 -0.6624, -1.0155 -0.851 -0.7578, -1.0003 -0.8765 -0.7657, -0.9893 -0.851 -0.7199, -0.9141 -0.851 -0.668, -0.9081 -0.8765 -0.684, -0.8695 -0.851 -0.657, -1.0152 -0.8765 -0.8049, -0.9904 -0.8936 -0.811, -0.9777 -0.8936 -0.7776, -1.0318 -0.851 -0.8008, -1.0376 -0.8209 -0.7993, -0.9574 -0.8936 -0.7482, -0.9163 -0.8209 -0.6624, -0.9549 -0.851 -0.6894, -0.9583 -0.8209 -0.6845, -0.8643 -0.8936 -0.6993, -0.7477 -0.8765 -0.7034, -0.8227 -0.8209 -0.651, -0.6926 -0.8765 -0.7657, -0.7152 -0.8936 -0.7776, -0.7025 -0.8936 -0.811, -0.6777 -0.8765 -0.8049, -1.0208 -0.8209 -0.755, -0.9938 -0.8209 -0.7159, -0.9765 -0.8765 -0.7312, -0.9452 -0.8765 -0.7034, -0.8702 -0.8209 -0.651, -0.8674 -0.8765 -0.6739, -0.8255 -0.8765 -0.6739, -0.7848 -0.8765 -0.684, -0.6991 -0.8209 -0.7159, -0.8227 -0.7421 -0.651, -0.7767 -0.7421 -0.6624, -0.8702 -0.7421 -0.651, -0.6991 -0.7421 -0.7159, -0.7346 -0.7421 -0.6845, -0.6722 -0.7421 -0.755, -0.6553 -0.7421 -0.7993, -0.9163 -0.7421 -0.6624, -0.9583 -0.7421 -0.6845, -0.9938 -0.7421 -0.7159, -1.0208 -0.7421 -0.755, -1.0376 -0.7421 -0.7993, 0.8227 -0.8209 -1.0419, 0.8227 -0.7421 -1.0419, 0.8702 -0.7421 -1.0419, 0.7767 -0.8209 -1.0305, 0.7767 -0.7421 -1.0305, 0.7346 -0.7421 -1.0085, 0.7346 -0.8209 -1.0085, 0.6991 -0.8209 -0.977, 0.6991 -0.7421 -0.977, 0.6722 -0.8209 -0.9379, 0.6722 -0.7421 -0.9379, 0.6553 -0.7421 -0.8936, 0.6553 -0.8209 -0.8936, 0.6496 -0.8209 -0.8465, 0.6496 -0.7421 -0.8465, 0.8702 -0.8209 -1.0419, 0.9163 -0.7421 -1.0305, 0.9163 -0.8209 -1.0305, 0.9583 -0.7421 -1.0085, 0.9583 -0.8209 -1.0085, 0.9938 -0.8209 -0.977, 0.9938 -0.7421 -0.977, 1.0208 -0.7421 -0.9379, 1.0208 -0.8209 -0.9379, 1.0376 -0.7421 -0.8936, 1.0376 -0.8209 -0.8936, 1.0433 -0.7421 -0.8465, 1.0433 -0.8209 -0.8465, 0.7036 -0.851 -0.973, 0.6775 -0.851 -0.9352, 0.6611 -0.851 -0.8921, 0.6556 -0.851 -0.8465, 0.7152 -0.8936 -0.9154, 0.7418 -0.8996 -0.9011, 0.7318 -0.8996 -0.8749, 0.7788 -0.851 -1.0249, 0.8695 -0.851 -1.0359, 0.8045 -0.8996 -0.9568, 0.8286 -0.8936 -0.9936, 0.832 -0.8996 -0.9636, 0.7355 -0.8936 -0.9448, 0.7164 -0.8765 -0.9617, 0.7477 -0.8765 -0.9895, 1.0155 -0.851 -0.9352, 0.8255 -0.8765 -1.019, 0.8674 -0.8765 -1.019, 1.0318 -0.851 -0.8921, 0.9307 -0.8936 -0.9685, 0.9452 -0.8765 -0.9895, 0.9765 -0.8765 -0.9617, 1.0152 -0.8765 -0.888, 1.0373 -0.851 -0.8465, 1.0202 -0.8765 -0.8465, 0.9904 -0.8936 -0.8819, 0.9611 -0.8996 -0.8749, 0.9509 -0.8996 -0.9015, 1.0003 -0.8765 -0.9272, 0.9947 -0.8936 -0.8465, 0.9646 -0.8996 -0.8465, 0.9777 -0.8936 -0.9154, 0.9081 -0.8765 -1.009, 0.8643 -0.8936 -0.9936, 0.9347 -0.8996 -0.9249, 0.899 -0.8936 -0.9851, 0.9549 -0.851 -1.0035, 0.9893 -0.851 -0.973, 0.8235 -0.851 -1.0359, 0.6926 -0.8765 -0.9272, 0.7939 -0.8936 -0.9851, 0.738 -0.851 -1.0035, 0.6777 -0.8765 -0.888, 0.6727 -0.8765 -0.8465, 0.6982 -0.8936 -0.8465, 0.7025 -0.8936 -0.8819, 0.7283 -0.8996 -0.8465, 0.7579 -0.8996 -0.9246, 0.7622 -0.8936 -0.9685, 0.7793 -0.8996 -0.9436, 0.7848 -0.8765 -1.009, 0.9141 -0.851 -1.0249, 0.8605 -0.8996 -0.9637, 0.8883 -0.8996 -0.9569, 0.9135 -0.8996 -0.9437, 0.9574 -0.8936 -0.9448, 0.7579 -0.8996 -0.7683, 0.7418 -0.8996 -0.7918, 0.7793 -0.8996 -0.7493, 0.7318 -0.8996 -0.8181, 0.832 -0.8996 -0.7293, 0.9347 -0.8996 -0.768, 0.8883 -0.8996 -0.736, 0.9509 -0.8996 -0.7914, 0.8605 -0.8996 -0.7292, 0.9611 -0.8996 -0.8181, 0.9135 -0.8996 -0.7492, 0.8045 -0.8996 -0.7361, 0.9938 -0.8209 -0.7159, 0.9893 -0.851 -0.7199, 1.0155 -0.851 -0.7578, 1.0318 -0.851 -0.8008, 1.0376 -0.8209 -0.7993, 0.9777 -0.8936 -0.7776, 0.9163 -0.8209 -0.6624, 0.8702 -0.8209 -0.651, 0.9141 -0.851 -0.668, 0.8227 -0.8209 -0.651, 0.7767 -0.8209 -0.6624, 0.8235 -0.851 -0.657, 0.8643 -0.8936 -0.6993, 0.9574 -0.8936 -0.7482, 0.9765 -0.8765 -0.7312, 0.9452 -0.8765 -0.7034, 0.6722 -0.8209 -0.755, 0.6553 -0.8209 -0.7993, 0.6775 -0.851 -0.7578, 0.8674 -0.8765 -0.6739, 0.8255 -0.8765 -0.6739, 0.6611 -0.851 -0.8008, 0.7622 -0.8936 -0.7245, 0.7477 -0.8765 -0.7034, 0.7164 -0.8765 -0.7312, 0.6777 -0.8765 -0.8049, 0.7025 -0.8936 -0.811, 0.6926 -0.8765 -0.7657, 0.7152 -0.8936 -0.7776, 0.7848 -0.8765 -0.684, 0.8286 -0.8936 -0.6993, 0.7939 -0.8936 -0.7078, 0.6991 -0.8209 -0.7159, 0.738 -0.851 -0.6894, 0.7346 -0.8209 -0.6845, 0.7036 -0.851 -0.7199, 0.8695 -0.851 -0.657, 1.0003 -0.8765 -0.7657, 0.899 -0.8936 -0.7078, 1.0208 -0.8209 -0.755, 0.9583 -0.8209 -0.6845, 0.9549 -0.851 -0.6894, 1.0152 -0.8765 -0.8049, 0.9904 -0.8936 -0.811, 0.9307 -0.8936 -0.7245, 0.9081 -0.8765 -0.684, 0.7788 -0.851 -0.668, 0.7355 -0.8936 -0.7482, 0.8702 -0.7421 -0.651, 0.8227 -0.7421 -0.651, 0.9163 -0.7421 -0.6624, 0.9583 -0.7421 -0.6845, 0.9938 -0.7421 -0.7159, 1.0208 -0.7421 -0.755, 1.0376 -0.7421 -0.7993, 0.7767 -0.7421 -0.6624, 0.7346 -0.7421 -0.6845, 0.6991 -0.7421 -0.7159, 0.6722 -0.7421 -0.755, 0.6553 -0.7421 -0.7993, 0.6553 -0.7421 -0.7993
            ]
        }
        coordIndex [
            0,1,2,-1,3,4,5,-1,6,7,8,-1,9,10,11,-1,12,13,14,-1,15,16,12,-1,7,5,17,-1,12,16,18,-1,12,18,13,-1,19,16,20,-1,19,20,7,-1,19,7,17,-1,21,10,16,-1,22,8,7,-1,16,15,21,-1,3,7,6,-1,15,23,21,-1,15,24,23,-1,15,25,26,-1,15,26,24,-1,25,15,27,-1,15,5,27,-1,5,28,27,-1,5,29,28,-1,5,30,29,-1,5,31,30,-1,5,4,31,-1,5,7,3,-1,32,33,34,-1,35,36,33,-1,6,2,37,-1,2,38,37,-1,6,39,2,-1,40,39,41,-1,6,42,39,-1,39,42,41,-1,42,6,8,-1,43,22,7,-1,37,11,10,-1,37,10,21,-1,38,2,1,-1,37,38,11,-1,44,45,22,-1,34,33,36,-1,45,44,33,-1,46,47,35,-1,46,35,33,-1,48,22,49,-1,50,51,52,-1,46,33,53,-1,53,33,54,-1,55,54,56,-1,56,57,58,-1,59,60,61,-1,62,58,63,-1,64,61,65,-1,66,58,62,-1,67,61,64,-1,68,69,56,-1,70,61,67,-1,22,43,49,-1,69,57,56,-1,58,66,56,-1,56,66,55,-1,56,54,33,-1,45,9,22,-1,33,44,56,-1,22,71,44,-1,72,71,22,-1,22,48,72,-1,70,49,43,-1,59,51,50,-1,73,50,52,-1,70,43,61,-1,74,75,76,-1,77,74,76,-1,78,79,80,-1,81,10,9,-1,9,82,83,-1,9,84,82,-1,84,9,85,-1,9,45,85,-1,52,76,75,-1,43,78,86,-1,87,81,83,-1,77,76,87,-1,75,73,52,-1,51,59,61,-1,43,86,61,-1,60,65,61,-1,78,80,86,-1,18,16,19,-1,88,10,89,-1,89,81,90,-1,88,20,91,-1,10,88,91,-1,88,7,20,-1,87,76,79,-1,89,78,43,-1,79,81,87,-1,89,90,78,-1,10,81,89,-1,9,83,81,-1,76,80,79,-1,92,93,94,-1,95,96,97,-1,92,94,98,-1,95,99,100,-1,97,99,95,-1,95,92,96,-1,101,96,92,-1,102,103,101,-1,92,98,101,-1,101,103,96,-1,104,105,106,-1,107,108,109,-1,110,109,111,-1,108,111,109,-1,89,43,110,-1,110,111,89,-1,108,107,112,-1,112,113,114,-1,113,112,107,-1,113,115,114,-1,114,115,116,-1,117,118,119,-1,108,112,89,-1,117,119,120,-1,120,121,122,-1,123,124,125,-1,117,120,122,-1,126,127,128,-1,129,128,127,-1,126,128,88,-1,88,130,126,-1,108,89,111,-1,116,112,114,-1,89,112,116,-1,131,132,133,-1,134,135,136,-1,131,137,138,-1,131,138,134,-1,134,138,135,-1,139,140,141,-1,142,143,144,-1,145,146,147,-1,148,149,150,-1,151,152,153,-1,88,154,155,-1,155,156,88,-1,157,158,130,-1,159,130,160,-1,161,162,163,-1,164,165,166,-1,167,168,169,-1,170,171,166,-1,172,173,174,-1,161,175,176,-1,177,168,178,-1,179,180,171,-1,181,182,183,-1,181,184,176,-1,185,186,187,-1,188,146,189,-1,161,190,191,-1,175,161,163,-1,192,190,193,-1,190,194,191,-1,190,192,194,-1,179,163,195,-1,196,161,191,-1,197,172,174,-1,161,196,162,-1,198,197,199,-1,163,162,195,-1,174,200,201,-1,202,203,168,-1,172,198,204,-1,163,179,171,-1,205,168,206,-1,171,180,207,-1,172,197,198,-1,171,207,166,-1,204,198,208,-1,166,207,209,-1,177,169,168,-1,166,209,164,-1,210,211,165,-1,212,182,213,-1,214,215,216,-1,214,217,215,-1,203,206,168,-1,217,218,205,-1,206,217,205,-1,174,201,197,-1,169,201,200,-1,200,167,169,-1,167,202,168,-1,184,181,183,-1,175,123,176,-1,219,220,221,-1,222,223,224,-1,132,131,225,-1,224,226,227,-1,226,224,223,-1,131,117,225,-1,227,225,117,-1,133,228,131,-1,131,229,230,-1,228,229,131,-1,231,221,220,-1,220,232,231,-1,221,233,230,-1,230,219,221,-1,233,131,230,-1,131,233,137,-1,116,137,234,-1,235,137,236,-1,137,233,236,-1,137,237,234,-1,137,235,238,-1,137,238,237,-1,239,240,241,-1,242,243,244,-1,245,246,247,-1,248,240,239,-1,188,147,146,-1,176,123,181,-1,247,249,188,-1,248,147,188,-1,245,250,246,-1,245,251,250,-1,116,252,253,-1,254,89,255,-1,247,246,249,-1,248,188,249,-1,249,240,248,-1,116,256,257,-1,242,241,243,-1,241,242,239,-1,243,252,244,-1,116,234,252,-1,244,252,234,-1,116,253,256,-1,116,258,255,-1,257,258,116,-1,116,255,89,-1,259,260,261,-1,254,262,259,-1,254,261,263,-1,261,254,259,-1,89,254,263,-1,264,89,265,-1,89,263,265,-1,89,264,266,-1,89,267,268,-1,89,266,267,-1,268,269,89,-1,270,271,272,-1,270,273,274,-1,150,149,271,-1,275,148,150,-1,123,125,276,-1,271,149,272,-1,272,273,270,-1,273,277,274,-1,274,277,268,-1,89,269,88,-1,268,277,269,-1,88,269,154,-1,88,278,279,-1,156,278,88,-1,152,151,280,-1,280,151,281,-1,152,279,153,-1,282,124,142,-1,140,283,282,-1,152,88,279,-1,141,140,282,-1,152,160,88,-1,166,284,140,-1,88,160,130,-1,284,166,285,-1,130,159,157,-1,130,286,287,-1,130,158,286,-1,216,288,210,-1,289,287,285,-1,166,165,285,-1,216,215,288,-1,140,284,283,-1,141,282,142,-1,124,143,142,-1,124,290,125,-1,123,143,124,-1,143,123,175,-1,212,183,182,-1,291,292,122,-1,183,206,184,-1,183,217,206,-1,288,211,210,-1,214,218,217,-1,211,285,165,-1,211,289,285,-1,122,130,289,-1,287,289,130,-1,122,293,291,-1,122,289,293,-1,122,294,295,-1,292,294,122,-1,122,295,117,-1,295,296,297,-1,298,299,300,-1,296,301,298,-1,222,302,223,-1,300,296,298,-1,300,297,296,-1,297,117,295,-1,303,117,304,-1,117,297,304,-1,227,226,225,-1,117,303,305,-1,117,305,306,-1,117,306,227,-1,187,302,307,-1,222,307,302,-1,185,187,307,-1,186,185,308,-1,309,310,311,-1,310,309,312,-1,313,314,315,-1,135,316,136,-1,134,136,317,-1,316,317,136,-1,318,131,134,-1,134,317,318,-1,316,135,319,-1,319,138,320,-1,138,319,135,-1,138,137,320,-1,320,137,321,-1,43,115,113,-1,113,107,110,-1,107,109,110,-1,113,110,43,-1,322,323,324,-1,325,326,327,-1,328,329,7,-1,330,328,7,-1,322,7,329,-1,322,329,331,-1,318,332,333,-1,327,326,334,-1,335,336,337,-1,337,338,335,-1,336,339,327,-1,339,336,335,-1,340,332,318,-1,316,318,317,-1,321,341,342,-1,321,318,319,-1,316,319,318,-1,321,319,320,-1,321,115,341,-1,343,43,344,-1,321,345,346,-1,342,345,321,-1,321,347,348,-1,346,347,321,-1,318,321,349,-1,348,349,321,-1,350,318,351,-1,318,349,351,-1,318,350,340,-1,339,333,352,-1,333,339,318,-1,339,353,354,-1,352,353,339,-1,339,355,356,-1,354,355,339,-1,327,339,357,-1,356,357,339,-1,358,327,359,-1,327,357,359,-1,327,358,325,-1,322,334,360,-1,334,322,327,-1,361,7,362,-1,360,323,322,-1,322,363,364,-1,324,363,322,-1,7,322,365,-1,364,365,322,-1,366,7,367,-1,7,365,367,-1,7,366,362,-1,43,7,368,-1,361,368,7,-1,343,369,43,-1,43,368,344,-1,43,370,371,-1,369,370,43,-1,115,43,372,-1,371,372,43,-1,373,115,374,-1,115,372,374,-1,375,115,376,-1,115,373,376,-1,341,115,375,-1,377,117,131,-1,117,377,378,-1,117,378,379,-1,339,379,380,-1,117,379,339,-1,131,318,381,-1,380,382,339,-1,381,383,131,-1,384,380,377,-1,318,382,381,-1,377,131,384,-1,131,383,384,-1,339,382,318,-1,380,384,382,-1,337,119,338,-1,335,338,118,-1,119,118,338,-1,117,339,335,-1,335,118,117,-1,119,337,120,-1,120,336,121,-1,336,120,337,-1,336,327,121,-1,121,327,122,-1,130,122,327,-1,130,327,322,-1,127,328,129,-1,128,129,330,-1,328,330,129,-1,7,88,128,-1,128,330,7,-1,328,127,329,-1,329,126,331,-1,126,329,127,-1,126,130,331,-1,331,130,322,-1,137,115,321,-1,115,137,116,-1,309,311,385,-1,385,386,309,-1,387,388,309,-1,309,389,308,-1,309,388,312,-1,389,309,386,-1,308,387,309,-1,308,185,387,-1,388,149,148,-1,148,390,391,-1,148,391,312,-1,388,148,312,-1,310,312,391,-1,391,392,310,-1,275,310,392,-1,310,275,393,-1,393,394,311,-1,393,311,310,-1,311,186,395,-1,311,395,385,-1,186,311,394,-1,186,394,187,-1,275,392,396,-1,393,275,150,-1,148,275,396,-1,396,390,148,-1,389,385,395,-1,385,389,386,-1,396,392,391,-1,396,391,390,-1,186,308,389,-1,389,395,186,-1,223,397,398,-1,399,226,398,-1,223,398,226,-1,399,400,225,-1,225,226,399,-1,397,223,302,-1,401,302,187,-1,302,401,397,-1,401,187,394,-1,402,403,404,-1,398,404,399,-1,399,405,400,-1,406,403,402,-1,399,404,405,-1,402,404,407,-1,408,409,402,-1,410,411,408,-1,408,412,410,-1,412,408,407,-1,413,414,394,-1,415,416,417,-1,411,410,418,-1,410,414,419,-1,407,398,397,-1,405,404,403,-1,398,407,404,-1,406,402,409,-1,397,401,412,-1,412,407,397,-1,409,408,411,-1,402,407,408,-1,419,413,416,-1,413,419,414,-1,412,414,410,-1,418,410,419,-1,412,401,414,-1,394,414,401,-1,416,415,419,-1,419,415,418,-1,420,421,422,-1,409,411,417,-1,417,418,415,-1,423,424,425,-1,426,427,428,-1,417,406,409,-1,429,430,431,-1,432,433,434,-1,435,421,420,-1,429,435,420,-1,436,423,437,-1,438,439,425,-1,435,429,431,-1,440,430,429,-1,430,433,441,-1,441,433,432,-1,442,443,444,-1,440,433,430,-1,445,442,444,-1,428,446,406,-1,411,418,417,-1,426,447,448,-1,427,426,448,-1,446,428,427,-1,445,449,442,-1,450,451,452,-1,453,451,450,-1,443,451,453,-1,406,417,454,-1,454,428,406,-1,443,453,444,-1,455,456,440,-1,455,440,457,-1,458,459,460,-1,461,462,463,-1,464,463,465,-1,463,462,465,-1,463,466,459,-1,466,460,459,-1,463,464,466,-1,464,467,468,-1,468,466,464,-1,467,452,468,-1,450,452,467,-1,457,469,470,-1,433,440,456,-1,417,449,454,-1,449,445,454,-1,433,471,417,-1,417,471,449,-1,433,456,472,-1,433,472,471,-1,473,470,469,-1,455,457,470,-1,474,475,473,-1,473,469,474,-1,474,476,475,-1,436,424,423,-1,475,476,477,-1,478,479,480,-1,479,439,480,-1,481,479,478,-1,439,479,423,-1,438,425,477,-1,439,423,425,-1,476,438,477,-1,482,483,484,-1,485,484,486,-1,486,487,488,-1,438,483,482,-1,486,484,487,-1,482,484,489,-1,490,439,482,-1,491,480,490,-1,490,492,491,-1,492,490,489,-1,493,494,495,-1,481,496,479,-1,480,491,478,-1,491,494,497,-1,489,485,498,-1,487,484,483,-1,485,489,484,-1,438,482,439,-1,498,499,492,-1,492,489,498,-1,439,490,480,-1,482,489,490,-1,497,493,496,-1,493,497,494,-1,492,494,491,-1,478,491,497,-1,492,499,494,-1,495,494,499,-1,496,481,497,-1,497,481,478,-1,496,423,479,-1,495,500,501,-1,493,501,502,-1,496,493,502,-1,495,501,493,-1,423,496,502,-1,503,502,504,-1,505,504,506,-1,506,501,500,-1,423,502,503,-1,506,504,501,-1,503,504,507,-1,508,437,503,-1,509,436,508,-1,508,510,509,-1,510,508,507,-1,511,512,513,-1,425,514,477,-1,436,509,424,-1,509,512,515,-1,507,505,516,-1,501,504,502,-1,505,507,504,-1,423,503,437,-1,516,517,510,-1,510,507,516,-1,437,508,436,-1,503,507,508,-1,515,511,514,-1,511,515,512,-1,510,512,509,-1,424,509,515,-1,510,517,512,-1,513,512,517,-1,514,425,515,-1,515,425,424,-1,514,475,477,-1,513,518,519,-1,511,519,520,-1,514,511,520,-1,513,519,511,-1,475,514,520,-1,521,522,523,-1,524,455,470,-1,525,526,518,-1,472,456,527,-1,523,527,521,-1,528,529,530,-1,530,531,528,-1,531,530,532,-1,522,521,524,-1,522,525,533,-1,531,527,523,-1,526,534,519,-1,534,520,519,-1,475,520,473,-1,520,534,473,-1,518,526,519,-1,524,526,522,-1,470,473,534,-1,525,522,526,-1,523,533,535,-1,470,534,524,-1,526,524,534,-1,533,523,522,-1,528,531,535,-1,456,455,521,-1,524,521,455,-1,535,531,523,-1,531,532,527,-1,472,527,532,-1,521,527,456,-1,532,471,472,-1,529,536,537,-1,530,537,538,-1,532,530,538,-1,529,537,530,-1,471,532,538,-1,539,540,541,-1,542,443,442,-1,543,544,536,-1,452,451,545,-1,541,545,539,-1,546,547,548,-1,548,549,546,-1,549,548,550,-1,540,539,542,-1,540,543,551,-1,549,545,541,-1,544,552,537,-1,552,538,537,-1,471,538,449,-1,538,552,449,-1,536,544,537,-1,542,544,540,-1,442,449,552,-1,543,540,544,-1,541,551,553,-1,442,552,542,-1,544,542,552,-1,551,541,540,-1,546,549,553,-1,451,443,539,-1,542,539,443,-1,553,549,541,-1,549,550,545,-1,452,545,550,-1,539,545,451,-1,550,468,452,-1,547,554,555,-1,548,555,556,-1,550,548,556,-1,547,555,548,-1,468,550,556,-1,557,558,559,-1,555,554,560,-1,560,561,562,-1,562,563,564,-1,559,460,565,-1,558,557,566,-1,558,567,559,-1,559,567,458,-1,562,561,563,-1,567,459,458,-1,556,564,468,-1,556,562,564,-1,556,555,562,-1,560,562,555,-1,466,564,565,-1,564,466,468,-1,561,568,563,-1,568,566,557,-1,466,565,460,-1,564,563,565,-1,563,568,557,-1,565,563,557,-1,460,559,458,-1,565,557,559,-1,567,463,459,-1,566,569,570,-1,558,570,571,-1,567,558,571,-1,566,570,558,-1,463,567,571,-1,572,571,573,-1,574,573,575,-1,575,570,569,-1,463,571,572,-1,575,573,570,-1,572,573,576,-1,577,461,572,-1,578,462,577,-1,577,579,578,-1,579,577,576,-1,580,581,582,-1,464,583,467,-1,462,578,465,-1,578,581,584,-1,576,574,585,-1,570,573,571,-1,574,576,573,-1,463,572,461,-1,585,586,579,-1,579,576,585,-1,461,577,462,-1,572,576,577,-1,584,580,583,-1,580,584,581,-1,579,581,578,-1,465,578,584,-1,579,586,581,-1,582,581,586,-1,583,464,584,-1,584,464,465,-1,583,450,467,-1,582,587,588,-1,580,588,589,-1,583,580,589,-1,582,588,580,-1,450,583,589,-1,590,591,592,-1,593,445,444,-1,594,595,587,-1,428,454,596,-1,592,596,590,-1,597,598,599,-1,599,600,597,-1,600,599,601,-1,591,590,593,-1,591,594,602,-1,600,596,592,-1,595,603,588,-1,603,589,588,-1,450,589,453,-1,589,603,453,-1,587,595,588,-1,593,595,591,-1,444,453,603,-1,594,591,595,-1,592,602,604,-1,444,603,593,-1,595,593,603,-1,602,592,591,-1,597,600,604,-1,454,445,590,-1,593,590,445,-1,604,600,592,-1,600,601,596,-1,428,596,601,-1,590,596,454,-1,601,426,428,-1,598,605,606,-1,599,606,607,-1,601,599,607,-1,598,606,599,-1,426,601,607,-1,608,609,610,-1,606,605,611,-1,611,612,613,-1,613,614,615,-1,610,448,616,-1,609,608,617,-1,609,618,610,-1,610,618,427,-1,613,612,614,-1,618,446,427,-1,607,615,426,-1,607,613,615,-1,607,606,613,-1,611,613,606,-1,447,615,616,-1,615,447,426,-1,612,619,614,-1,619,617,608,-1,447,616,448,-1,615,614,616,-1,614,619,608,-1,616,614,608,-1,448,610,427,-1,616,608,610,-1,618,406,446,-1,617,400,405,-1,609,405,403,-1,618,609,403,-1,617,405,609,-1,406,618,403,-1,400,617,132,-1,132,225,400,-1,228,612,611,-1,605,229,611,-1,228,611,229,-1,230,229,605,-1,133,612,228,-1,619,133,132,-1,133,619,612,-1,619,132,617,-1,605,598,219,-1,219,230,605,-1,232,604,602,-1,219,597,220,-1,587,221,594,-1,221,231,594,-1,231,232,602,-1,594,231,602,-1,220,597,604,-1,232,220,604,-1,219,598,597,-1,587,582,233,-1,233,221,587,-1,235,585,574,-1,575,238,574,-1,235,574,238,-1,575,569,237,-1,237,238,575,-1,585,235,236,-1,586,236,233,-1,236,586,585,-1,586,233,582,-1,569,566,234,-1,234,237,569,-1,242,561,560,-1,554,239,560,-1,242,560,239,-1,248,239,554,-1,244,561,242,-1,568,244,234,-1,244,568,561,-1,568,234,566,-1,554,547,147,-1,147,248,554,-1,146,553,551,-1,147,546,145,-1,536,188,543,-1,188,189,543,-1,189,146,551,-1,543,189,551,-1,145,546,553,-1,146,145,553,-1,147,547,546,-1,536,529,247,-1,247,188,536,-1,251,535,533,-1,247,528,245,-1,518,246,525,-1,246,250,525,-1,250,251,533,-1,525,250,533,-1,245,528,535,-1,251,245,535,-1,247,529,528,-1,518,513,249,-1,249,246,518,-1,241,516,505,-1,506,243,505,-1,241,505,243,-1,506,500,252,-1,252,243,506,-1,516,241,240,-1,517,240,249,-1,240,517,516,-1,517,249,513,-1,500,495,253,-1,253,252,500,-1,257,498,485,-1,486,258,485,-1,257,485,258,-1,486,488,255,-1,255,258,486,-1,498,257,256,-1,499,256,253,-1,256,499,498,-1,499,253,495,-1,488,620,254,-1,254,255,488,-1,621,438,476,-1,620,488,487,-1,622,487,483,-1,621,622,483,-1,620,487,622,-1,438,621,483,-1,623,624,625,-1,626,469,457,-1,627,628,629,-1,476,474,630,-1,625,630,623,-1,631,620,622,-1,622,632,631,-1,632,622,621,-1,624,623,626,-1,624,627,633,-1,632,630,625,-1,628,634,635,-1,634,636,635,-1,429,636,440,-1,636,634,440,-1,629,628,635,-1,626,628,624,-1,457,440,634,-1,627,624,628,-1,625,633,637,-1,457,634,626,-1,628,626,634,-1,633,625,624,-1,631,632,637,-1,474,469,623,-1,626,623,469,-1,637,632,625,-1,632,621,630,-1,476,630,621,-1,623,630,474,-1,259,637,633,-1,254,631,262,-1,629,261,627,-1,261,260,627,-1,260,259,633,-1,627,260,633,-1,262,631,637,-1,259,262,637,-1,254,620,631,-1,629,638,263,-1,263,261,629,-1,639,429,420,-1,638,629,635,-1,640,635,636,-1,639,640,636,-1,638,635,640,-1,429,639,636,-1,641,640,642,-1,643,644,645,-1,645,646,647,-1,647,648,649,-1,642,421,650,-1,640,641,638,-1,640,639,642,-1,642,639,422,-1,647,646,648,-1,639,420,422,-1,651,649,431,-1,651,647,649,-1,651,643,647,-1,645,647,643,-1,435,649,650,-1,649,435,431,-1,646,652,648,-1,652,638,641,-1,435,650,421,-1,649,648,650,-1,648,652,641,-1,650,648,641,-1,421,642,422,-1,650,641,642,-1,264,646,645,-1,644,266,645,-1,264,645,266,-1,267,266,644,-1,265,646,264,-1,652,265,263,-1,265,652,646,-1,652,263,638,-1,644,653,268,-1,268,267,644,-1,654,431,430,-1,653,644,643,-1,655,643,651,-1,654,655,651,-1,653,643,655,-1,431,654,651,-1,656,655,657,-1,658,393,659,-1,659,660,661,-1,661,662,663,-1,657,432,664,-1,655,656,653,-1,655,654,657,-1,657,654,441,-1,661,660,662,-1,654,430,441,-1,665,663,433,-1,665,661,663,-1,665,658,661,-1,659,661,658,-1,434,663,664,-1,663,434,433,-1,660,666,662,-1,666,653,656,-1,434,664,432,-1,663,662,664,-1,662,666,656,-1,664,662,656,-1,432,657,441,-1,664,656,657,-1,270,660,659,-1,393,271,659,-1,270,659,271,-1,150,271,393,-1,274,660,270,-1,666,274,268,-1,274,666,660,-1,666,268,653,-1,416,433,417,-1,394,393,658,-1,413,658,665,-1,416,413,665,-1,394,658,413,-1,433,416,665,-1,667,273,668,-1,667,669,277,-1,277,273,667,-1,669,269,277,-1,272,668,273,-1,670,272,149,-1,272,670,668,-1,670,149,388,-1,671,672,673,-1,674,669,667,-1,675,676,674,-1,673,677,678,-1,668,679,667,-1,670,388,678,-1,672,677,673,-1,671,680,672,-1,676,681,682,-1,681,683,682,-1,676,682,684,-1,674,679,675,-1,675,680,685,-1,678,677,670,-1,679,672,675,-1,668,670,677,-1,680,675,672,-1,681,676,685,-1,668,677,679,-1,672,679,677,-1,685,676,675,-1,676,684,674,-1,669,674,684,-1,679,674,667,-1,686,687,688,-1,689,690,691,-1,687,692,688,-1,693,694,695,-1,691,696,689,-1,697,698,699,-1,700,690,701,-1,690,700,691,-1,693,702,694,-1,701,703,700,-1,703,683,700,-1,681,685,671,-1,680,671,685,-1,671,704,683,-1,683,681,671,-1,705,706,707,-1,706,708,709,-1,706,710,708,-1,706,711,707,-1,709,711,706,-1,712,713,707,-1,714,715,716,-1,717,715,714,-1,713,712,717,-1,714,713,717,-1,713,705,707,-1,718,686,688,-1,686,718,719,-1,720,692,687,-1,721,722,723,-1,692,720,724,-1,698,697,725,-1,699,698,726,-1,722,727,723,-1,727,698,723,-1,698,727,726,-1,728,729,730,-1,731,732,733,-1,726,734,735,-1,734,726,727,-1,735,734,724,-1,720,735,724,-1,736,704,671,-1,719,718,737,-1,706,705,737,-1,737,705,719,-1,671,706,738,-1,706,737,738,-1,671,739,736,-1,671,738,739,-1,740,741,742,-1,743,733,704,-1,744,740,742,-1,741,740,732,-1,702,693,745,-1,693,729,746,-1,728,747,729,-1,746,729,747,-1,745,693,746,-1,745,746,748,-1,749,748,744,-1,749,745,748,-1,742,749,744,-1,731,733,743,-1,741,732,731,-1,743,704,736,-1,704,700,683,-1,704,733,750,-1,751,752,753,-1,754,751,753,-1,755,752,756,-1,757,758,759,-1,760,732,761,-1,758,762,759,-1,704,750,763,-1,759,762,750,-1,764,765,754,-1,763,700,704,-1,760,761,765,-1,766,767,744,-1,754,767,751,-1,761,732,740,-1,763,750,762,-1,750,733,760,-1,757,759,765,-1,750,760,759,-1,733,732,760,-1,757,765,764,-1,759,760,765,-1,767,740,744,-1,751,766,756,-1,764,754,753,-1,765,761,754,-1,761,740,767,-1,754,761,767,-1,756,752,751,-1,766,751,767,-1,763,691,700,-1,758,768,769,-1,762,769,770,-1,763,762,770,-1,758,769,762,-1,691,763,770,-1,769,771,770,-1,772,773,774,-1,771,769,775,-1,776,775,768,-1,691,770,696,-1,777,775,778,-1,778,773,779,-1,777,778,779,-1,777,771,775,-1,780,781,782,-1,783,784,785,-1,782,779,773,-1,701,782,703,-1,780,772,783,-1,703,782,781,-1,779,701,690,-1,783,785,780,-1,781,780,785,-1,701,779,782,-1,777,690,689,-1,772,780,773,-1,782,773,780,-1,690,777,779,-1,689,696,771,-1,776,774,778,-1,773,778,774,-1,689,771,777,-1,696,770,771,-1,768,775,769,-1,776,778,775,-1,781,683,703,-1,784,669,684,-1,785,684,682,-1,781,785,682,-1,784,684,785,-1,683,781,682,-1,784,269,669,-1,269,784,154,-1,774,156,772,-1,774,776,278,-1,278,156,774,-1,776,279,278,-1,776,768,279,-1,772,156,155,-1,783,155,154,-1,155,783,772,-1,783,154,784,-1,758,279,768,-1,279,758,153,-1,757,151,153,-1,152,280,752,-1,281,764,753,-1,755,152,752,-1,281,753,280,-1,752,280,753,-1,151,757,764,-1,281,151,764,-1,153,758,757,-1,786,152,755,-1,152,786,160,-1,787,744,748,-1,786,755,756,-1,788,756,766,-1,787,788,766,-1,786,756,788,-1,744,787,766,-1,789,790,791,-1,792,793,794,-1,790,789,795,-1,796,795,797,-1,729,791,730,-1,798,795,799,-1,799,793,800,-1,798,799,800,-1,798,790,795,-1,801,787,802,-1,803,786,788,-1,802,800,793,-1,746,802,748,-1,801,792,803,-1,748,802,787,-1,800,746,747,-1,803,788,801,-1,787,801,788,-1,746,800,802,-1,798,747,728,-1,792,801,793,-1,802,793,801,-1,747,798,800,-1,728,730,790,-1,796,794,799,-1,793,799,794,-1,728,790,798,-1,730,791,790,-1,797,795,789,-1,796,799,795,-1,794,157,792,-1,794,796,158,-1,158,157,794,-1,796,286,158,-1,796,797,286,-1,792,157,159,-1,803,159,160,-1,159,803,792,-1,803,160,786,-1,804,286,797,-1,286,804,287,-1,805,729,693,-1,804,797,789,-1,806,789,791,-1,805,806,791,-1,804,789,806,-1,729,805,791,-1,807,808,809,-1,810,811,812,-1,808,807,813,-1,814,813,815,-1,749,809,745,-1,816,813,817,-1,817,811,818,-1,816,817,818,-1,816,808,813,-1,819,805,820,-1,821,804,806,-1,820,818,811,-1,695,820,693,-1,819,810,821,-1,693,820,805,-1,818,695,694,-1,821,806,819,-1,805,819,806,-1,695,818,820,-1,816,694,702,-1,810,819,811,-1,820,811,819,-1,694,816,818,-1,702,745,808,-1,814,812,817,-1,811,817,812,-1,702,808,816,-1,745,809,808,-1,815,813,807,-1,814,817,813,-1,812,284,810,-1,812,814,283,-1,283,284,812,-1,814,282,283,-1,814,815,282,-1,810,284,285,-1,821,285,287,-1,285,821,810,-1,821,287,804,-1,822,282,815,-1,282,822,124,-1,823,749,742,-1,822,815,807,-1,824,807,809,-1,823,824,809,-1,822,807,824,-1,749,823,809,-1,741,731,825,-1,826,827,828,-1,829,826,828,-1,830,827,831,-1,832,822,833,-1,834,743,835,-1,822,824,833,-1,741,825,823,-1,823,742,741,-1,833,824,825,-1,829,836,837,-1,829,838,826,-1,835,837,834,-1,838,739,839,-1,835,743,736,-1,823,825,824,-1,825,731,834,-1,832,833,837,-1,825,834,833,-1,731,743,834,-1,832,837,836,-1,833,834,837,-1,838,736,739,-1,826,839,831,-1,836,829,828,-1,837,835,829,-1,835,736,838,-1,829,835,838,-1,831,827,826,-1,839,826,838,-1,832,290,124,-1,123,276,827,-1,125,836,828,-1,830,123,827,-1,125,828,276,-1,827,276,828,-1,290,832,836,-1,125,290,836,-1,124,822,832,-1,840,123,830,-1,123,840,181,-1,841,739,738,-1,840,830,831,-1,842,831,839,-1,841,842,839,-1,840,831,842,-1,739,841,839,-1,737,718,843,-1,844,845,846,-1,847,844,846,-1,848,845,849,-1,850,840,851,-1,852,688,853,-1,840,842,851,-1,737,843,841,-1,841,738,737,-1,851,842,843,-1,847,854,855,-1,847,856,844,-1,853,855,852,-1,856,724,857,-1,853,688,692,-1,841,843,842,-1,843,718,852,-1,850,851,855,-1,843,852,851,-1,718,688,852,-1,850,855,854,-1,851,852,855,-1,856,692,724,-1,844,857,849,-1,854,847,846,-1,855,853,847,-1,853,692,856,-1,847,853,856,-1,849,845,844,-1,857,844,856,-1,850,182,181,-1,183,212,845,-1,213,854,846,-1,848,183,845,-1,213,846,212,-1,845,212,846,-1,182,850,854,-1,213,182,854,-1,181,840,850,-1,858,183,848,-1,183,858,217,-1,859,724,734,-1,858,848,849,-1,860,849,857,-1,859,860,857,-1,858,849,860,-1,724,859,857,-1,734,861,859,-1,862,863,864,-1,865,866,862,-1,859,867,860,-1,868,869,864,-1,870,858,860,-1,861,867,859,-1,734,727,861,-1,871,866,721,-1,866,871,872,-1,862,869,865,-1,871,721,723,-1,865,727,722,-1,860,867,870,-1,869,861,865,-1,868,870,867,-1,727,865,861,-1,721,866,722,-1,868,867,869,-1,861,869,867,-1,722,866,865,-1,866,872,862,-1,863,862,872,-1,869,862,864,-1,864,288,868,-1,864,863,211,-1,211,288,864,-1,863,289,211,-1,215,868,288,-1,870,215,217,-1,215,870,868,-1,870,217,858,-1,873,289,863,-1,289,873,293,-1,874,723,698,-1,873,863,872,-1,875,872,871,-1,874,875,871,-1,873,872,875,-1,723,874,871,-1,876,877,878,-1,879,880,881,-1,877,876,882,-1,883,882,884,-1,735,878,726,-1,885,882,886,-1,886,880,887,-1,885,886,887,-1,885,877,882,-1,888,874,889,-1,890,873,875,-1,889,887,880,-1,725,889,698,-1,888,879,890,-1,698,889,874,-1,887,725,697,-1,890,875,888,-1,874,888,875,-1,725,887,889,-1,885,697,699,-1,879,888,880,-1,889,880,888,-1,697,885,887,-1,699,726,877,-1,883,881,886,-1,880,886,881,-1,699,877,885,-1,726,878,877,-1,884,882,876,-1,883,886,882,-1,881,292,879,-1,881,883,294,-1,294,292,881,-1,883,295,294,-1,883,884,295,-1,879,292,291,-1,890,291,293,-1,291,890,879,-1,890,293,873,-1,891,295,884,-1,295,891,296,-1,892,735,720,-1,891,884,876,-1,893,876,878,-1,892,893,878,-1,891,876,893,-1,735,892,878,-1,687,686,894,-1,895,896,897,-1,898,895,897,-1,899,896,900,-1,901,891,902,-1,903,719,904,-1,891,893,902,-1,687,894,892,-1,892,720,687,-1,902,893,894,-1,898,905,906,-1,898,907,895,-1,904,906,903,-1,907,713,908,-1,904,719,705,-1,892,894,893,-1,894,686,903,-1,901,902,906,-1,894,903,902,-1,686,719,903,-1,901,906,905,-1,902,903,906,-1,907,705,713,-1,895,908,900,-1,905,898,897,-1,906,904,898,-1,904,705,907,-1,898,904,907,-1,900,896,895,-1,908,895,907,-1,901,301,296,-1,300,299,896,-1,298,905,897,-1,899,300,896,-1,298,897,299,-1,896,299,897,-1,301,901,905,-1,298,301,905,-1,296,891,901,-1,909,300,899,-1,300,909,297,-1,910,713,714,-1,909,899,900,-1,911,900,908,-1,910,911,908,-1,909,900,911,-1,713,910,908,-1,714,912,910,-1,913,914,915,-1,916,917,913,-1,910,918,911,-1,919,920,915,-1,921,909,911,-1,912,918,910,-1,714,716,912,-1,922,917,717,-1,917,922,923,-1,913,920,916,-1,922,717,712,-1,916,716,715,-1,911,918,921,-1,920,912,916,-1,919,921,918,-1,716,916,912,-1,717,917,715,-1,919,918,920,-1,912,920,918,-1,715,917,916,-1,917,923,913,-1,914,913,923,-1,920,913,915,-1,915,303,919,-1,915,914,305,-1,305,303,915,-1,914,306,305,-1,304,919,303,-1,921,304,297,-1,304,921,919,-1,921,297,909,-1,924,306,914,-1,306,924,227,-1,925,712,707,-1,924,914,923,-1,926,923,922,-1,925,926,922,-1,924,923,926,-1,712,925,922,-1,927,928,929,-1,930,931,932,-1,928,927,933,-1,934,933,387,-1,706,929,710,-1,935,933,936,-1,936,931,937,-1,935,936,937,-1,935,928,933,-1,938,925,939,-1,940,924,926,-1,939,937,931,-1,711,939,707,-1,938,930,940,-1,707,939,925,-1,937,711,709,-1,940,926,938,-1,925,938,926,-1,711,937,939,-1,935,709,708,-1,930,938,931,-1,939,931,938,-1,709,935,937,-1,708,710,928,-1,934,932,936,-1,931,936,932,-1,708,928,935,-1,710,929,928,-1,387,933,927,-1,934,936,933,-1,932,222,930,-1,932,934,307,-1,307,222,932,-1,934,185,307,-1,934,387,185,-1,930,222,224,-1,940,224,227,-1,224,940,930,-1,940,227,924,-1,673,706,671,-1,388,387,927,-1,678,927,929,-1,673,678,929,-1,388,927,678,-1,706,673,929,-1,202,941,942,-1,202,942,203,-1,203,942,943,-1,203,943,206,-1,206,943,944,-1,206,944,184,-1,184,944,945,-1,184,945,176,-1,176,945,946,-1,176,946,161,-1,161,946,947,-1,161,947,190,-1,190,947,948,-1,190,948,193,-1,193,948,949,-1,193,949,192,-1,192,949,950,-1,192,950,194,-1,194,950,951,-1,194,951,191,-1,191,951,952,-1,191,952,196,-1,196,952,953,-1,196,953,162,-1,162,953,954,-1,162,954,195,-1,195,954,955,-1,195,955,179,-1,179,955,956,-1,179,956,180,-1,180,956,957,-1,180,957,207,-1,207,957,958,-1,207,958,209,-1,209,958,959,-1,209,959,164,-1,164,959,960,-1,164,960,165,-1,165,960,961,-1,165,961,210,-1,210,961,962,-1,210,962,216,-1,216,962,963,-1,216,963,214,-1,214,963,964,-1,214,964,218,-1,218,964,965,-1,218,965,205,-1,205,965,966,-1,205,966,168,-1,168,966,967,-1,168,967,178,-1,178,967,968,-1,178,968,177,-1,177,968,969,-1,177,969,169,-1,169,969,970,-1,169,970,201,-1,201,970,971,-1,201,971,197,-1,197,971,972,-1,197,972,199,-1,199,972,973,-1,199,973,198,-1,198,973,974,-1,198,974,208,-1,208,974,975,-1,208,975,204,-1,204,975,976,-1,204,976,172,-1,172,976,977,-1,172,977,173,-1,173,977,978,-1,173,978,174,-1,174,978,979,-1,174,979,200,-1,200,979,980,-1,200,980,167,-1,167,980,941,-1,167,941,202,-1,975,956,955,-1,979,951,950,-1,966,965,964,-1,961,960,969,-1,978,952,979,-1,953,952,977,-1,955,954,975,-1,954,953,976,-1,956,975,974,-1,956,974,957,-1,970,959,971,-1,973,958,957,-1,972,959,958,-1,968,962,969,-1,963,962,967,-1,966,964,967,-1,980,949,941,-1,967,964,963,-1,949,948,941,-1,943,942,948,-1,967,962,968,-1,962,961,969,-1,960,970,969,-1,960,959,970,-1,971,959,972,-1,972,958,973,-1,946,945,947,-1,973,957,974,-1,975,954,976,-1,953,977,976,-1,952,978,977,-1,952,951,979,-1,950,980,979,-1,944,943,948,-1,950,949,980,-1,947,944,948,-1,944,947,945,-1,941,948,942,-1,981,982,983,-1,984,985,986,-1,984,987,981,-1,984,988,987,-1,983,982,989,-1,981,983,990,-1,991,992,983,-1,991,993,992,-1,990,983,992,-1,993,994,985,-1,986,985,994,-1,993,985,992,-1,990,985,984,-1,981,990,984,-1,163,994,993,-1,163,993,175,-1,175,993,991,-1,175,991,143,-1,143,991,983,-1,143,983,144,-1,144,983,989,-1,144,989,142,-1,142,989,982,-1,142,982,141,-1,141,982,981,-1,141,981,139,-1,139,981,987,-1,139,987,140,-1,140,987,988,-1,140,988,166,-1,166,988,984,-1,166,984,170,-1,170,984,986,-1,170,986,171,-1,171,986,994,-1,171,994,163,-1,313,992,985,-1,313,985,314,-1,314,985,990,-1,314,990,315,-1,315,990,992,-1,315,992,313,-1,995,996,997,-1,996,998,999,-1,998,996,995,-1,1000,999,1001,-1,998,1001,999,-1,1002,1003,1000,-1,1000,1001,1002,-1,1003,1004,1005,-1,1004,1003,1002,-1,1006,1005,1007,-1,1004,1007,1005,-1,1008,1009,1006,-1,1006,1007,1008,-1,995,997,1010,-1,1011,1012,1010,-1,1010,997,1011,-1,1012,1013,1014,-1,1013,1012,1011,-1,1015,1014,1016,-1,1013,1016,1014,-1,1017,1018,1015,-1,1015,1016,1017,-1,1018,1019,1020,-1,1019,1018,1017,-1,1019,1021,1020,-1,1020,1021,1022,-1,1002,1023,1024,-1,1025,1026,1007,-1,1027,1028,1029,-1,1008,1007,1026,-1,998,995,1030,-1,1010,1012,1031,-1,1032,1033,1034,-1,1035,1036,1037,-1,1018,1020,1038,-1,1039,1040,1033,-1,1041,1020,1022,-1,1042,1043,1044,-1,1045,1046,1047,-1,1048,1049,1050,-1,1022,1046,1041,-1,1051,1041,1045,-1,1052,1053,1049,-1,1050,1054,1048,-1,1055,1056,1040,-1,1054,1050,1057,-1,1055,1043,1058,-1,1015,1059,1014,-1,1060,1015,1018,-1,1061,1030,995,-1,1031,1061,1010,-1,1036,1027,1062,-1,1063,1033,1032,-1,1004,1024,1025,-1,1001,1064,1023,-1,1025,1065,1066,-1,1066,1065,1067,-1,1067,1068,1069,-1,1026,1025,1066,-1,1007,1004,1025,-1,1069,1068,1029,-1,1029,1068,1027,-1,1065,1024,1062,-1,1067,1065,1068,-1,1025,1024,1065,-1,1004,1002,1024,-1,1068,1062,1027,-1,1065,1062,1068,-1,1062,1023,1036,-1,1028,1027,1035,-1,1024,1023,1062,-1,1002,1001,1023,-1,1070,1035,1071,-1,1035,1070,1028,-1,1037,1036,1064,-1,1027,1036,1035,-1,1023,1064,1036,-1,1001,998,1064,-1,1070,1071,1072,-1,1072,1071,1063,-1,1073,1037,1030,-1,1035,1037,1071,-1,1037,1064,1030,-1,998,1030,1064,-1,1063,1071,1073,-1,1037,1073,1071,-1,1073,1061,1039,-1,1072,1063,1032,-1,1030,1061,1073,-1,995,1010,1061,-1,1063,1039,1033,-1,1073,1039,1063,-1,1039,1031,1040,-1,1034,1033,1056,-1,1031,1039,1061,-1,1074,1012,1014,-1,1034,1056,1075,-1,1075,1056,1058,-1,1040,1074,1055,-1,1033,1040,1056,-1,1040,1031,1074,-1,1012,1074,1031,-1,1075,1058,1076,-1,1076,1058,1042,-1,1055,1059,1043,-1,1056,1055,1058,-1,1055,1074,1059,-1,1014,1059,1074,-1,1076,1042,1077,-1,1077,1042,1078,-1,1043,1060,1044,-1,1058,1043,1042,-1,1043,1059,1060,-1,1015,1060,1059,-1,1077,1078,1057,-1,1057,1078,1054,-1,1044,1038,1051,-1,1042,1044,1078,-1,1044,1060,1038,-1,1018,1038,1060,-1,1048,1054,1045,-1,1044,1051,1078,-1,1054,1051,1045,-1,1078,1051,1054,-1,1038,1020,1041,-1,1051,1038,1041,-1,1048,1047,1052,-1,1046,1045,1041,-1,1052,1049,1048,-1,1047,1048,1045,-1,1077,1079,1080,-1,1070,1072,1032,-1,1070,1032,1028,-1,1034,1029,1028,-1,1032,1034,1028,-1,1069,1034,1075,-1,1034,1069,1029,-1,1057,1050,1081,-1,1080,1082,1076,-1,1049,1053,1083,-1,1084,1085,1086,-1,1086,1087,1088,-1,1087,1086,1085,-1,1084,1089,1085,-1,1053,1087,1083,-1,1053,1088,1087,-1,1083,1090,1049,-1,1090,1081,1050,-1,1050,1049,1090,-1,1057,1079,1077,-1,1057,1081,1079,-1,1082,1075,1076,-1,1076,1077,1080,-1,1075,1082,1069,-1,1091,1092,1093,-1,1094,1046,1095,-1,1096,1086,1088,-1,1022,1095,1046,-1,1097,1098,1099,-1,1100,1101,1102,-1,1085,1103,1087,-1,1104,1105,1106,-1,1107,1108,1109,-1,1110,1111,1103,-1,1112,1108,1008,-1,1113,1114,1115,-1,1116,1026,1066,-1,1117,1082,1080,-1,1008,1026,1112,-1,1118,1112,1116,-1,1067,1069,1082,-1,1080,1119,1117,-1,1120,1121,1111,-1,1119,1080,1079,-1,1120,1114,1122,-1,1123,1124,1125,-1,1126,1123,1107,-1,1127,1099,1098,-1,1102,1127,1100,-1,1105,1096,1128,-1,1129,1103,1085,-1,1130,1093,1094,-1,1131,1132,1092,-1,1094,1133,1047,-1,1047,1133,1052,-1,1052,1134,1053,-1,1046,1094,1047,-1,1095,1130,1094,-1,1053,1134,1088,-1,1088,1134,1096,-1,1133,1093,1128,-1,1052,1133,1134,-1,1094,1093,1133,-1,1130,1091,1093,-1,1134,1128,1096,-1,1133,1128,1134,-1,1128,1092,1105,-1,1086,1096,1104,-1,1093,1092,1128,-1,1091,1131,1092,-1,1084,1104,1135,-1,1104,1084,1086,-1,1106,1105,1132,-1,1096,1105,1104,-1,1092,1132,1105,-1,1131,1097,1132,-1,1084,1135,1089,-1,1089,1135,1129,-1,1136,1106,1099,-1,1104,1106,1135,-1,1106,1132,1099,-1,1097,1099,1132,-1,1129,1135,1136,-1,1106,1136,1135,-1,1136,1127,1110,-1,1089,1129,1085,-1,1099,1127,1136,-1,1098,1100,1127,-1,1129,1110,1103,-1,1136,1110,1129,-1,1110,1102,1111,-1,1087,1103,1121,-1,1102,1110,1127,-1,1137,1101,1125,-1,1087,1121,1083,-1,1083,1121,1122,-1,1111,1137,1120,-1,1103,1111,1121,-1,1111,1102,1137,-1,1101,1137,1102,-1,1083,1122,1090,-1,1090,1122,1113,-1,1120,1124,1114,-1,1121,1120,1122,-1,1120,1137,1124,-1,1125,1124,1137,-1,1090,1113,1081,-1,1081,1113,1138,-1,1114,1126,1115,-1,1122,1114,1113,-1,1114,1124,1126,-1,1123,1126,1124,-1,1081,1138,1079,-1,1079,1138,1119,-1,1115,1109,1118,-1,1113,1115,1138,-1,1115,1126,1109,-1,1107,1109,1126,-1,1117,1119,1116,-1,1115,1118,1138,-1,1119,1118,1116,-1,1138,1118,1119,-1,1109,1108,1112,-1,1118,1109,1112,-1,1117,1066,1067,-1,1026,1116,1112,-1,1067,1082,1117,-1,1066,1117,1116,-1,1098,1139,1140,-1,1139,1097,1141,-1,1097,1139,1098,-1,1142,1141,1131,-1,1097,1131,1141,-1,1091,1143,1142,-1,1142,1131,1091,-1,1143,1130,1144,-1,1130,1143,1091,-1,1145,1144,1095,-1,1130,1095,1144,-1,1022,1021,1145,-1,1145,1095,1022,-1,1098,1140,1100,-1,1146,1101,1100,-1,1100,1140,1146,-1,1101,1147,1125,-1,1147,1101,1146,-1,1123,1125,1148,-1,1147,1148,1125,-1,1149,1107,1123,-1,1123,1148,1149,-1,1107,1150,1108,-1,1150,1107,1149,-1,1150,1009,1108,-1,1108,1009,1008,-1,1151,1152,1153,-1,1154,1151,1153,-1,1152,1151,1155,-1,1154,1153,1156,-1,1157,1158,1159,-1,1157,1159,1156,-1,1158,1160,1161,-1,1160,1158,1157,-1,1162,1161,1163,-1,1160,1163,1161,-1,1164,1165,1162,-1,1162,1163,1164,-1,1159,1154,1156,-1,1155,1166,1152,-1,1167,1168,1166,-1,1166,1155,1167,-1,1168,1169,1170,-1,1169,1168,1167,-1,1171,1170,1172,-1,1169,1172,1170,-1,1173,1174,1171,-1,1171,1172,1173,-1,1174,1175,1176,-1,1175,1174,1173,-1,1175,1177,1176,-1,1176,1177,1178,-1,1179,1180,1181,-1,1182,1183,1184,-1,1185,1186,1187,-1,1184,1183,1160,-1,1188,1156,1189,-1,1164,1163,1190,-1,1191,1192,1193,-1,1194,1189,1153,-1,1195,1196,1197,-1,1198,1199,1200,-1,1201,1202,1203,-1,1204,1203,1205,-1,1206,1207,1208,-1,1209,1203,1202,-1,1178,1206,1176,-1,1208,1207,1201,-1,1209,1205,1203,-1,1210,1211,1204,-1,1201,1195,1208,-1,1212,1213,1214,-1,1215,1198,1168,-1,1197,1215,1170,-1,1216,1185,1187,-1,1194,1152,1200,-1,1212,1214,1193,-1,1216,1187,1192,-1,1217,1218,1219,-1,1220,1186,1218,-1,1184,1188,1221,-1,1222,1223,1219,-1,1219,1223,1224,-1,1223,1222,1225,-1,1210,1204,1205,-1,1179,1181,1213,-1,1208,1174,1176,-1,1202,1201,1207,-1,1201,1196,1195,-1,1176,1206,1208,-1,1204,1196,1203,-1,1226,1211,1210,-1,1195,1171,1174,-1,1203,1196,1201,-1,1196,1227,1197,-1,1174,1208,1195,-1,1211,1227,1204,-1,1181,1180,1226,-1,1195,1197,1171,-1,1204,1227,1196,-1,1227,1228,1215,-1,1170,1171,1197,-1,1211,1180,1228,-1,1180,1211,1226,-1,1215,1168,1170,-1,1211,1228,1227,-1,1228,1199,1198,-1,1227,1215,1197,-1,1199,1180,1179,-1,1191,1193,1214,-1,1198,1166,1168,-1,1180,1199,1228,-1,1199,1229,1200,-1,1228,1198,1215,-1,1179,1212,1229,-1,1212,1179,1213,-1,1152,1166,1200,-1,1179,1229,1199,-1,1229,1230,1194,-1,1166,1198,1200,-1,1193,1230,1212,-1,1216,1192,1191,-1,1152,1194,1153,-1,1212,1230,1229,-1,1230,1231,1189,-1,1229,1194,1200,-1,1231,1193,1192,-1,1232,1186,1185,-1,1189,1156,1153,-1,1193,1231,1230,-1,1231,1221,1188,-1,1230,1189,1194,-1,1187,1221,1192,-1,1233,1218,1232,-1,1188,1157,1156,-1,1192,1221,1231,-1,1221,1182,1184,-1,1231,1188,1189,-1,1186,1182,1187,-1,1183,1220,1190,-1,1160,1157,1184,-1,1187,1182,1221,-1,1182,1220,1183,-1,1157,1188,1184,-1,1232,1218,1186,-1,1233,1222,1219,-1,1183,1190,1163,-1,1186,1220,1182,-1,1220,1217,1190,-1,1163,1160,1183,-1,1233,1219,1218,-1,1218,1217,1220,-1,1224,1234,1217,-1,1219,1224,1217,-1,1164,1190,1234,-1,1217,1234,1190,-1,1235,1236,1237,-1,1185,1216,1238,-1,1237,1236,1239,-1,1237,1240,1235,-1,1236,1241,1239,-1,1225,1242,1239,-1,1239,1241,1225,-1,1243,1233,1232,-1,1233,1244,1222,-1,1191,1209,1245,-1,1185,1238,1246,-1,1226,1210,1213,-1,1210,1205,1214,-1,1213,1210,1214,-1,1213,1181,1226,-1,1191,1214,1209,-1,1214,1205,1209,-1,1216,1245,1238,-1,1191,1245,1216,-1,1185,1246,1232,-1,1243,1232,1246,-1,1222,1244,1242,-1,1244,1233,1243,-1,1242,1225,1222,-1,1247,1248,1240,-1,1249,1250,1251,-1,1243,1252,1253,-1,1251,1250,1254,-1,1255,1256,1257,-1,1178,1258,1259,-1,1242,1260,1261,-1,1262,1257,1263,-1,1264,1265,1266,-1,1267,1268,1269,-1,1270,1223,1271,-1,1272,1271,1241,-1,1234,1224,1273,-1,1225,1271,1223,-1,1164,1234,1274,-1,1273,1224,1270,-1,1225,1241,1271,-1,1236,1275,1272,-1,1270,1264,1273,-1,1267,1276,1277,-1,1243,1253,1244,-1,1278,1266,1277,-1,1279,1237,1239,-1,1261,1279,1239,-1,1255,1280,1251,-1,1260,1244,1253,-1,1262,1281,1269,-1,1282,1252,1283,-1,1284,1202,1207,-1,1284,1285,1283,-1,1209,1202,1245,-1,1284,1245,1202,-1,1236,1272,1241,-1,1247,1240,1237,-1,1273,1286,1274,-1,1223,1270,1224,-1,1270,1265,1264,-1,1274,1234,1273,-1,1272,1265,1271,-1,1235,1275,1236,-1,1264,1287,1286,-1,1271,1265,1270,-1,1265,1288,1266,-1,1286,1273,1264,-1,1275,1288,1272,-1,1240,1248,1235,-1,1264,1266,1287,-1,1272,1288,1265,-1,1288,1289,1277,-1,1278,1287,1266,-1,1275,1248,1289,-1,1248,1275,1235,-1,1277,1276,1278,-1,1275,1289,1288,-1,1289,1268,1267,-1,1288,1277,1266,-1,1268,1248,1247,-1,1242,1261,1239,-1,1267,1290,1276,-1,1248,1268,1289,-1,1268,1291,1269,-1,1289,1267,1277,-1,1247,1279,1291,-1,1279,1247,1237,-1,1281,1290,1269,-1,1247,1291,1268,-1,1291,1292,1262,-1,1290,1267,1269,-1,1261,1292,1279,-1,1244,1260,1242,-1,1281,1262,1263,-1,1279,1292,1291,-1,1292,1293,1257,-1,1291,1262,1269,-1,1293,1261,1260,-1,1246,1252,1243,-1,1257,1256,1263,-1,1261,1293,1292,-1,1293,1280,1255,-1,1292,1257,1262,-1,1253,1280,1260,-1,1238,1283,1246,-1,1255,1294,1256,-1,1260,1280,1293,-1,1280,1249,1251,-1,1293,1255,1257,-1,1252,1249,1253,-1,1250,1282,1259,-1,1254,1294,1251,-1,1253,1249,1280,-1,1249,1282,1250,-1,1294,1255,1251,-1,1246,1283,1252,-1,1238,1245,1284,-1,1250,1259,1258,-1,1252,1282,1249,-1,1282,1285,1259,-1,1258,1254,1250,-1,1238,1284,1283,-1,1283,1285,1282,-1,1207,1206,1285,-1,1284,1207,1285,-1,1178,1259,1206,-1,1285,1206,1259,-1,1295,1281,1263,-1,1296,1295,1263,-1,1281,1295,1297,-1,1296,1263,1256,-1,1294,1298,1299,-1,1294,1299,1256,-1,1298,1254,1300,-1,1254,1298,1294,-1,1301,1300,1258,-1,1254,1258,1300,-1,1178,1177,1301,-1,1301,1258,1178,-1,1299,1296,1256,-1,1297,1290,1281,-1,1302,1276,1290,-1,1290,1297,1302,-1,1276,1303,1278,-1,1303,1276,1302,-1,1287,1278,1304,-1,1303,1304,1278,-1,1305,1286,1287,-1,1287,1304,1305,-1,1286,1306,1274,-1,1306,1286,1305,-1,1306,1165,1274,-1,1274,1165,1164,-1,1307,1308,1309,-1,1310,1307,1309,-1,1308,1307,1311,-1,1310,1309,1312,-1,1313,1314,1315,-1,1313,1315,1312,-1,1314,1316,1317,-1,1316,1314,1313,-1,1318,1317,1319,-1,1316,1319,1317,-1,1320,1321,1318,-1,1318,1319,1320,-1,1315,1310,1312,-1,1311,1322,1308,-1,1323,1324,1322,-1,1322,1311,1323,-1,1324,1325,1326,-1,1325,1324,1323,-1,1327,1326,1328,-1,1325,1328,1326,-1,1329,1330,1327,-1,1327,1328,1329,-1,1330,1331,1332,-1,1331,1330,1329,-1,1331,1333,1332,-1,1332,1333,1334,-1,1335,1336,1337,-1,1338,1339,1340,-1,1341,1342,1343,-1,1340,1339,1316,-1,1344,1312,1345,-1,1320,1319,1346,-1,1347,1348,1349,-1,1350,1345,1309,-1,1351,1352,1353,-1,1354,1355,1356,-1,1357,1358,1359,-1,1360,1359,1361,-1,1362,1363,1364,-1,1365,1359,1358,-1,1334,1362,1332,-1,1364,1363,1357,-1,1365,1361,1359,-1,1366,1367,1360,-1,1357,1351,1364,-1,1368,1369,1370,-1,1371,1354,1324,-1,1353,1371,1326,-1,1372,1341,1343,-1,1350,1308,1356,-1,1368,1370,1349,-1,1372,1343,1348,-1,1373,1374,1375,-1,1376,1342,1374,-1,1340,1344,1377,-1,1378,1379,1375,-1,1375,1379,1380,-1,1379,1378,1381,-1,1366,1360,1361,-1,1335,1337,1369,-1,1364,1330,1332,-1,1358,1357,1363,-1,1357,1352,1351,-1,1332,1362,1364,-1,1360,1352,1359,-1,1382,1367,1366,-1,1351,1327,1330,-1,1359,1352,1357,-1,1352,1383,1353,-1,1330,1364,1351,-1,1367,1383,1360,-1,1337,1336,1382,-1,1351,1353,1327,-1,1360,1383,1352,-1,1383,1384,1371,-1,1326,1327,1353,-1,1367,1336,1384,-1,1336,1367,1382,-1,1371,1324,1326,-1,1367,1384,1383,-1,1384,1355,1354,-1,1383,1371,1353,-1,1355,1336,1335,-1,1347,1349,1370,-1,1354,1322,1324,-1,1336,1355,1384,-1,1355,1385,1356,-1,1384,1354,1371,-1,1335,1368,1385,-1,1368,1335,1369,-1,1308,1322,1356,-1,1335,1385,1355,-1,1385,1386,1350,-1,1322,1354,1356,-1,1349,1386,1368,-1,1372,1348,1347,-1,1308,1350,1309,-1,1368,1386,1385,-1,1386,1387,1345,-1,1385,1350,1356,-1,1387,1349,1348,-1,1388,1342,1341,-1,1345,1312,1309,-1,1349,1387,1386,-1,1387,1377,1344,-1,1386,1345,1350,-1,1343,1377,1348,-1,1389,1374,1388,-1,1344,1313,1312,-1,1348,1377,1387,-1,1377,1338,1340,-1,1387,1344,1345,-1,1342,1338,1343,-1,1339,1376,1346,-1,1316,1313,1340,-1,1343,1338,1377,-1,1338,1376,1339,-1,1313,1344,1340,-1,1388,1374,1342,-1,1389,1378,1375,-1,1339,1346,1319,-1,1342,1376,1338,-1,1376,1373,1346,-1,1319,1316,1339,-1,1389,1375,1374,-1,1374,1373,1376,-1,1380,1390,1373,-1,1375,1380,1373,-1,1320,1346,1390,-1,1373,1390,1346,-1,1391,1392,1393,-1,1341,1372,1394,-1,1393,1392,1395,-1,1393,1396,1391,-1,1392,1397,1395,-1,1381,1398,1395,-1,1395,1397,1381,-1,1399,1389,1388,-1,1389,1400,1378,-1,1347,1365,1401,-1,1341,1394,1402,-1,1382,1366,1369,-1,1366,1361,1370,-1,1369,1366,1370,-1,1369,1337,1382,-1,1347,1370,1365,-1,1370,1361,1365,-1,1372,1401,1394,-1,1347,1401,1372,-1,1341,1402,1388,-1,1399,1388,1402,-1,1378,1400,1398,-1,1400,1389,1399,-1,1398,1381,1378,-1,1403,1404,1396,-1,1405,1406,1407,-1,1399,1408,1409,-1,1407,1406,1410,-1,1411,1412,1413,-1,1334,1414,1415,-1,1398,1416,1417,-1,1418,1413,1419,-1,1420,1421,1422,-1,1423,1424,1425,-1,1426,1379,1427,-1,1428,1427,1397,-1,1390,1380,1429,-1,1381,1427,1379,-1,1320,1390,1430,-1,1429,1380,1426,-1,1381,1397,1427,-1,1392,1431,1428,-1,1426,1420,1429,-1,1423,1432,1433,-1,1399,1409,1400,-1,1434,1422,1433,-1,1435,1393,1395,-1,1417,1435,1395,-1,1411,1436,1407,-1,1416,1400,1409,-1,1418,1437,1425,-1,1438,1408,1439,-1,1440,1358,1363,-1,1440,1441,1439,-1,1365,1358,1401,-1,1440,1401,1358,-1,1392,1428,1397,-1,1403,1396,1393,-1,1429,1442,1430,-1,1379,1426,1380,-1,1426,1421,1420,-1,1430,1390,1429,-1,1428,1421,1427,-1,1391,1431,1392,-1,1420,1443,1442,-1,1427,1421,1426,-1,1421,1444,1422,-1,1442,1429,1420,-1,1431,1444,1428,-1,1396,1404,1391,-1,1420,1422,1443,-1,1428,1444,1421,-1,1444,1445,1433,-1,1434,1443,1422,-1,1431,1404,1445,-1,1404,1431,1391,-1,1433,1432,1434,-1,1431,1445,1444,-1,1445,1424,1423,-1,1444,1433,1422,-1,1424,1404,1403,-1,1398,1417,1395,-1,1423,1446,1432,-1,1404,1424,1445,-1,1424,1447,1425,-1,1445,1423,1433,-1,1403,1435,1447,-1,1435,1403,1393,-1,1437,1446,1425,-1,1403,1447,1424,-1,1447,1448,1418,-1,1446,1423,1425,-1,1417,1448,1435,-1,1400,1416,1398,-1,1437,1418,1419,-1,1435,1448,1447,-1,1448,1449,1413,-1,1447,1418,1425,-1,1449,1417,1416,-1,1402,1408,1399,-1,1413,1412,1419,-1,1417,1449,1448,-1,1449,1436,1411,-1,1448,1413,1418,-1,1409,1436,1416,-1,1394,1439,1402,-1,1411,1450,1412,-1,1416,1436,1449,-1,1436,1405,1407,-1,1449,1411,1413,-1,1408,1405,1409,-1,1406,1438,1415,-1,1410,1450,1407,-1,1409,1405,1436,-1,1405,1438,1406,-1,1450,1411,1407,-1,1402,1439,1408,-1,1394,1401,1440,-1,1406,1415,1414,-1,1408,1438,1405,-1,1438,1441,1415,-1,1414,1410,1406,-1,1394,1440,1439,-1,1439,1441,1438,-1,1363,1362,1441,-1,1440,1363,1441,-1,1334,1415,1362,-1,1441,1362,1415,-1,1451,1437,1419,-1,1452,1451,1419,-1,1437,1451,1453,-1,1452,1419,1412,-1,1450,1454,1455,-1,1450,1455,1412,-1,1454,1410,1456,-1,1410,1454,1450,-1,1457,1456,1414,-1,1410,1414,1456,-1,1334,1333,1457,-1,1457,1414,1334,-1,1455,1452,1412,-1,1453,1446,1437,-1,1458,1432,1446,-1,1446,1453,1458,-1,1432,1459,1434,-1,1459,1432,1458,-1,1443,1434,1460,-1,1459,1460,1434,-1,1461,1442,1443,-1,1443,1460,1461,-1,1442,1462,1430,-1,1462,1442,1461,-1,1462,1321,1430,-1,1430,1321,1320,-1,1463,1464,1465,-1,1464,1466,1467,-1,1466,1464,1463,-1,1468,1467,1469,-1,1466,1469,1467,-1,1470,1471,1468,-1,1468,1469,1470,-1,1471,1472,1473,-1,1472,1471,1470,-1,1474,1473,1475,-1,1472,1475,1473,-1,1476,1477,1474,-1,1474,1475,1476,-1,1463,1465,1478,-1,1479,1480,1478,-1,1478,1465,1479,-1,1480,1481,1482,-1,1481,1480,1479,-1,1483,1482,1484,-1,1481,1484,1482,-1,1485,1486,1483,-1,1483,1484,1485,-1,1486,1487,1488,-1,1487,1486,1485,-1,1487,1489,1488,-1,1488,1489,1490,-1,1470,1491,1492,-1,1493,1494,1475,-1,1495,1496,1497,-1,1476,1475,1494,-1,1466,1463,1498,-1,1478,1480,1499,-1,1500,1501,1502,-1,1503,1504,1505,-1,1486,1488,1506,-1,1507,1508,1501,-1,1509,1488,1490,-1,1510,1511,1512,-1,1513,1514,1515,-1,1516,1517,1518,-1,1490,1514,1509,-1,1519,1509,1513,-1,1520,1521,1517,-1,1518,1522,1516,-1,1523,1524,1508,-1,1522,1518,1525,-1,1523,1511,1526,-1,1483,1527,1482,-1,1528,1483,1486,-1,1529,1498,1463,-1,1499,1529,1478,-1,1504,1495,1530,-1,1531,1501,1500,-1,1472,1492,1493,-1,1469,1532,1491,-1,1493,1533,1534,-1,1534,1533,1535,-1,1535,1536,1537,-1,1494,1493,1534,-1,1475,1472,1493,-1,1537,1536,1497,-1,1497,1536,1495,-1,1533,1492,1530,-1,1535,1533,1536,-1,1493,1492,1533,-1,1472,1470,1492,-1,1536,1530,1495,-1,1533,1530,1536,-1,1530,1491,1504,-1,1496,1495,1503,-1,1492,1491,1530,-1,1470,1469,1491,-1,1538,1503,1539,-1,1503,1538,1496,-1,1505,1504,1532,-1,1495,1504,1503,-1,1491,1532,1504,-1,1469,1466,1532,-1,1538,1539,1540,-1,1540,1539,1531,-1,1541,1505,1498,-1,1503,1505,1539,-1,1505,1532,1498,-1,1466,1498,1532,-1,1531,1539,1541,-1,1505,1541,1539,-1,1541,1529,1507,-1,1540,1531,1500,-1,1498,1529,1541,-1,1463,1478,1529,-1,1531,1507,1501,-1,1541,1507,1531,-1,1507,1499,1508,-1,1502,1501,1524,-1,1499,1507,1529,-1,1542,1480,1482,-1,1502,1524,1543,-1,1543,1524,1526,-1,1508,1542,1523,-1,1501,1508,1524,-1,1508,1499,1542,-1,1480,1542,1499,-1,1543,1526,1544,-1,1544,1526,1510,-1,1523,1527,1511,-1,1524,1523,1526,-1,1523,1542,1527,-1,1482,1527,1542,-1,1544,1510,1545,-1,1545,1510,1546,-1,1511,1528,1512,-1,1526,1511,1510,-1,1511,1527,1528,-1,1483,1528,1527,-1,1545,1546,1525,-1,1525,1546,1522,-1,1512,1506,1519,-1,1510,1512,1546,-1,1512,1528,1506,-1,1486,1506,1528,-1,1516,1522,1513,-1,1512,1519,1546,-1,1522,1519,1513,-1,1546,1519,1522,-1,1506,1488,1509,-1,1519,1506,1509,-1,1516,1515,1520,-1,1514,1513,1509,-1,1520,1517,1516,-1,1515,1516,1513,-1,1545,1547,1548,-1,1538,1540,1500,-1,1538,1500,1496,-1,1502,1497,1496,-1,1500,1502,1496,-1,1537,1502,1543,-1,1502,1537,1497,-1,1525,1518,1549,-1,1548,1550,1544,-1,1517,1521,1551,-1,1552,1553,1554,-1,1554,1555,1556,-1,1555,1554,1553,-1,1552,1557,1553,-1,1521,1555,1551,-1,1521,1556,1555,-1,1551,1558,1517,-1,1558,1549,1518,-1,1518,1517,1558,-1,1525,1547,1545,-1,1525,1549,1547,-1,1550,1543,1544,-1,1544,1545,1548,-1,1543,1550,1537,-1,1559,1560,1561,-1,1562,1514,1563,-1,1564,1554,1556,-1,1490,1563,1514,-1,1565,1566,1567,-1,1568,1569,1570,-1,1553,1571,1555,-1,1572,1573,1574,-1,1575,1576,1577,-1,1578,1579,1571,-1,1580,1576,1476,-1,1581,1582,1583,-1,1584,1494,1534,-1,1585,1550,1548,-1,1476,1494,1580,-1,1586,1580,1584,-1,1535,1537,1550,-1,1548,1587,1585,-1,1588,1589,1579,-1,1587,1548,1547,-1,1588,1582,1590,-1,1591,1592,1593,-1,1594,1591,1575,-1,1595,1567,1566,-1,1570,1595,1568,-1,1573,1564,1596,-1,1597,1571,1553,-1,1598,1561,1562,-1,1599,1600,1560,-1,1562,1601,1515,-1,1515,1601,1520,-1,1520,1602,1521,-1,1514,1562,1515,-1,1563,1598,1562,-1,1521,1602,1556,-1,1556,1602,1564,-1,1601,1561,1596,-1,1520,1601,1602,-1,1562,1561,1601,-1,1598,1559,1561,-1,1602,1596,1564,-1,1601,1596,1602,-1,1596,1560,1573,-1,1554,1564,1572,-1,1561,1560,1596,-1,1559,1599,1560,-1,1552,1572,1603,-1,1572,1552,1554,-1,1574,1573,1600,-1,1564,1573,1572,-1,1560,1600,1573,-1,1599,1565,1600,-1,1552,1603,1557,-1,1557,1603,1597,-1,1604,1574,1567,-1,1572,1574,1603,-1,1574,1600,1567,-1,1565,1567,1600,-1,1597,1603,1604,-1,1574,1604,1603,-1,1604,1595,1578,-1,1557,1597,1553,-1,1567,1595,1604,-1,1566,1568,1595,-1,1597,1578,1571,-1,1604,1578,1597,-1,1578,1570,1579,-1,1555,1571,1589,-1,1570,1578,1595,-1,1605,1569,1593,-1,1555,1589,1551,-1,1551,1589,1590,-1,1579,1605,1588,-1,1571,1579,1589,-1,1579,1570,1605,-1,1569,1605,1570,-1,1551,1590,1558,-1,1558,1590,1581,-1,1588,1592,1582,-1,1589,1588,1590,-1,1588,1605,1592,-1,1593,1592,1605,-1,1558,1581,1549,-1,1549,1581,1606,-1,1582,1594,1583,-1,1590,1582,1581,-1,1582,1592,1594,-1,1591,1594,1592,-1,1549,1606,1547,-1,1547,1606,1587,-1,1583,1577,1586,-1,1581,1583,1606,-1,1583,1594,1577,-1,1575,1577,1594,-1,1585,1587,1584,-1,1583,1586,1606,-1,1587,1586,1584,-1,1606,1586,1587,-1,1577,1576,1580,-1,1586,1577,1580,-1,1585,1534,1535,-1,1494,1584,1580,-1,1535,1550,1585,-1,1534,1585,1584,-1,1566,1607,1608,-1,1607,1565,1609,-1,1565,1607,1566,-1,1610,1609,1599,-1,1565,1599,1609,-1,1559,1611,1610,-1,1610,1599,1559,-1,1611,1598,1612,-1,1598,1611,1559,-1,1613,1612,1563,-1,1598,1563,1612,-1,1490,1489,1613,-1,1613,1563,1490,-1,1566,1608,1568,-1,1614,1569,1568,-1,1568,1608,1614,-1,1569,1615,1593,-1,1615,1569,1614,-1,1591,1593,1616,-1,1615,1616,1593,-1,1617,1575,1591,-1,1591,1616,1617,-1,1575,1618,1576,-1,1618,1575,1617,-1,1618,1477,1576,-1,1576,1477,1476,-1,
        ]
    }
}
Shape{
    appearance Appearance {
        material  Material 	{
            diffuseColor 0.8117647058823529 0.8117647058823529 0.8117647058823529
            specularColor 0.7529411764705882 0.7529411764705882 0.7529411764705882
            ambientIntensity 0.2
            transparency 0
            shininess 0.5
        }
    }
    geometry IndexedFaceSet {
        ccw TRUE
        solid FALSE
        coord DEF co Coordinate {
            point [
                -1.0433 0.2815 1.3269, -1.0433 0.2969 1.3333, -1.0433 0.3302 1.3386, -1.0433 0.3302 1.2598, -1.0433 0.267 1.318, -1.0433 0.2224 1.2309, -1.0433 0.3013 1.2309, -1.0433 0.3013 1.2205, -1.0433 0.6422 1.2598, -1.0433 0.3132 1.3372, -1.0433 0.6422 1.3386, -1.0433 0.2541 1.3071, -1.0433 0.2343 1.2798, -1.0433 0.2432 1.2942, -1.0433 0.2278 1.2642, -1.0433 0.3157 1.256, -1.0433 0.3051 1.2454, -1.0433 0.2239 1.2477, -1.0433 0.2225 1.2205, -0.7283 0.3013 1.2205, -0.7283 0.3013 1.2309, -0.7283 0.3302 1.2598, -0.7283 0.3302 1.3386, -0.7283 0.267 1.318, -0.7283 0.2541 1.3071, -0.7283 0.2432 1.2942, -0.7283 0.3132 1.3372, -0.7283 0.2969 1.3333, -0.7283 0.2815 1.3269, -0.7283 0.6422 1.2598, -0.7283 0.6422 1.3386, -0.7283 0.2343 1.2798, -0.7283 0.3157 1.256, -0.7283 0.2278 1.2642, -0.7283 0.2239 1.2477, -0.7283 0.3051 1.2454, -0.7283 0.2224 1.2309, -0.7283 0.2225 1.2205, 1.0433 0.2815 1.3269, 1.0433 0.3302 1.3386, 1.0433 0.2969 1.3333, 1.0433 0.3302 1.2598, 1.0433 0.267 1.318, 1.0433 0.2224 1.2309, 1.0433 0.3013 1.2205, 1.0433 0.3013 1.2309, 1.0433 0.6422 1.2598, 1.0433 0.3132 1.3372, 1.0433 0.6422 1.3386, 1.0433 0.2541 1.3071, 1.0433 0.2343 1.2798, 1.0433 0.2432 1.2942, 1.0433 0.2278 1.2642, 1.0433 0.3157 1.256, 1.0433 0.2239 1.2477, 1.0433 0.3051 1.2454, 1.0433 0.2225 1.2205, 0.7283 0.3013 1.2205, 0.7283 0.3013 1.2309, 0.7283 0.3157 1.256, 0.7283 0.3302 1.2598, 0.7283 0.3051 1.2454, 0.7283 0.6422 1.2598, 0.7283 0.6422 1.3386, 0.7283 0.3302 1.3386, 0.7283 0.2541 1.3071, 0.7283 0.267 1.318, 0.7283 0.2815 1.3269, 0.7283 0.2969 1.3333, 0.7283 0.3132 1.3372, 0.7283 0.2432 1.2942, 0.7283 0.2343 1.2798, 0.7283 0.2278 1.2642, 0.7283 0.2239 1.2477, 0.7283 0.2224 1.2309, 0.7283 0.2225 1.2205, -1.0236 0.2028 -2.7756, -1.018 0.2028 -2.8144, -1.0017 0.2028 -2.8501, -0.9761 0.2028 -2.8797, -1.0236 0.2028 -1.2205, -0.9431 0.2028 -2.9009, -0.9054 0.2028 -2.912, -0.8662 0.2028 -2.912, -0.748 0.2028 -1.2205, -0.8286 0.2028 -2.9009, -0.7956 0.2028 -2.8797, -0.7699 0.2028 -2.8501, -0.748 0.2028 -2.7756, -0.7536 0.2028 -2.8144, -0.8662 0.3209 -2.912, -0.8286 0.3209 -2.9009, -0.7956 0.3209 -2.8797, -0.7699 0.3209 -2.8501, -0.7536 0.3209 -2.8144, -0.748 0.3209 -2.7756, -0.9054 0.3209 -2.912, -0.9431 0.3209 -2.9009, -0.9761 0.3209 -2.8797, -1.0017 0.3209 -2.8501, -1.018 0.3209 -2.8144, -1.0236 0.3209 -2.7756, -1.0236 0.3209 -1.2205, -0.748 0.3209 -1.2205, 1.0236 0.2028 -2.7756, 0.9761 0.2028 -2.8797, 1.0017 0.2028 -2.8501, 1.018 0.2028 -2.8144, 1.0236 0.2028 -1.2205, 0.9054 0.2028 -2.912, 0.9431 0.2028 -2.9009, 0.748 0.2028 -1.2205, 0.8662 0.2028 -2.912, 0.7956 0.2028 -2.8797, 0.8286 0.2028 -2.9009, 0.7699 0.2028 -2.8501, 0.748 0.2028 -2.7756, 0.7536 0.2028 -2.8144, 0.9054 0.3209 -2.912, 0.8662 0.3209 -2.912, 0.8286 0.3209 -2.9009, 0.7956 0.3209 -2.8797, 0.7699 0.3209 -2.8501, 0.7536 0.3209 -2.8144, 0.748 0.3209 -2.7756, 0.9431 0.3209 -2.9009, 0.9761 0.3209 -2.8797, 1.0017 0.3209 -2.8501, 1.018 0.3209 -2.8144, 1.0236 0.3209 -2.7756, 1.0236 0.3209 -1.2205, 0.748 0.3209 -1.2205, -1.4272 1.2203 -2.9117, -1.4272 1.2717 -2.9117, -1.4272 1.2459 -2.9134, -1.4272 1.1949 -2.9066, -1.4272 1.2969 -2.9067, -1.4272 1.1705 -2.8983, -1.4272 1.3213 -2.8984, -1.4272 1.3445 -2.887, -1.4272 1.1475 -2.8869, -1.4272 1.3659 -2.8727, -1.4272 1.3852 -2.8557, -1.4272 1.126 -2.8725, -1.4272 1.1067 -2.8555, -1.4272 1.4023 -2.8363, -1.4272 1.0897 -2.8361, -1.4272 1.4165 -2.8149, -1.4272 1.0755 -2.8147, -1.4271 1.0641 -2.7917, -1.4272 1.428 -2.7918, -1.4273 1.4362 -2.7673, -1.4273 1.0559 -2.7673, -1.3287 1.1707 -2.8984, -1.3297 1.4412 -2.7421, -1.4285 1.4413 -2.742, -1.3287 1.1477 -2.887, -1.3287 1.1262 -2.8727, -1.3287 1.1069 -2.8557, -1.3287 1.0899 -2.8364, -1.3287 1.0756 -2.8149, -1.3287 1.0642 -2.7919, -1.3287 1.0559 -2.7673, -1.4285 1.0509 -2.7419, -1.3293 1.0522 -2.7506, -1.3304 1.0499 -2.7336, -1.4326 1.0492 -2.7165, -1.3287 1.1952 -2.9067, -1.3326 1.0494 -2.7165, -1.3287 1.2204 -2.9117, -1.3287 1.2462 -2.9134, -1.3287 1.2718 -2.9117, -1.3287 1.2972 -2.9066, -1.3287 1.3215 -2.8983, -1.3287 1.3447 -2.8869, -1.3287 1.3661 -2.8725, -1.3287 1.3854 -2.8556, -1.3287 1.4024 -2.8361, -1.3287 1.4166 -2.8148, -1.3287 1.4279 -2.7919, -1.3287 1.4363 -2.7673, -1.4326 1.443 -2.7165, -1.3326 1.4428 -2.7165, -1.3366 1.4431 -2.6945, -1.3366 1.0492 -2.6944, -1.3422 1.4429 -2.6727, -1.3491 1.4429 -2.6514, -1.3422 1.0492 -2.6727, -1.3491 1.0492 -2.6514, -1.3575 1.4429 -2.6305, -1.3575 1.0492 -2.6305, -1.3441 1.0492 -1.9395, -1.3287 1.0492 -1.8382, -1.3629 1.0492 -1.9872, -1.4272 1.0492 -1.8382, -1.4333 1.0492 -1.8927, -1.3326 1.0492 -1.8894, -1.4988 1.0492 -2.2998, -1.5825 1.0492 -2.3628, -1.4924 1.0492 -2.3232, -1.4911 1.0492 -2.2525, -1.4515 1.0492 -1.9444, -1.5944 1.0492 -2.3252, -1.5929 1.0492 -2.2468, -1.5979 1.0492 -2.2859, -1.5797 1.0492 -2.2097, -1.4389 1.0492 -2.6929, -1.4476 1.0492 -2.6701, -1.4984 1.0492 -2.2756, -1.3287 1.0492 -1.3415, -1.4272 1.0492 -1.3415, -1.4272 1.7686 -1.57, -1.4272 1.7382 -1.5748, -1.4272 1.8366 -1.4764, -1.4272 1.1584 1.2205, -1.4272 1.2504 1.1569, -1.4272 0.8828 -0.0048, -1.4272 1.1877 1.216, -1.4272 -0.1319 -1.3541, -1.4272 -0.1263 -1.3213, -1.4272 -0.1101 -1.2923, -1.4272 0.946 -0.068, -1.4272 0.932 -0.0406, -1.4272 0.9102 -0.0188, -1.4272 1.4477 -1.6428, -1.4272 1.4617 -1.6154, -1.4272 1.4835 -1.5936, -1.4272 1.4429 -1.6732, -1.4272 0.9041 -0.6588, -1.4272 0.7002 -1.3415, -1.4272 -0.0335 -1.5748, -1.4272 -0.0852 -1.2704, -1.4272 1.2359 1.1827, -1.4272 1.2143 1.203, -1.4272 -0.0639 -1.57, -1.4272 -0.1319 -1.4764, -1.4272 -0.1131 -1.5342, -1.4272 -0.1271 -1.5068, -1.4272 -0.0913 -1.556, -1.4272 0.4401 -1.5748, -1.4272 0.929 -0.6368, -1.4272 1.5109 -1.5796, -1.4272 0.9452 -0.6078, -1.4272 1.4429 -1.8382, -1.4272 1.5413 -1.5748, -1.4272 1.8366 -0.3937, -1.4272 1.8318 -1.5068, -1.4272 1.8178 -1.5342, -1.4272 1.796 -1.556, -1.4272 0.9508 -0.5751, -1.4272 0.9508 -0.0984, -1.4272 0.8524 0.0, -1.4272 -0.6437 0.0, -1.4272 -0.6437 1.2205, -1.3866 -0.7233 0.0, -1.4084 -0.7016 1.2205, -1.4084 -0.7016 0.0, -1.4223 -0.6741 0.0, -1.4223 -0.6741 1.2205, -1.3866 -0.7233 1.2205, -1.3592 -0.7373 0.0, -1.3592 -0.7373 1.2205, -1.3287 -0.7421 -0.0, -1.3287 -0.7421 1.2205, 1.3592 -0.7373 1.2205, 1.3866 -0.7233 1.2205, 1.3287 -0.6437 1.2205, -1.3287 -0.6437 1.2205, 1.4084 -0.7016 1.2205, 1.4223 -0.6741 1.2205, 1.3287 -0.7421 1.2205, 1.4272 -0.6437 1.2205, 1.4272 1.1584 1.2205, 1.3287 1.1584 1.2205, -1.3287 1.1584 1.2205, -1.3287 1.2143 1.203, -1.3287 1.1877 1.216, -1.3287 1.2359 1.1827, -1.3287 1.2504 1.1569, -1.3287 1.8366 -0.3937, -1.3287 1.8366 -1.4764, -1.3287 1.796 -1.556, -1.3287 1.8178 -1.5342, -1.3287 1.8318 -1.5068, -1.3287 1.7686 -1.57, -1.3287 1.7382 -1.5748, -1.3287 1.5413 -1.5748, -1.3287 0.4401 -1.5748, -1.3287 -0.0335 -1.5748, -1.3287 1.4617 -1.6154, -1.3287 1.4835 -1.5936, -1.3287 1.4477 -1.6428, -1.3287 1.4429 -1.6732, -1.3287 1.5109 -1.5796, -1.4333 1.4429 -1.8927, -1.3629 1.4429 -1.9872, -1.3441 1.4429 -1.9395, -1.3287 1.4429 -1.8382, -1.3326 1.4429 -1.8894, -1.4911 1.4429 -2.2525, -1.4515 1.4429 -1.9444, -1.5929 1.4429 -2.2468, -1.5825 1.4429 -2.3628, -1.5944 1.4429 -2.3252, -1.5979 1.4429 -2.2859, -1.5797 1.4429 -2.2097, -1.4988 1.4429 -2.2998, -1.4389 1.4429 -2.6929, -1.4476 1.4429 -2.6701, -1.4924 1.4429 -2.3232, -1.4984 1.4429 -2.2756, -1.3287 -0.6437 0.0, -1.3287 0.8524 0.0, -1.3287 0.946 -0.068, -1.3287 -0.1101 -1.2923, -1.3287 -0.1263 -1.3213, -1.3287 -0.1319 -1.3541, -1.3287 0.8828 -0.0048, -1.3287 0.9102 -0.0188, -1.3287 0.932 -0.0406, -1.3287 0.9508 -0.0984, -1.3287 0.9041 -0.6588, -1.3287 0.7002 -1.3415, -1.3287 -0.0852 -1.2704, -1.3287 -0.1319 -1.4764, -1.3287 -0.0639 -1.57, -1.3287 -0.1131 -1.5342, -1.3287 -0.1271 -1.5068, -1.3287 -0.0913 -1.556, -1.3287 0.929 -0.6368, -1.3287 0.9452 -0.6078, -1.3287 0.9508 -0.5751, -1.2205 -0.6437 0.0, -1.2205 -0.7421 0.0, 0.6496 -0.7421 0.8465, 0.6553 -0.7421 0.8936, 0.1775 -0.7421 0.6044, -0.9163 -0.7421 -1.0305, -0.9583 -0.7421 -1.0085, -1.063 -0.7421 -1.2205, -1.1038 -0.7421 -1.2151, -1.1743 -0.7421 -1.1743, -1.1417 -0.7421 -1.1994, -0.9938 -0.7421 -0.977, 1.063 -0.7421 -1.2205, -0.7767 -0.7421 -1.0305, 0.5299 -0.7421 0.3406, 0.573 -0.7421 0.2617, 0.8227 -0.7421 0.651, 0.9938 -0.7421 -0.977, 0.9583 -0.7421 -1.0085, 1.1743 -0.7421 -1.1743, 1.1417 -0.7421 -1.1994, 1.2151 -0.7421 -1.1038, 1.2205 -0.7421 -1.063, 1.1994 -0.7421 -1.1417, 1.0208 -0.7421 -0.9379, 0.8227 -0.7421 -1.0419, 0.7767 -0.7421 -1.0305, 0.7767 -0.7421 1.0305, 0.8227 -0.7421 1.0419, -0.8702 -0.7421 0.651, -0.9163 -0.7421 0.6624, 1.0433 -0.7421 -0.8465, 1.0376 -0.7421 -0.8936, 0.6553 -0.7421 -0.8936, 0.1775 -0.7421 -0.6044, 0.0896 -0.7421 -0.6235, 1.1038 -0.7421 -1.2151, 0.8702 -0.7421 -1.0419, 0.9163 -0.7421 -1.0305, 0.7346 -0.7421 -1.0085, -0.7346 -0.7421 -1.0085, 0.6496 -0.7421 -0.8465, 0.6553 -0.7421 -0.7993, 0.2617 -0.7421 -0.573, 0.6722 -0.7421 -0.755, 0.4125 -0.7421 -0.4761, 0.3406 -0.7421 -0.5299, 0.573 -0.7421 -0.2617, 0.8227 -0.7421 -0.651, 0.8702 -0.7421 -0.651, -1.1994 -0.7421 -1.1417, -1.2151 -0.7421 -1.1038, -0.573 -0.7421 0.2617, -0.6044 -0.7421 0.1775, 1.2205 -0.7421 0.0, 0.6235 -0.7421 -0.0896, 0.6044 -0.7421 -0.1775, 0.9163 -0.7421 0.6624, 0.8702 -0.7421 0.651, 0.9163 -0.7421 -0.6624, 0.6299 -0.7421 0.0, 0.9938 -0.7421 -0.7159, 0.9583 -0.7421 -0.6845, 1.0376 -0.7421 -0.7993, 1.0208 -0.7421 -0.755, 0.0 -0.7421 -0.6299, 0.6722 -0.7421 -0.9379, -0.8227 -0.7421 0.651, -0.5299 -0.7421 0.3406, -0.7767 -0.7421 0.6624, -0.8702 -0.7421 -1.0419, 0.6991 -0.7421 -0.977, -0.6991 -0.7421 -0.977, -0.8227 -0.7421 -1.0419, -1.0376 -0.7421 -0.7993, -1.2205 -0.7421 -1.063, -1.0433 -0.7421 -0.8465, -1.0208 -0.7421 -0.9379, -1.0376 -0.7421 -0.8936, -1.0208 -0.7421 -0.755, -0.9583 -0.7421 -0.6845, -0.9938 -0.7421 -0.7159, -0.8702 -0.7421 -0.651, -0.9163 -0.7421 -0.6624, 0.6722 -0.7421 0.755, 0.4125 -0.7421 0.4761, 0.6991 -0.7421 0.7159, -0.4125 -0.7421 -0.4761, -0.4761 -0.7421 -0.4125, -0.7346 -0.7421 -0.6845, -0.7767 -0.7421 -0.6624, -0.5299 -0.7421 -0.3406, -0.8227 -0.7421 -0.651, -0.6496 -0.7421 -0.8465, -0.6553 -0.7421 -0.8936, -0.1775 -0.7421 -0.6044, 0.4761 -0.7421 -0.4125, 0.7346 -0.7421 -0.6845, 0.5299 -0.7421 -0.3406, 0.6991 -0.7421 -0.7159, -1.0208 -0.7421 0.755, -1.0376 -0.7421 0.7993, 1.0433 -0.7421 0.8465, 1.0376 -0.7421 0.7993, -0.7767 -0.7421 1.0305, -0.7346 -0.7421 1.0085, 0.7346 -0.7421 1.0085, 0.6991 -0.7421 0.977, -0.6553 -0.7421 0.8936, -0.1775 -0.7421 0.6044, -0.0896 -0.7421 0.6235, 0.9163 -0.7421 1.0305, 0.8702 -0.7421 1.0419, 0.9938 -0.7421 0.977, 0.9583 -0.7421 1.0085, 1.0376 -0.7421 0.8936, 1.0208 -0.7421 0.9379, 1.3287 -0.7421 0.0, 1.0208 -0.7421 0.755, 0.9938 -0.7421 0.7159, 0.9583 -0.7421 0.6845, 0.4761 -0.7421 0.4125, 0.7767 -0.7421 0.6624, 0.7346 -0.7421 0.6845, -0.6496 -0.7421 0.8465, -0.6722 -0.7421 0.755, -0.3406 -0.7421 0.5299, -0.6553 -0.7421 0.7993, -0.6991 -0.7421 0.977, -0.6722 -0.7421 0.9379, -0.0 -0.7421 0.6299, -0.2617 -0.7421 0.573, -1.0208 -0.7421 0.9379, -1.0376 -0.7421 0.8936, -1.0433 -0.7421 0.8465, -0.9583 -0.7421 1.0085, -0.9938 -0.7421 0.977, -0.8702 -0.7421 1.0419, -0.9163 -0.7421 1.0305, -0.8227 -0.7421 1.0419, -0.6553 -0.7421 -0.7993, -0.2617 -0.7421 -0.573, -0.4125 -0.7421 0.4761, -0.7346 -0.7421 0.6845, -0.4761 -0.7421 0.4125, -0.6991 -0.7421 0.7159, -0.3406 -0.7421 -0.5299, -0.6722 -0.7421 -0.755, -0.9583 -0.7421 0.6845, -0.6299 -0.7421 0.0, -0.6235 -0.7421 -0.0896, -0.9938 -0.7421 0.7159, 0.6553 -0.7421 0.7993, 0.2617 -0.7421 0.573, 0.7767 -0.7421 -0.6624, -0.6722 -0.7421 -0.9379, -0.0896 -0.7421 -0.6235, -0.6991 -0.7421 -0.7159, -0.573 -0.7421 -0.2617, -0.6235 -0.7421 0.0896, -0.6044 -0.7421 -0.1775, 0.6722 -0.7421 0.9379, 0.0896 -0.7421 0.6235, 0.3406 -0.7421 0.5299, 0.6044 -0.7421 0.1775, 0.6235 -0.7421 0.0896, 0.6235 -0.6437 -0.0896, 0.6044 -0.6437 -0.1775, 0.6299 -0.6437 0.0, 0.5299 -0.6437 -0.3406, 0.4761 -0.6437 -0.4125, 0.573 -0.6437 -0.2617, 0.3406 -0.6437 -0.5299, 0.2617 -0.6437 -0.573, 0.4125 -0.6437 -0.4761, 0.0 -0.6437 -0.6299, 0.0896 -0.6437 -0.6235, 0.1775 -0.6437 -0.6044, -0.1775 -0.6437 -0.6044, -0.2617 -0.6437 -0.573, -0.0896 -0.6437 -0.6235, -0.4125 -0.6437 -0.4761, -0.4761 -0.6437 -0.4125, -0.3406 -0.6437 -0.5299, -0.5299 -0.6437 -0.3406, -0.573 -0.6437 -0.2617, -0.6044 -0.6437 -0.1775, -0.6235 -0.6437 -0.0896, -0.6299 -0.6437 0.0, -1.1417 -0.6437 -1.1994, -1.063 -0.6437 -1.2205, -1.1038 -0.6437 -1.2151, -0.1775 -0.6437 0.6044, -0.0896 -0.6437 0.6235, -1.1743 -0.6437 -1.1743, -1.1994 -0.6437 -1.1417, -1.2151 -0.6437 -1.1038, -1.2205 -0.6437 -1.063, 0.5299 -0.6437 0.3406, 1.2205 -0.6437 0.0, 1.1417 -0.6437 -1.1994, 1.063 -0.6437 -1.2205, 1.1743 -0.6437 -1.1743, 1.1038 -0.6437 -1.2151, 1.1994 -0.6437 -1.1417, 1.2151 -0.6437 -1.1038, 1.2205 -0.6437 -1.063, 0.4761 -0.6437 0.4125, 0.4125 -0.6437 0.4761, 1.3287 -0.6437 0.0, -0.6235 -0.6437 0.0896, -0.573 -0.6437 0.2617, -0.6044 -0.6437 0.1775, -0.5299 -0.6437 0.3406, -0.4125 -0.6437 0.4761, -0.4761 -0.6437 0.4125, -0.2617 -0.6437 0.573, -0.3406 -0.6437 0.5299, 0.0 -0.6437 0.6299, 0.1775 -0.6437 0.6044, 0.0896 -0.6437 0.6235, 0.3406 -0.6437 0.5299, 0.2617 -0.6437 0.573, 0.6235 -0.6437 0.0896, 0.6044 -0.6437 0.1775, 0.573 -0.6437 0.2617, 1.3287 0.8524 0.0, 1.4272 0.8524 0.0, 1.3866 -0.7233 -0.0, 1.4272 -0.6437 0.0, 1.4084 -0.7016 0.0, 1.4223 -0.6741 0.0, 1.3592 -0.7373 0.0, 1.4272 1.8366 -1.4764, 1.4272 1.7382 -1.5748, 1.4272 1.7686 -1.57, 1.4272 1.2143 1.203, 1.4272 1.2504 1.1569, 1.4272 1.2359 1.1827, 1.4272 -0.1101 -1.2923, 1.4272 -0.1263 -1.3213, 1.4272 -0.1319 -1.3541, 1.4272 0.9102 -0.0188, 1.4272 0.932 -0.0406, 1.4272 0.8828 -0.0048, 1.4272 0.946 -0.068, 1.4272 1.4477 -1.6428, 1.4272 1.4617 -1.6154, 1.4272 1.0492 -1.3415, 1.4272 1.4835 -1.5936, 1.4272 1.0492 -1.8382, 1.4272 1.4429 -1.6732, 1.4272 0.9041 -0.6588, 1.4272 0.7002 -1.3415, 1.4272 -0.0335 -1.5748, 1.4272 -0.0852 -1.2704, 1.4272 -0.1319 -1.4764, 1.4272 -0.0639 -1.57, 1.4272 -0.1131 -1.5342, 1.4272 -0.1271 -1.5068, 1.4272 -0.0913 -1.556, 1.4272 0.4401 -1.5748, 1.4272 0.929 -0.6368, 1.4272 1.5109 -1.5796, 1.4272 0.9452 -0.6078, 1.4272 1.4429 -1.8382, 1.4272 1.5413 -1.5748, 1.4272 1.8366 -0.3937, 1.4272 1.8178 -1.5342, 1.4272 1.8318 -1.5068, 1.4272 1.796 -1.556, 1.4272 0.9508 -0.5751, 1.4272 0.9508 -0.0984, 1.4272 1.1877 1.216, 1.3287 1.2143 1.203, 1.3287 1.1877 1.216, 1.3287 1.2359 1.1827, 1.3287 1.2504 1.1569, 1.3287 -0.1319 -1.3541, 1.3287 -0.1263 -1.3213, 1.3287 -0.1101 -1.2923, 1.3287 0.8828 -0.0048, 1.3287 0.9102 -0.0188, 1.3287 0.946 -0.068, 1.3287 0.932 -0.0406, 1.3287 1.0492 -1.3415, 1.3287 1.4835 -1.5936, 1.3287 1.4617 -1.6154, 1.3287 1.7382 -1.5748, 1.3287 1.8366 -1.4764, 1.3287 1.7686 -1.57, 1.3287 1.4477 -1.6428, 1.3287 1.0492 -1.8382, 1.3287 1.4429 -1.6732, 1.3287 0.9041 -0.6588, 1.3287 0.7002 -1.3415, 1.3287 -0.0335 -1.5748, 1.3287 -0.0852 -1.2704, 1.3287 -0.0639 -1.57, 1.3287 -0.1319 -1.4764, 1.3287 -0.1131 -1.5342, 1.3287 -0.1271 -1.5068, 1.3287 -0.0913 -1.556, 1.3287 0.4401 -1.5748, 1.3287 0.929 -0.6368, 1.3287 1.5109 -1.5796, 1.3287 0.9452 -0.6078, 1.3287 1.4429 -1.8382, 1.3287 1.5413 -1.5748, 1.3287 1.8366 -0.3937, 1.3287 1.8318 -1.5068, 1.3287 1.8178 -1.5342, 1.3287 1.796 -1.556, 1.3287 0.9508 -0.5751, 1.3287 0.9508 -0.0984, 1.3441 1.4429 -1.9395, 1.3326 1.4429 -1.8894, 1.4333 1.4429 -1.8927, 1.3629 1.4429 -1.9872, 1.5797 1.4429 -2.2097, 1.4984 1.4429 -2.2756, 1.4911 1.4429 -2.2525, 1.3422 1.4429 -2.6727, 1.4326 1.443 -2.7165, 1.3326 1.4428 -2.7165, 1.5944 1.4429 -2.3252, 1.5929 1.4429 -2.2468, 1.5979 1.4429 -2.2859, 1.5825 1.4429 -2.3628, 1.4988 1.4429 -2.2998, 1.4924 1.4429 -2.3232, 1.3575 1.4429 -2.6305, 1.4476 1.4429 -2.6701, 1.4389 1.4429 -2.6929, 1.3366 1.4429 -2.6944, 1.3491 1.4429 -2.6514, 1.4515 1.4429 -1.9444, 1.3441 1.0492 -1.9395, 1.3326 1.0492 -1.8894, 1.3629 1.0492 -1.9872, 1.3366 1.0491 -2.6945, 1.3326 1.0494 -2.7165, 1.3422 1.0492 -2.6727, 1.4988 1.0492 -2.2998, 1.4924 1.0492 -2.3232, 1.5825 1.0492 -2.3628, 1.5797 1.0492 -2.2097, 1.4515 1.0492 -1.9444, 1.4911 1.0492 -2.2525, 1.3491 1.0492 -2.6514, 1.5944 1.0492 -2.3252, 1.5929 1.0492 -2.2468, 1.5979 1.0492 -2.2859, 1.4389 1.0492 -2.6929, 1.4476 1.0492 -2.6701, 1.3575 1.0492 -2.6305, 1.4326 1.0492 -2.7165, 1.4984 1.0492 -2.2756, 1.4333 1.0492 -1.8927, 1.4295 1.442 -2.7334, 1.4295 1.0499 -2.7335, 1.4279 1.0522 -2.7505, 1.4277 1.44 -2.7504, 1.4272 1.4363 -2.7673, 1.4272 1.0559 -2.7673, 1.3287 1.2203 -2.9117, 1.4272 1.1952 -2.9067, 1.3287 1.1949 -2.9066, 1.3288 1.4362 -2.7673, 1.3297 1.4413 -2.742, 1.3287 1.1705 -2.8983, 1.4272 1.1707 -2.8984, 1.4272 1.1477 -2.887, 1.3287 1.1475 -2.8869, 1.4272 1.1262 -2.8727, 1.3287 1.126 -2.8725, 1.3287 1.1067 -2.8555, 1.4272 1.1069 -2.8557, 1.4272 1.0899 -2.8364, 1.3287 1.0897 -2.8361, 1.4272 1.0756 -2.8149, 1.3287 1.0755 -2.8147, 1.3287 1.0641 -2.7917, 1.4272 1.0642 -2.7919, 1.3288 1.0559 -2.7673, 1.3297 1.0509 -2.742, 1.4272 1.2204 -2.9117, 1.3287 1.2459 -2.9134, 1.4272 1.2462 -2.9134, 1.3287 1.2717 -2.9117, 1.3287 1.2969 -2.9067, 1.4272 1.2718 -2.9117, 1.3287 1.3213 -2.8984, 1.4272 1.2972 -2.9066, 1.4272 1.3215 -2.8983, 1.3287 1.3445 -2.887, 1.3287 1.3659 -2.8727, 1.4272 1.3447 -2.8869, 1.3287 1.3852 -2.8557, 1.4272 1.3661 -2.8725, 1.4272 1.3854 -2.8556, 1.3287 1.4023 -2.8363, 1.3287 1.4165 -2.8149, 1.4272 1.4024 -2.8361, 1.3287 1.428 -2.7918, 1.4272 1.4166 -2.8148, 1.4272 1.4279 -2.7919, 1.4272 1.4279 -2.7919
            ]
        }
        coordIndex [
            0,1,2,-1,3,4,2,-1,5,6,7,-1,8,3,2,-1,9,2,1,-1,2,10,8,-1,2,4,0,-1,4,3,11,-1,12,13,3,-1,3,13,11,-1,14,3,15,-1,3,14,12,-1,15,16,17,-1,17,14,15,-1,16,6,17,-1,6,5,17,-1,5,7,18,-1,19,6,20,-1,6,19,7,-1,21,22,23,-1,21,24,25,-1,22,26,27,-1,22,27,28,-1,29,22,21,-1,22,29,30,-1,22,28,23,-1,23,24,21,-1,25,31,21,-1,32,21,33,-1,31,33,21,-1,34,35,32,-1,32,33,34,-1,20,34,36,-1,34,20,35,-1,20,36,19,-1,19,36,37,-1,36,5,18,-1,36,18,37,-1,13,24,11,-1,13,12,25,-1,25,24,13,-1,31,12,14,-1,12,31,25,-1,17,33,14,-1,31,14,33,-1,17,5,34,-1,34,33,17,-1,5,36,34,-1,23,11,24,-1,4,23,28,-1,23,4,11,-1,27,0,28,-1,4,28,0,-1,27,26,1,-1,1,0,27,-1,9,26,22,-1,26,9,1,-1,9,22,2,-1,2,22,30,-1,2,30,10,-1,10,30,29,-1,10,29,8,-1,8,29,21,-1,8,21,3,-1,32,16,15,-1,6,35,20,-1,35,16,32,-1,21,15,3,-1,21,32,15,-1,6,16,35,-1,38,39,40,-1,41,39,42,-1,43,44,45,-1,46,39,41,-1,47,40,39,-1,39,46,48,-1,39,38,42,-1,42,49,41,-1,50,41,51,-1,41,49,51,-1,52,53,41,-1,41,50,52,-1,53,54,55,-1,54,53,52,-1,55,54,45,-1,45,54,43,-1,43,56,44,-1,57,45,44,-1,57,58,45,-1,59,60,41,-1,58,55,45,-1,61,53,55,-1,59,53,61,-1,58,61,55,-1,41,53,59,-1,60,46,41,-1,60,62,46,-1,62,48,46,-1,62,63,48,-1,63,39,48,-1,63,64,39,-1,65,49,42,-1,38,66,42,-1,65,42,66,-1,38,40,67,-1,67,66,38,-1,68,40,47,-1,40,68,67,-1,39,69,47,-1,68,47,69,-1,64,69,39,-1,70,49,65,-1,51,70,71,-1,70,51,49,-1,72,50,71,-1,51,71,50,-1,72,73,52,-1,52,50,72,-1,54,73,74,-1,73,54,52,-1,54,74,43,-1,74,56,43,-1,74,75,56,-1,57,75,74,-1,64,63,62,-1,62,60,64,-1,74,58,57,-1,69,64,68,-1,68,64,67,-1,60,66,64,-1,67,64,66,-1,70,65,60,-1,60,65,66,-1,72,71,60,-1,60,71,70,-1,73,59,61,-1,61,58,73,-1,74,73,58,-1,73,72,59,-1,60,59,72,-1,76,77,78,-1,76,79,80,-1,76,78,79,-1,81,82,80,-1,79,81,80,-1,80,83,84,-1,83,80,82,-1,84,85,86,-1,83,85,84,-1,87,88,86,-1,84,86,88,-1,88,87,89,-1,82,90,83,-1,85,83,91,-1,90,91,83,-1,92,86,85,-1,85,91,92,-1,86,93,87,-1,93,86,92,-1,89,87,94,-1,93,94,87,-1,95,88,89,-1,89,94,95,-1,90,82,96,-1,96,81,97,-1,81,96,82,-1,98,97,79,-1,81,79,97,-1,78,99,98,-1,98,79,78,-1,99,77,100,-1,77,99,78,-1,77,76,100,-1,100,76,101,-1,101,98,99,-1,100,101,99,-1,102,98,101,-1,102,96,97,-1,98,102,97,-1,103,90,102,-1,96,102,90,-1,92,91,103,-1,103,91,90,-1,93,92,95,-1,93,95,94,-1,92,103,95,-1,88,103,84,-1,103,88,95,-1,80,102,101,-1,80,101,76,-1,104,105,106,-1,107,104,106,-1,108,105,104,-1,108,109,110,-1,105,108,110,-1,111,112,108,-1,109,108,112,-1,113,114,111,-1,111,114,112,-1,115,113,116,-1,115,116,117,-1,113,111,116,-1,118,112,119,-1,120,119,114,-1,112,114,119,-1,113,121,120,-1,120,114,113,-1,121,115,122,-1,115,121,113,-1,123,122,117,-1,115,117,122,-1,116,124,123,-1,123,117,116,-1,112,118,109,-1,109,125,110,-1,125,109,118,-1,105,110,126,-1,125,126,110,-1,127,106,105,-1,105,126,127,-1,106,128,107,-1,128,106,127,-1,128,129,107,-1,107,129,104,-1,108,104,129,-1,129,130,108,-1,129,128,127,-1,129,126,130,-1,129,127,126,-1,125,118,130,-1,126,125,130,-1,130,119,131,-1,119,130,118,-1,131,120,121,-1,119,120,131,-1,122,124,121,-1,131,121,124,-1,124,122,123,-1,131,116,111,-1,131,124,116,-1,132,133,134,-1,132,135,136,-1,136,133,132,-1,137,138,135,-1,136,135,138,-1,139,137,140,-1,137,139,138,-1,139,140,141,-1,142,141,143,-1,140,143,141,-1,142,144,145,-1,144,142,143,-1,144,146,145,-1,147,146,148,-1,146,147,145,-1,148,149,150,-1,150,147,148,-1,150,149,151,-1,149,152,151,-1,153,137,135,-1,154,151,155,-1,137,156,140,-1,156,137,153,-1,143,140,157,-1,156,157,140,-1,158,144,143,-1,143,157,158,-1,144,159,146,-1,159,144,158,-1,148,146,160,-1,159,160,146,-1,161,149,148,-1,148,160,161,-1,149,162,152,-1,162,149,161,-1,163,152,164,-1,162,164,152,-1,165,166,163,-1,163,164,165,-1,167,153,135,-1,168,166,165,-1,167,132,169,-1,132,167,135,-1,134,169,132,-1,170,134,133,-1,134,170,169,-1,136,171,133,-1,170,133,171,-1,136,138,172,-1,172,171,136,-1,173,138,139,-1,138,173,172,-1,141,174,139,-1,173,139,174,-1,141,142,175,-1,175,174,141,-1,176,142,145,-1,142,176,175,-1,147,177,145,-1,176,145,177,-1,147,150,178,-1,178,177,147,-1,179,150,151,-1,150,179,178,-1,179,151,180,-1,155,181,182,-1,154,155,182,-1,154,180,151,-1,164,154,165,-1,180,164,162,-1,180,154,164,-1,182,168,165,-1,182,165,154,-1,183,168,182,-1,183,184,168,-1,184,183,185,-1,185,186,187,-1,187,184,185,-1,188,186,189,-1,186,188,187,-1,188,189,190,-1,191,192,193,-1,193,194,195,-1,192,191,196,-1,197,198,199,-1,168,184,187,-1,200,193,201,-1,188,168,187,-1,202,198,203,-1,204,202,203,-1,197,205,198,-1,206,190,207,-1,190,166,188,-1,168,188,166,-1,207,190,199,-1,166,190,206,-1,207,199,198,-1,197,208,205,-1,205,203,198,-1,208,200,205,-1,193,195,201,-1,200,201,205,-1,194,193,192,-1,192,209,194,-1,210,194,209,-1,211,212,213,-1,214,215,216,-1,214,217,215,-1,218,219,220,-1,221,222,215,-1,222,223,215,-1,224,210,225,-1,225,210,226,-1,194,224,227,-1,228,210,229,-1,194,210,224,-1,230,218,231,-1,231,218,220,-1,232,215,233,-1,230,234,235,-1,217,233,215,-1,236,237,235,-1,234,238,235,-1,235,238,236,-1,230,235,218,-1,239,230,231,-1,229,239,231,-1,229,231,228,-1,210,228,240,-1,210,241,226,-1,240,242,210,-1,194,227,243,-1,244,241,210,-1,212,244,213,-1,245,244,210,-1,213,246,247,-1,248,213,247,-1,213,248,211,-1,245,213,244,-1,242,249,245,-1,210,242,245,-1,245,250,221,-1,249,250,245,-1,215,245,221,-1,214,216,251,-1,223,216,215,-1,252,253,251,-1,251,253,214,-1,254,255,256,-1,257,256,258,-1,255,258,256,-1,253,252,257,-1,257,258,253,-1,255,254,259,-1,259,260,261,-1,260,259,254,-1,260,262,261,-1,261,262,263,-1,264,265,266,-1,253,258,267,-1,265,268,266,-1,268,269,266,-1,266,270,264,-1,266,269,271,-1,272,273,271,-1,266,267,270,-1,271,273,266,-1,267,214,253,-1,267,263,270,-1,267,274,214,-1,267,255,259,-1,258,255,267,-1,263,267,261,-1,259,261,267,-1,275,233,217,-1,214,276,217,-1,275,217,276,-1,274,276,214,-1,277,233,275,-1,232,277,278,-1,277,232,233,-1,232,278,215,-1,245,215,278,-1,278,279,245,-1,279,213,245,-1,279,280,213,-1,281,247,282,-1,283,282,246,-1,247,246,282,-1,213,280,283,-1,283,246,213,-1,247,281,248,-1,248,284,211,-1,284,248,281,-1,284,285,211,-1,211,285,212,-1,244,212,285,-1,285,286,244,-1,287,230,239,-1,287,288,230,-1,289,225,290,-1,224,289,291,-1,289,224,225,-1,227,224,291,-1,227,291,292,-1,225,226,290,-1,226,241,293,-1,293,290,226,-1,293,241,286,-1,241,244,286,-1,294,243,295,-1,243,296,295,-1,297,298,296,-1,299,300,295,-1,185,182,181,-1,301,302,303,-1,304,301,303,-1,302,305,306,-1,189,307,308,-1,309,302,306,-1,185,183,182,-1,181,186,185,-1,189,186,181,-1,308,309,189,-1,181,307,189,-1,308,302,309,-1,306,305,310,-1,305,302,301,-1,305,299,310,-1,297,296,243,-1,300,294,295,-1,299,305,300,-1,292,243,227,-1,297,243,292,-1,195,194,243,-1,201,294,300,-1,294,195,243,-1,201,195,294,-1,205,300,305,-1,205,201,300,-1,204,304,303,-1,302,202,303,-1,204,303,202,-1,198,202,302,-1,203,304,204,-1,301,203,205,-1,203,301,304,-1,301,205,305,-1,207,302,308,-1,207,198,302,-1,206,307,166,-1,207,308,206,-1,307,206,308,-1,307,181,166,-1,163,166,181,-1,155,152,163,-1,163,181,155,-1,155,151,152,-1,199,189,309,-1,199,190,189,-1,197,199,309,-1,200,310,299,-1,208,306,310,-1,197,306,208,-1,200,208,310,-1,309,306,197,-1,193,299,295,-1,193,200,299,-1,196,191,298,-1,297,192,196,-1,196,298,297,-1,298,191,296,-1,191,193,296,-1,296,193,295,-1,267,311,312,-1,290,293,209,-1,279,278,313,-1,267,312,274,-1,314,315,316,-1,278,317,318,-1,274,312,317,-1,318,319,278,-1,320,279,313,-1,291,192,292,-1,209,291,289,-1,321,322,209,-1,192,291,209,-1,288,323,316,-1,323,314,316,-1,288,324,325,-1,326,324,327,-1,324,326,328,-1,324,288,316,-1,324,328,325,-1,323,288,287,-1,322,323,287,-1,322,321,323,-1,209,329,321,-1,292,192,297,-1,329,209,330,-1,290,209,289,-1,286,209,293,-1,285,280,286,-1,279,209,286,-1,280,282,283,-1,281,282,280,-1,280,284,281,-1,285,284,280,-1,279,330,209,-1,286,280,279,-1,279,320,331,-1,330,279,331,-1,278,319,313,-1,275,278,277,-1,274,317,278,-1,274,278,276,-1,275,276,278,-1,210,322,229,-1,322,210,209,-1,229,287,239,-1,287,229,322,-1,326,238,328,-1,325,328,234,-1,238,234,328,-1,230,288,325,-1,325,234,230,-1,238,326,236,-1,236,327,237,-1,327,236,326,-1,327,324,237,-1,237,324,235,-1,324,218,235,-1,324,316,218,-1,315,314,219,-1,218,316,315,-1,315,219,218,-1,219,314,220,-1,314,323,220,-1,220,323,231,-1,228,231,323,-1,323,321,228,-1,242,329,330,-1,249,242,330,-1,249,330,331,-1,242,240,329,-1,329,240,321,-1,240,228,321,-1,331,250,249,-1,331,320,250,-1,318,223,319,-1,216,318,317,-1,318,216,223,-1,251,216,317,-1,251,317,312,-1,223,222,319,-1,222,221,313,-1,313,319,222,-1,313,221,320,-1,221,250,320,-1,262,311,332,-1,252,256,257,-1,254,252,251,-1,256,252,254,-1,254,251,312,-1,311,260,254,-1,311,254,312,-1,260,311,262,-1,262,332,333,-1,334,335,336,-1,337,338,339,-1,340,339,338,-1,338,341,342,-1,340,338,342,-1,341,338,343,-1,339,344,345,-1,346,347,348,-1,349,350,351,-1,350,352,351,-1,349,353,354,-1,355,353,349,-1,349,354,356,-1,344,357,358,-1,359,360,270,-1,333,361,362,-1,363,364,354,-1,365,366,367,-1,355,349,351,-1,364,356,354,-1,344,368,350,-1,352,350,368,-1,369,344,370,-1,344,350,370,-1,344,369,357,-1,358,371,372,-1,372,345,358,-1,373,374,375,-1,373,366,365,-1,376,377,378,-1,374,378,375,-1,379,380,381,-1,382,343,383,-1,384,361,385,-1,386,387,388,-1,386,389,390,-1,391,386,381,-1,387,386,392,-1,393,386,394,-1,386,391,394,-1,395,354,386,-1,386,396,395,-1,386,393,396,-1,363,354,395,-1,367,397,398,-1,399,400,401,-1,339,402,337,-1,371,403,404,-1,398,397,403,-1,344,358,345,-1,371,404,372,-1,339,405,402,-1,339,345,405,-1,406,407,408,-1,341,343,382,-1,409,407,343,-1,383,343,407,-1,407,410,408,-1,407,409,410,-1,411,333,406,-1,407,406,333,-1,412,333,413,-1,333,411,413,-1,414,333,415,-1,333,412,415,-1,416,417,418,-1,419,420,421,-1,422,423,424,-1,425,426,427,-1,428,377,429,-1,430,380,379,-1,374,376,378,-1,429,377,431,-1,432,433,262,-1,270,434,435,-1,436,437,438,-1,439,438,437,-1,440,441,442,-1,270,263,359,-1,443,270,444,-1,270,360,444,-1,445,270,446,-1,270,443,446,-1,447,270,448,-1,270,445,448,-1,270,447,434,-1,449,435,450,-1,435,449,270,-1,449,451,452,-1,450,451,449,-1,389,386,452,-1,449,452,386,-1,453,454,455,-1,386,388,381,-1,390,348,347,-1,384,399,361,-1,440,456,441,-1,457,458,459,-1,439,437,460,-1,461,442,462,-1,459,463,456,-1,462,460,461,-1,464,263,465,-1,263,466,465,-1,359,436,438,-1,467,263,468,-1,263,464,468,-1,436,359,263,-1,469,263,470,-1,263,467,470,-1,263,471,436,-1,263,469,471,-1,472,425,473,-1,458,463,459,-1,457,474,458,-1,475,476,474,-1,475,474,477,-1,361,333,385,-1,422,420,423,-1,425,427,473,-1,478,479,472,-1,362,480,333,-1,481,333,482,-1,483,262,480,-1,333,480,262,-1,262,433,263,-1,262,483,432,-1,466,263,433,-1,381,388,379,-1,484,334,485,-1,428,486,430,-1,380,430,486,-1,487,488,426,-1,429,486,428,-1,488,487,397,-1,377,376,431,-1,404,397,487,-1,398,365,367,-1,375,366,373,-1,403,397,404,-1,427,426,488,-1,472,473,478,-1,419,489,479,-1,479,478,419,-1,422,421,420,-1,419,421,489,-1,424,490,414,-1,424,423,490,-1,491,333,481,-1,333,414,492,-1,490,492,414,-1,333,492,482,-1,385,333,491,-1,399,384,400,-1,336,485,334,-1,476,475,401,-1,401,400,476,-1,493,494,335,-1,494,493,462,-1,474,457,477,-1,439,462,493,-1,461,440,442,-1,463,441,456,-1,460,462,439,-1,336,335,494,-1,484,485,495,-1,495,417,416,-1,416,484,495,-1,417,455,418,-1,453,346,454,-1,417,453,455,-1,496,390,347,-1,454,346,348,-1,497,386,496,-1,390,496,386,-1,392,386,497,-1,388,498,499,-1,500,387,392,-1,501,502,428,-1,430,379,503,-1,375,504,505,-1,378,377,506,-1,507,397,508,-1,509,367,366,-1,510,511,473,-1,488,512,427,-1,420,513,514,-1,419,478,515,-1,514,516,423,-1,423,420,514,-1,517,490,516,-1,423,516,490,-1,492,517,518,-1,517,492,490,-1,518,519,482,-1,482,492,518,-1,520,481,519,-1,482,519,481,-1,515,513,419,-1,419,513,420,-1,511,478,473,-1,511,515,478,-1,510,427,512,-1,510,473,427,-1,488,397,507,-1,512,488,507,-1,367,509,508,-1,397,367,508,-1,375,505,366,-1,366,505,509,-1,506,504,378,-1,378,504,375,-1,502,377,428,-1,502,506,377,-1,501,430,503,-1,501,428,430,-1,379,388,499,-1,503,379,499,-1,387,500,498,-1,388,387,498,-1,521,522,523,-1,524,267,525,-1,526,527,522,-1,526,522,521,-1,527,528,522,-1,522,528,529,-1,530,266,531,-1,532,533,534,-1,535,533,532,-1,536,533,537,-1,536,534,533,-1,538,537,533,-1,539,540,266,-1,531,266,541,-1,522,507,533,-1,267,332,311,-1,522,529,513,-1,332,542,520,-1,332,543,544,-1,542,332,544,-1,267,545,332,-1,543,332,545,-1,546,547,267,-1,267,547,545,-1,548,549,267,-1,267,549,546,-1,267,524,548,-1,266,550,267,-1,525,267,550,-1,551,552,266,-1,266,552,550,-1,553,554,266,-1,266,554,551,-1,266,540,553,-1,498,500,531,-1,539,266,530,-1,555,556,531,-1,531,556,557,-1,531,557,530,-1,555,531,500,-1,499,531,503,-1,499,498,531,-1,508,509,533,-1,538,501,503,-1,503,531,538,-1,538,506,502,-1,501,538,502,-1,504,506,533,-1,538,533,506,-1,533,509,505,-1,533,505,504,-1,507,522,512,-1,508,533,507,-1,522,511,510,-1,512,522,510,-1,522,513,515,-1,511,522,515,-1,513,529,514,-1,529,517,516,-1,514,529,516,-1,518,517,332,-1,529,332,517,-1,520,519,332,-1,332,519,518,-1,385,542,544,-1,520,491,481,-1,545,547,476,-1,400,384,543,-1,463,549,548,-1,458,474,546,-1,550,462,525,-1,524,442,441,-1,551,554,485,-1,494,552,336,-1,453,540,539,-1,417,495,553,-1,539,530,346,-1,346,453,539,-1,557,347,530,-1,346,530,347,-1,496,557,556,-1,557,496,347,-1,556,555,497,-1,497,496,556,-1,500,392,555,-1,497,555,392,-1,553,540,417,-1,417,540,453,-1,554,495,485,-1,554,553,495,-1,551,336,552,-1,551,485,336,-1,494,462,550,-1,552,494,550,-1,442,524,525,-1,462,442,525,-1,463,548,441,-1,441,548,524,-1,546,549,458,-1,458,549,463,-1,547,474,476,-1,547,546,474,-1,545,400,543,-1,545,476,400,-1,384,385,544,-1,543,384,544,-1,491,520,542,-1,385,491,542,-1,333,529,407,-1,529,333,332,-1,526,521,341,-1,342,521,523,-1,521,342,341,-1,522,340,523,-1,342,523,340,-1,339,340,522,-1,382,526,341,-1,382,383,527,-1,527,526,382,-1,528,383,407,-1,383,528,527,-1,528,407,529,-1,339,533,344,-1,533,339,522,-1,534,536,351,-1,355,536,537,-1,536,355,351,-1,538,353,537,-1,355,537,353,-1,354,353,538,-1,352,534,351,-1,352,368,532,-1,532,534,352,-1,535,368,344,-1,368,535,532,-1,535,344,533,-1,354,538,531,-1,354,531,386,-1,449,531,541,-1,531,449,386,-1,558,559,560,-1,559,561,560,-1,562,560,561,-1,563,562,561,-1,541,560,564,-1,541,558,560,-1,541,564,449,-1,265,562,268,-1,269,268,563,-1,562,563,268,-1,561,271,269,-1,269,563,561,-1,562,265,560,-1,560,264,564,-1,264,560,265,-1,264,270,564,-1,564,270,449,-1,565,566,567,-1,568,569,570,-1,571,572,573,-1,574,575,569,-1,576,569,272,-1,577,569,575,-1,578,579,580,-1,579,581,580,-1,582,583,578,-1,584,585,580,-1,582,578,580,-1,586,587,573,-1,587,571,573,-1,586,588,589,-1,590,588,591,-1,588,590,592,-1,588,586,573,-1,588,592,589,-1,587,586,593,-1,585,587,593,-1,585,584,587,-1,580,594,584,-1,580,581,595,-1,594,580,596,-1,582,597,583,-1,598,580,595,-1,566,565,598,-1,599,580,598,-1,565,600,601,-1,602,600,565,-1,565,567,602,-1,599,598,565,-1,596,599,603,-1,580,599,596,-1,599,577,604,-1,603,599,604,-1,569,577,599,-1,569,568,605,-1,574,569,576,-1,272,559,576,-1,272,569,605,-1,272,271,559,-1,559,271,561,-1,568,606,607,-1,273,605,607,-1,568,607,605,-1,272,605,273,-1,570,606,568,-1,608,570,569,-1,570,608,606,-1,608,569,609,-1,558,541,266,-1,610,611,612,-1,613,609,614,-1,613,273,609,-1,615,616,609,-1,609,616,614,-1,617,618,619,-1,620,621,622,-1,623,617,619,-1,624,623,625,-1,626,617,627,-1,624,617,623,-1,628,610,629,-1,629,610,612,-1,628,630,631,-1,632,633,631,-1,631,634,632,-1,631,610,628,-1,631,630,634,-1,629,635,628,-1,627,635,629,-1,627,629,626,-1,617,626,636,-1,617,637,618,-1,636,638,617,-1,624,625,639,-1,640,637,617,-1,620,640,621,-1,641,640,617,-1,621,642,643,-1,644,621,643,-1,621,644,622,-1,641,621,640,-1,638,645,641,-1,617,638,641,-1,641,646,615,-1,645,646,641,-1,609,641,615,-1,606,609,607,-1,609,606,608,-1,273,613,558,-1,273,607,609,-1,558,266,273,-1,574,614,575,-1,613,574,576,-1,574,613,614,-1,558,613,576,-1,558,576,559,-1,614,616,575,-1,616,615,577,-1,577,575,616,-1,577,615,604,-1,615,646,604,-1,604,645,603,-1,645,604,646,-1,638,594,596,-1,645,638,596,-1,645,596,603,-1,638,636,594,-1,594,636,584,-1,636,626,584,-1,584,626,629,-1,584,629,587,-1,572,571,611,-1,610,573,572,-1,572,611,610,-1,611,571,612,-1,571,587,612,-1,612,587,629,-1,573,631,588,-1,631,573,610,-1,590,634,592,-1,589,592,630,-1,634,630,592,-1,628,586,589,-1,589,630,628,-1,634,590,632,-1,632,591,633,-1,591,632,590,-1,591,588,633,-1,633,588,631,-1,598,640,620,-1,598,620,566,-1,586,635,593,-1,635,586,628,-1,602,643,600,-1,601,600,642,-1,643,642,600,-1,621,565,601,-1,601,642,621,-1,643,602,644,-1,644,567,622,-1,567,644,602,-1,567,566,622,-1,622,566,620,-1,565,641,599,-1,641,565,621,-1,599,641,609,-1,599,609,569,-1,579,619,581,-1,623,579,578,-1,579,623,619,-1,625,623,578,-1,625,578,583,-1,619,618,581,-1,618,637,595,-1,595,581,618,-1,595,637,598,-1,637,640,598,-1,639,647,648,-1,597,649,650,-1,651,652,653,-1,654,655,656,-1,657,658,659,-1,657,660,658,-1,661,660,662,-1,660,661,651,-1,663,664,665,-1,654,656,666,-1,655,654,667,-1,663,655,667,-1,664,663,662,-1,655,663,665,-1,664,662,660,-1,661,652,651,-1,660,651,658,-1,653,668,651,-1,668,653,650,-1,597,650,647,-1,668,650,649,-1,597,625,583,-1,647,639,597,-1,597,639,625,-1,647,669,670,-1,650,669,647,-1,650,671,669,-1,647,670,648,-1,670,624,648,-1,648,624,639,-1,624,670,669,-1,582,617,624,-1,672,673,674,-1,671,624,669,-1,675,676,677,-1,678,679,680,-1,681,674,673,-1,682,683,677,-1,675,677,678,-1,682,684,683,-1,685,686,687,-1,687,681,688,-1,673,688,681,-1,686,676,687,-1,688,685,687,-1,686,677,676,-1,675,678,689,-1,677,683,678,-1,678,680,689,-1,671,680,679,-1,671,690,582,-1,679,690,671,-1,582,580,617,-1,671,582,624,-1,580,627,617,-1,580,585,627,-1,585,635,627,-1,585,593,635,-1,582,649,597,-1,668,690,679,-1,690,668,649,-1,582,690,649,-1,668,679,678,-1,668,678,651,-1,658,684,659,-1,658,651,683,-1,683,684,658,-1,651,678,683,-1,682,659,684,-1,657,682,677,-1,682,657,659,-1,657,677,660,-1,660,677,686,-1,660,686,664,-1,655,685,688,-1,665,686,685,-1,685,655,665,-1,664,686,665,-1,691,655,688,-1,692,691,688,-1,692,693,694,-1,694,691,692,-1,694,693,695,-1,693,696,695,-1,697,698,699,-1,694,700,701,-1,702,699,703,-1,698,703,699,-1,704,705,702,-1,702,703,704,-1,705,706,707,-1,706,705,704,-1,708,707,709,-1,706,709,707,-1,710,711,708,-1,708,709,710,-1,711,712,713,-1,712,711,710,-1,714,713,715,-1,712,715,713,-1,696,716,714,-1,714,715,696,-1,717,716,693,-1,693,716,696,-1,692,717,693,-1,697,718,698,-1,692,688,673,-1,673,717,692,-1,719,718,697,-1,720,719,721,-1,719,720,718,-1,722,723,721,-1,720,721,723,-1,722,724,725,-1,725,723,722,-1,726,724,727,-1,724,726,725,-1,728,729,727,-1,726,727,729,-1,728,730,731,-1,731,729,728,-1,732,730,733,-1,730,732,731,-1,734,735,733,-1,732,733,735,-1,734,736,737,-1,737,735,734,-1,738,736,700,-1,736,738,737,-1,738,700,695,-1,656,655,691,-1,691,701,656,-1,700,694,695,-1,701,691,694,-1,723,725,718,-1,695,696,715,-1,709,735,710,-1,737,738,712,-1,729,704,703,-1,732,706,731,-1,718,720,723,-1,698,725,726,-1,698,718,725,-1,703,726,729,-1,703,698,726,-1,706,704,731,-1,731,704,729,-1,706,732,709,-1,737,710,735,-1,735,709,732,-1,738,715,712,-1,737,712,710,-1,715,738,695,-1,701,717,673,-1,717,700,716,-1,700,717,701,-1,673,672,656,-1,673,656,701,-1,672,666,656,-1,666,672,674,-1,674,681,654,-1,654,666,674,-1,667,681,687,-1,681,667,654,-1,667,687,663,-1,663,687,676,-1,663,676,662,-1,675,652,661,-1,653,689,680,-1,689,652,675,-1,676,661,662,-1,676,675,661,-1,653,652,689,-1,653,680,671,-1,653,671,650,-1,734,713,714,-1,711,733,730,-1,716,700,736,-1,705,727,724,-1,708,728,707,-1,721,719,697,-1,722,699,702,-1,721,699,722,-1,699,721,697,-1,724,722,702,-1,727,705,707,-1,724,702,705,-1,730,728,708,-1,728,727,707,-1,713,733,711,-1,711,730,708,-1,714,736,734,-1,713,734,733,-1,736,714,716,-1,169,170,171,-1,177,160,159,-1,172,167,171,-1,169,171,167,-1,153,172,173,-1,172,153,167,-1,173,174,156,-1,156,153,173,-1,175,157,174,-1,156,174,157,-1,158,157,175,-1,176,159,158,-1,158,175,176,-1,177,178,160,-1,176,177,159,-1,161,178,179,-1,178,161,160,-1,179,180,162,-1,162,161,179,-1,
        ]
    }
}
Shape{
    appearance Appearance {
        material  Material 	{
            diffuseColor 0.21568627450980393 0.14901960784313725 0.11372549019607843
            specularColor 0.7529411764705882 0.7529411764705882 0.7529411764705882
            ambientIntensity 0.2
            transparency 0
            shininess 0.5
        }
    }
    geometry IndexedFaceSet {
        ccw TRUE
        solid FALSE
        coord DEF co Coordinate {
            point [
                0.0 -5.92 0.5321, 0.084 -0.6358 0.5845, -0.0 -0.6358 0.5905, -0.5906 -0.6358 0.0, -0.5321 -5.92 -0.0, -0.5845 -0.6358 0.084, 0.1664 -0.6358 0.5666, 0.0758 -5.92 0.5267, 0.15 -5.92 0.5106, 0.2211 -5.92 0.484, 0.3193 -0.6358 0.4968, 0.2453 -0.6358 0.5372, 0.2878 -5.92 0.4476, 0.3867 -0.6358 0.4463, 0.3486 -5.92 0.4021, 0.4463 -0.6358 0.3867, 0.4022 -5.92 0.3484, 0.5666 -0.6358 0.1664, 0.4841 -5.92 0.2209, 0.5106 -5.92 0.1498, 0.4968 -0.6358 0.3193, 0.5372 -0.6358 0.2453, 0.4477 -5.92 0.2876, 0.5845 -0.6358 0.084, 0.5267 -5.92 0.0758, 0.5906 -0.6358 0.0, 0.5321 -5.92 -0.0, -0.0757 -5.92 0.5267, -0.1498 -5.92 0.5106, -0.084 -0.6358 0.5845, -0.1664 -0.6358 0.5666, -0.2209 -5.92 0.4841, -0.2453 -0.6358 0.5372, -0.2876 -5.92 0.4477, -0.3484 -5.92 0.4022, -0.3193 -0.6358 0.4968, -0.3867 -0.6358 0.4463, -0.4021 -5.92 0.3486, -0.4463 -0.6358 0.3867, -0.4476 -5.92 0.2878, -0.484 -5.92 0.2211, -0.4968 -0.6358 0.3193, -0.5372 -0.6358 0.2453, -0.5106 -5.92 0.15, -0.5666 -0.6358 0.1664, -0.5267 -5.92 0.0758, -0.0 -5.9613 0.5146, 0.0825 -5.9423 0.521, -0.0 -5.9423 0.5275, 0.5016 -5.9423 0.163, 0.521 -5.9423 0.0825, 0.4415 -5.9739 0.225, 0.4009 -5.9739 0.2913, 0.3828 -5.9783 0.278, 0.4713 -5.9739 0.1531, 0.4894 -5.9613 0.159, 0.4894 -5.9739 0.0775, 0.5083 -5.9613 0.0805, 0.4216 -5.9783 0.2147, 0.4499 -5.9783 0.1461, 0.373 -5.9423 0.373, 0.4267 -5.9423 0.31, 0.1463 -5.9783 0.4499, 0.225 -5.9739 0.4415, 0.1531 -5.9739 0.4713, 0.2149 -5.9783 0.4215, 0.2913 -5.9739 0.4009, -0.163 -5.9423 0.5016, -0.0825 -5.9423 0.521, -0.0775 -5.9739 0.4894, -0.0739 -5.9783 0.4673, -0.0 -5.9739 0.4955, -0.3504 -5.9739 0.3504, -0.3345 -5.9783 0.3346, -0.2913 -5.9739 0.4009, -0.225 -5.9739 0.4415, -0.2147 -5.9783 0.4216, -0.1531 -5.9739 0.4713, 0.0741 -5.9783 0.4672, -0.373 -5.9423 0.373, -0.4267 -5.9423 0.31, -0.5016 -5.9423 0.163, -0.521 -5.9423 0.0825, -0.5083 -5.9613 0.0805, -0.47 -5.9423 0.2395, -0.4894 -5.9613 0.159, -0.4673 -5.9783 0.074, -0.4713 -5.9739 0.1531, -0.4894 -5.9739 0.0775, -0.4731 -5.9783 -0.0, -0.4955 -5.9739 0.0, -0.5275 -5.9423 0.0, -0.5146 -5.9613 0.0, -0.3827 -5.9783 0.2781, -0.4009 -5.9739 0.2913, -0.31 -5.9423 0.4267, -0.2395 -5.9423 0.47, -0.278 -5.9783 0.3828, -0.159 -5.9613 0.4894, -0.1461 -5.9783 0.45, -0.0805 -5.9613 0.5083, 0.0775 -5.9739 0.4894, 0.159 -5.9613 0.4894, 0.2395 -5.9423 0.47, 0.163 -5.9423 0.5016, 0.0805 -5.9613 0.5083, 0.31 -5.9423 0.4267, 0.3346 -5.9783 0.3344, 0.3504 -5.9739 0.3504, 0.47 -5.9423 0.2395, 0.5146 -5.9613 0.0, 0.4955 -5.9739 0.0, 0.4731 -5.9783 -0.0, 0.4673 -5.9783 0.074, -0.4499 -5.9783 0.1462, -0.4215 -5.9783 0.2148, -0.4415 -5.9739 0.225, -0.4585 -5.9613 0.2336, -0.4163 -5.9613 0.3025, -0.3639 -5.9613 0.3639, -0.3025 -5.9613 0.4163, -0.2336 -5.9613 0.4585, 0.0001 -5.9783 0.4731, 0.2782 -5.9783 0.3827, 0.2336 -5.9613 0.4585, 0.3025 -5.9613 0.4163, 0.3639 -5.9613 0.3639, 0.4163 -5.9613 0.3025, 0.4585 -5.9613 0.2336, 0.5275 -5.9423 0.0, 0.4673 -5.9783 -0.074, 0.4499 -5.9783 -0.1461, 0.4216 -5.9783 -0.2147, 0.2782 -5.9783 -0.3827, 0.3828 -5.9783 -0.278, 0.3346 -5.9783 -0.3344, -0.4673 -5.9783 -0.074, -0.4499 -5.9783 -0.1462, 0.0741 -5.9783 -0.4672, 0.1463 -5.9783 -0.4499, 0.2149 -5.9783 -0.4215, -0.0739 -5.9783 -0.4673, 0.0001 -5.9783 -0.4731, -0.4215 -5.9783 -0.2148, -0.3345 -5.9783 -0.3346, -0.278 -5.9783 -0.3828, -0.2147 -5.9783 -0.4216, -0.1461 -5.9783 -0.45, -0.3827 -5.9783 -0.2781, 0.0 -5.9613 -0.5146, -0.0825 -5.9423 -0.521, 0.0 -5.9423 -0.5275, -0.5106 -5.92 -0.15, -0.5016 -5.9423 -0.163, -0.521 -5.9423 -0.0825, -0.4415 -5.9739 -0.225, -0.4009 -5.9739 -0.2913, -0.5267 -5.92 -0.0758, -0.4713 -5.9739 -0.1531, -0.4894 -5.9613 -0.159, -0.4894 -5.9739 -0.0775, -0.5083 -5.9613 -0.0805, -0.373 -5.9423 -0.373, -0.4267 -5.9423 -0.31, -0.4021 -5.92 -0.3486, -0.225 -5.9739 -0.4415, -0.1531 -5.9739 -0.4713, -0.2913 -5.9739 -0.4009, 0.163 -5.9423 -0.5016, 0.0825 -5.9423 -0.521, 0.15 -5.92 -0.5106, 0.0775 -5.9739 -0.4894, 0.0 -5.9739 -0.4955, 0.3504 -5.9739 -0.3504, 0.2913 -5.9739 -0.4009, 0.225 -5.9739 -0.4415, 0.1531 -5.9739 -0.4713, 0.373 -5.9423 -0.373, 0.4022 -5.92 -0.3484, 0.4267 -5.9423 -0.31, 0.5016 -5.9423 -0.163, 0.521 -5.9423 -0.0825, 0.5083 -5.9613 -0.0805, 0.47 -5.9423 -0.2395, 0.4894 -5.9613 -0.159, 0.4713 -5.9739 -0.1531, 0.4894 -5.9739 -0.0775, 0.5267 -5.92 -0.0758, 0.4009 -5.9739 -0.2913, 0.4477 -5.92 -0.2876, 0.31 -5.9423 -0.4267, 0.2395 -5.9423 -0.47, 0.2878 -5.92 -0.4476, 0.3486 -5.92 -0.4021, 0.2211 -5.92 -0.484, 0.159 -5.9613 -0.4894, 0.0805 -5.9613 -0.5083, -0.0775 -5.9739 -0.4894, -0.159 -5.9613 -0.4894, -0.2395 -5.9423 -0.47, -0.163 -5.9423 -0.5016, -0.0805 -5.9613 -0.5083, -0.3484 -5.92 -0.4022, -0.31 -5.9423 -0.4267, -0.2876 -5.92 -0.4477, -0.3504 -5.9739 -0.3504, -0.47 -5.9423 -0.2395, -0.484 -5.92 -0.2211, -0.4476 -5.92 -0.2878, 0.5106 -5.92 -0.1498, 0.4415 -5.9739 -0.225, 0.4585 -5.9613 -0.2336, 0.4841 -5.92 -0.2209, 0.4163 -5.9613 -0.3025, 0.3639 -5.9613 -0.3639, 0.3025 -5.9613 -0.4163, 0.2336 -5.9613 -0.4585, 0.0 -5.92 -0.5321, 0.0758 -5.92 -0.5267, -0.0757 -5.92 -0.5267, -0.1498 -5.92 -0.5106, -0.2336 -5.9613 -0.4585, -0.2209 -5.92 -0.4841, -0.3025 -5.9613 -0.4163, -0.3639 -5.9613 -0.3639, -0.4163 -5.9613 -0.3025, -0.4585 -5.9613 -0.2336, -0.084 -0.6358 -0.5845, -0.0 -0.6358 -0.5905, 0.5845 -0.6358 -0.084, -0.1664 -0.6358 -0.5666, -0.3193 -0.6358 -0.4968, -0.2453 -0.6358 -0.5372, -0.3867 -0.6358 -0.4463, -0.4463 -0.6358 -0.3867, -0.5666 -0.6358 -0.1664, -0.4968 -0.6358 -0.3193, -0.5372 -0.6358 -0.2453, -0.5845 -0.6358 -0.084, 0.084 -0.6358 -0.5845, 0.1664 -0.6358 -0.5666, 0.2453 -0.6358 -0.5372, 0.3193 -0.6358 -0.4968, 0.3867 -0.6358 -0.4463, 0.4463 -0.6358 -0.3867, 0.4968 -0.6358 -0.3193, 0.5372 -0.6358 -0.2453, 0.5666 -0.6358 -0.1664, 0.5666 -0.6358 -0.1664
            ]
        }
        coordIndex [
            0,1,2,-1,3,4,5,-1,6,7,8,-1,7,6,1,-1,9,10,11,-1,11,8,9,-1,10,12,13,-1,11,6,8,-1,12,10,9,-1,12,14,13,-1,15,14,16,-1,13,14,15,-1,17,18,19,-1,15,16,20,-1,21,18,17,-1,22,21,20,-1,16,22,20,-1,22,18,21,-1,19,23,17,-1,19,24,23,-1,24,25,23,-1,7,1,0,-1,25,24,26,-1,27,0,2,-1,28,27,29,-1,2,29,27,-1,30,31,28,-1,28,29,30,-1,31,32,33,-1,32,31,30,-1,34,33,35,-1,32,35,33,-1,36,37,34,-1,34,35,36,-1,37,38,39,-1,38,37,36,-1,40,39,41,-1,38,41,39,-1,42,43,40,-1,40,41,42,-1,43,44,45,-1,44,43,42,-1,4,45,5,-1,44,5,45,-1,46,47,48,-1,19,49,50,-1,51,52,53,-1,24,50,26,-1,51,54,55,-1,54,56,57,-1,54,58,59,-1,60,61,16,-1,62,63,64,-1,65,66,63,-1,67,68,28,-1,69,70,71,-1,72,73,74,-1,75,76,77,-1,78,62,64,-1,79,37,80,-1,81,82,83,-1,84,81,85,-1,86,87,88,-1,86,88,89,-1,90,88,83,-1,89,88,90,-1,82,91,92,-1,82,92,83,-1,72,93,73,-1,91,45,4,-1,72,94,93,-1,39,84,80,-1,95,96,33,-1,34,79,95,-1,96,67,31,-1,75,74,97,-1,98,68,67,-1,99,69,77,-1,48,68,100,-1,101,78,64,-1,65,63,62,-1,102,103,104,-1,105,104,47,-1,60,14,106,-1,106,12,103,-1,107,52,108,-1,109,49,18,-1,22,61,109,-1,110,56,111,-1,49,55,50,-1,112,111,113,-1,56,113,111,-1,114,87,86,-1,94,115,93,-1,82,45,91,-1,90,83,92,-1,83,85,81,-1,43,45,82,-1,87,85,88,-1,115,116,114,-1,81,43,82,-1,88,85,83,-1,85,117,84,-1,40,43,81,-1,87,116,117,-1,116,87,114,-1,84,40,81,-1,87,117,85,-1,117,118,80,-1,39,40,84,-1,116,94,118,-1,94,116,115,-1,117,80,84,-1,116,118,117,-1,118,119,79,-1,39,80,37,-1,72,119,94,-1,97,74,73,-1,118,79,80,-1,94,119,118,-1,119,120,95,-1,37,79,34,-1,74,120,72,-1,76,75,97,-1,119,95,79,-1,72,120,119,-1,120,121,96,-1,34,95,33,-1,75,121,74,-1,99,77,76,-1,120,96,95,-1,74,121,120,-1,121,98,67,-1,33,96,31,-1,77,98,75,-1,70,69,99,-1,121,67,96,-1,75,98,121,-1,98,100,68,-1,31,67,28,-1,69,100,77,-1,122,71,70,-1,68,0,27,-1,77,100,98,-1,46,48,100,-1,28,68,27,-1,71,46,69,-1,78,101,122,-1,48,0,68,-1,69,46,100,-1,46,105,47,-1,7,0,48,-1,71,101,105,-1,101,71,122,-1,47,7,48,-1,71,105,46,-1,105,102,104,-1,8,7,47,-1,64,102,101,-1,123,66,65,-1,104,8,47,-1,101,102,105,-1,102,124,103,-1,9,8,104,-1,63,124,64,-1,123,107,108,-1,103,9,104,-1,64,124,102,-1,124,125,106,-1,12,9,103,-1,66,125,63,-1,107,53,52,-1,124,106,103,-1,63,125,124,-1,125,126,60,-1,12,106,14,-1,66,108,126,-1,108,66,123,-1,125,60,106,-1,66,126,125,-1,126,127,61,-1,14,60,16,-1,52,127,108,-1,58,51,53,-1,126,61,60,-1,108,127,126,-1,127,128,109,-1,16,61,22,-1,51,128,52,-1,129,26,50,-1,127,109,61,-1,52,128,127,-1,128,55,49,-1,22,109,18,-1,58,54,51,-1,59,113,56,-1,128,49,109,-1,51,55,128,-1,57,50,55,-1,18,49,19,-1,59,56,54,-1,54,57,55,-1,110,129,57,-1,56,110,57,-1,129,50,57,-1,19,50,24,-1,112,99,76,-1,62,107,65,-1,107,123,65,-1,62,78,53,-1,53,107,62,-1,58,78,122,-1,78,58,53,-1,70,59,122,-1,58,122,59,-1,70,99,113,-1,113,59,70,-1,130,97,131,-1,99,112,113,-1,73,93,132,-1,133,114,86,-1,134,115,135,-1,136,137,138,-1,89,139,140,-1,141,142,143,-1,144,145,146,-1,147,148,144,-1,148,147,141,-1,144,146,147,-1,137,143,142,-1,143,148,141,-1,142,138,137,-1,89,136,139,-1,139,136,138,-1,133,86,140,-1,140,86,89,-1,135,115,114,-1,133,135,114,-1,134,132,93,-1,115,134,93,-1,73,131,97,-1,73,132,131,-1,112,76,130,-1,76,97,130,-1,149,150,151,-1,152,153,154,-1,155,156,148,-1,157,154,4,-1,155,158,159,-1,158,160,161,-1,158,143,137,-1,162,163,164,-1,147,165,166,-1,146,167,165,-1,168,169,170,-1,171,138,172,-1,173,135,174,-1,175,140,176,-1,141,147,166,-1,177,178,179,-1,180,181,182,-1,183,180,184,-1,130,185,186,-1,130,186,112,-1,111,186,182,-1,112,186,111,-1,181,129,110,-1,181,110,182,-1,173,134,135,-1,129,187,26,-1,173,188,134,-1,189,183,179,-1,190,191,192,-1,193,177,190,-1,191,168,194,-1,175,174,133,-1,195,169,168,-1,139,171,176,-1,151,169,196,-1,197,141,166,-1,146,165,147,-1,198,199,200,-1,201,200,150,-1,162,202,203,-1,203,204,199,-1,144,156,205,-1,206,153,207,-1,208,163,206,-1,92,160,90,-1,153,159,154,-1,89,90,136,-1,160,136,90,-1,131,185,130,-1,188,132,134,-1,181,187,129,-1,111,182,110,-1,182,184,180,-1,209,187,181,-1,185,184,186,-1,132,210,131,-1,180,209,181,-1,186,184,182,-1,184,211,183,-1,212,209,180,-1,185,210,211,-1,210,185,131,-1,183,212,180,-1,185,211,184,-1,211,213,179,-1,189,212,183,-1,210,188,213,-1,188,210,132,-1,211,179,183,-1,210,213,211,-1,213,214,177,-1,189,179,178,-1,173,214,188,-1,133,174,135,-1,213,177,179,-1,188,214,213,-1,214,215,190,-1,178,177,193,-1,174,215,173,-1,140,175,133,-1,214,190,177,-1,173,215,214,-1,215,216,191,-1,193,190,192,-1,175,216,174,-1,139,176,140,-1,215,191,190,-1,174,216,215,-1,216,195,168,-1,192,191,194,-1,176,195,175,-1,138,171,139,-1,216,168,191,-1,175,195,216,-1,195,196,169,-1,194,168,170,-1,171,196,176,-1,142,172,138,-1,169,217,218,-1,176,196,195,-1,149,151,196,-1,170,169,218,-1,172,149,171,-1,141,197,142,-1,151,217,169,-1,171,149,196,-1,149,201,150,-1,219,217,151,-1,172,197,201,-1,197,172,142,-1,150,219,151,-1,172,201,149,-1,201,198,200,-1,220,219,150,-1,166,198,197,-1,145,167,146,-1,200,220,150,-1,197,198,201,-1,198,221,199,-1,222,220,200,-1,165,221,166,-1,145,144,205,-1,199,222,200,-1,166,221,198,-1,221,223,203,-1,204,222,199,-1,167,223,165,-1,144,148,156,-1,221,203,199,-1,165,223,221,-1,223,224,162,-1,204,203,202,-1,167,205,224,-1,205,167,145,-1,223,162,203,-1,167,224,223,-1,224,225,163,-1,202,162,164,-1,156,225,205,-1,143,155,148,-1,224,163,162,-1,205,225,224,-1,225,226,206,-1,164,163,208,-1,155,226,156,-1,91,4,154,-1,225,206,163,-1,156,226,225,-1,226,159,153,-1,208,206,207,-1,143,158,155,-1,137,136,160,-1,226,153,206,-1,155,159,226,-1,161,154,159,-1,207,153,152,-1,137,160,158,-1,158,161,159,-1,92,91,161,-1,160,92,161,-1,91,154,161,-1,152,154,157,-1,217,227,228,-1,25,26,229,-1,230,219,220,-1,219,230,227,-1,222,231,232,-1,232,220,222,-1,231,204,233,-1,232,230,220,-1,204,231,222,-1,204,202,233,-1,234,202,164,-1,233,202,234,-1,235,207,152,-1,234,164,236,-1,237,207,235,-1,208,237,236,-1,164,208,236,-1,208,207,237,-1,152,238,235,-1,152,157,238,-1,157,3,238,-1,219,227,217,-1,3,157,4,-1,218,217,228,-1,170,218,239,-1,228,239,218,-1,240,194,170,-1,170,239,240,-1,194,241,192,-1,241,194,240,-1,193,192,242,-1,241,242,192,-1,243,178,193,-1,193,242,243,-1,178,244,189,-1,244,178,243,-1,212,189,245,-1,244,245,189,-1,246,209,212,-1,212,245,246,-1,209,247,187,-1,247,209,246,-1,26,187,229,-1,247,229,187,-1,
        ]
    }
}